file,ok,n_failed,elapsed_sec,first_error,pr_number
AIMdyn-SlidingKoopman/2023-01-21-AIMdyn-SlidingKoopman.parquet,TRUE,0,4.137794256210327,NA,
BPagano-RtDriven/2022-06-12-BPagano-RtDriven.parquet,TRUE,0,49.005897998809814,NA,
CEPH-Rtrend_covid/2023-10-16-CEPH-Rtrend_covid.parquet,TRUE,0,14.247483491897585,NA,
CMU-TimeSeries/2024-01-22-CMU-TimeSeries.parquet,TRUE,0,17.890718698501587,NA,
CovidAnalytics-DELPHI/2021-09-27-CovidAnalytics-DELPHI.parquet,TRUE,0,18.627249002456665,NA,
COVIDhub_CDC-ensemble/2023-05-22-COVIDhub_CDC-ensemble.parquet,TRUE,0,20.592875242233276,NA,
COVIDhub-4_week_ensemble/2023-03-20-COVIDhub-4_week_ensemble.parquet,TRUE,0,20.66955828666687,NA,
COVIDhub-baseline/2022-12-26-COVIDhub-baseline.parquet,TRUE,0,703.2109537124634,NA,
COVIDhub-ensemble/2022-10-10-COVIDhub-ensemble.parquet,TRUE,0,101.89696955680849,NA,
COVIDhub-trained_ensemble/2023-07-17-COVIDhub-trained_ensemble.parquet,TRUE,0,20.62258243560791,NA,
CU-nochange/2022-12-25-CU-nochange.parquet,TRUE,0,525.1366591453552,NA,
CU-scenario_low/2021-08-08-CU-scenario_low.parquet,TRUE,0,532.5801782608032,NA,
CU-scenario_mid/2022-02-20-CU-scenario_mid.parquet,TRUE,0,537.5949113368988,NA,
CU-select/2022-08-28-CU-select.parquet,TRUE,0,514.8468470573425,NA,
DDS-NBDS/2020-10-05-DDS-NBDS.parquet,TRUE,0,13.038079738616943,NA,
FAIR-NRAR/2021-01-13-FAIR-NRAR.parquet,TRUE,0,344.32669830322266,NA,
FAIR-NRAR/2021-10-01-FAIR-NRAR.parquet,TRUE,0,324.2766945362091,NA,
Geneva-DetGrowth/2020-10-25-Geneva-DetGrowth.parquet,TRUE,0,3.042781114578247,NA,
GT-DeepCOVID/2021-06-14-GT-DeepCOVID.parquet,TRUE,0,38.72883629798889,NA,
IBF-TimeSeries/2020-11-30-IBF-TimeSeries.parquet,TRUE,0,2.3817553520202637,NA,
Imperial-ensemble1/2020-06-14-Imperial-ensemble1.parquet,TRUE,0,2.1012232303619385,NA,
JHU_CSSE-DECOM/2021-11-14-JHU_CSSE-DECOM.parquet,TRUE,0,14.123690605163574,NA,
JHU_UNC_GAS-StatMechPool/2021-03-28-JHU_UNC_GAS-StatMechPool.parquet,TRUE,0,157.65875339508057,NA,
JHUAPL-Gecko/2022-05-29-JHUAPL-Gecko.parquet,TRUE,0,48.70063328742981,NA,
Karlen-pypm/2022-03-13-Karlen-pypm.parquet,TRUE,0,49.35329627990723,NA,
LANL-GrowthRate/2020-11-30-LANL-GrowthRate.parquet,TRUE,0,561.2117512226105,NA,
Microsoft-DeepSTIA/2021-06-28-Microsoft-DeepSTIA.parquet,TRUE,0,82.16141080856323,NA,
MIT_ISOLAT-Mixtures/2021-10-18-MIT_ISOLAT-Mixtures.parquet,TRUE,0,9.926509857177734,NA,
MOBS-GLEAM_COVID/2020-08-31-MOBS-GLEAM_COVID.parquet,TRUE,0,7.940249443054199,NA,
MUNI-ARIMA/2021-08-02-MUNI-ARIMA.parquet,TRUE,0,11.485027551651,NA,
OHT_JHU-nbxd/2024-04-22-OHT_JHU-nbxd.parquet,TRUE,0,15.31730580329895,NA,
PSI-DICE/2022-06-13-PSI-DICE.parquet,TRUE,0,38.5449914932251,NA,
PSI-DRAFT/2022-05-09-PSI-DRAFT.parquet,TRUE,0,7.92328691482544,NA,
RobertWalraven-ESG/2021-03-29-RobertWalraven-ESG.parquet,TRUE,0,14.783867120742798,NA,
SGroup-RandomForest/2023-06-11-SGroup-RandomForest.parquet,TRUE,0,20.79030203819275,NA,
STH-3PU/2020-07-25-STH-3PU.parquet,TRUE,0,2.184441089630127,NA,
UA-EpiCovDA/2021-03-21-UA-EpiCovDA.parquet,TRUE,0,8.127317667007446,NA,
UCLA-SuEIR/2021-06-13-UCLA-SuEIR.parquet,TRUE,0,30.787740230560303,NA,
UCSD_NEU-DeepGLEAM/2022-10-03-UCSD_NEU-DeepGLEAM.parquet,TRUE,0,7.837993860244751,NA,
UMass-sarix/2022-07-25-UMass-sarix.parquet,TRUE,0,31.292038679122925,NA,
UMass-trends_ensemble/2024-03-25-UMass-trends_ensemble.parquet,TRUE,0,20.32645893096924,NA,
USC-SI_kJalpha/2021-05-30-USC-SI_kJalpha.parquet,TRUE,0,284.9453032016754,NA,
UT-Osiris/2023-01-30-UT-Osiris.parquet,TRUE,0,32.066667795181274,NA,
Wadhwani_AI-BayesOpt/2020-12-05-Wadhwani_AI-BayesOpt.parquet,TRUE,0,18.746599674224857,NA,
YYG-ParamSearch/2020-09-15-YYG-ParamSearch.parquet,TRUE,0,10.868412494659424,NA,
AIMdyn-SlidingKoopman/2023-01-29-AIMdyn-SlidingKoopman.parquet,TRUE,0,4.167092800140381,NA,
BPagano-RtDriven/2022-06-19-BPagano-RtDriven.parquet,TRUE,0,50.88777756690979,NA,
CEPH-Rtrend_covid/2023-10-23-CEPH-Rtrend_covid.parquet,TRUE,0,15.216322898864746,NA,
CMU-TimeSeries/2024-01-29-CMU-TimeSeries.parquet,TRUE,0,22.64607858657837,NA,
CovidAnalytics-DELPHI/2021-10-04-CovidAnalytics-DELPHI.parquet,TRUE,0,19.521386861801147,NA,
COVIDhub_CDC-ensemble/2023-05-29-COVIDhub_CDC-ensemble.parquet,TRUE,0,22.63709855079651,NA,
COVIDhub-4_week_ensemble/2023-03-27-COVIDhub-4_week_ensemble.parquet,TRUE,0,22.684099197387695,NA,
COVIDhub-baseline/2023-01-02-COVIDhub-baseline.parquet,TRUE,0,722.9678583145142,NA,
COVIDhub-ensemble/2022-10-17-COVIDhub-ensemble.parquet,TRUE,0,107.69107675552368,NA,
COVIDhub-trained_ensemble/2023-07-24-COVIDhub-trained_ensemble.parquet,TRUE,0,21.4058198928833,NA,
CU-nochange/2023-01-01-CU-nochange.parquet,TRUE,0,573.7361302375793,NA,
CU-scenario_low/2021-08-15-CU-scenario_low.parquet,TRUE,0,544.279388666153,NA,
CU-scenario_mid/2022-02-27-CU-scenario_mid.parquet,TRUE,0,545.5307846069336,NA,
CU-select/2022-09-04-CU-select.parquet,TRUE,0,535.8023431301117,NA,
DDS-NBDS/2020-10-11-DDS-NBDS.parquet,TRUE,0,13.296786069869995,NA,
FAIR-NRAR/2021-01-15-FAIR-NRAR.parquet,TRUE,0,338.51336574554443,NA,
FAIR-NRAR/2021-10-02-FAIR-NRAR.parquet,TRUE,0,338.23947167396545,NA,
Geneva-DetGrowth/2020-11-01-Geneva-DetGrowth.parquet,TRUE,0,3.4064292907714844,NA,
GT-DeepCOVID/2021-06-21-GT-DeepCOVID.parquet,TRUE,0,41.86420130729675,NA,
IBF-TimeSeries/2020-12-07-IBF-TimeSeries.parquet,TRUE,0,2.435589075088501,NA,
Imperial-ensemble1/2020-06-21-Imperial-ensemble1.parquet,TRUE,0,2.202259063720703,NA,
JHU_CSSE-DECOM/2021-11-28-JHU_CSSE-DECOM.parquet,TRUE,0,14.636584758758543,NA,
JHU_UNC_GAS-StatMechPool/2021-04-04-JHU_UNC_GAS-StatMechPool.parquet,TRUE,0,159.81980323791504,NA,
JHUAPL-Gecko/2022-06-06-JHUAPL-Gecko.parquet,TRUE,0,47.12693405151367,NA,
Karlen-pypm/2022-03-20-Karlen-pypm.parquet,TRUE,0,47.958186626434326,NA,
LANL-GrowthRate/2020-12-03-LANL-GrowthRate.parquet,TRUE,0,317.00425696372986,NA,
Microsoft-DeepSTIA/2021-07-05-Microsoft-DeepSTIA.parquet,TRUE,0,84.0648455619812,NA,
MIT_ISOLAT-Mixtures/2021-10-25-MIT_ISOLAT-Mixtures.parquet,TRUE,0,10.267526149749756,NA,
MOBS-GLEAM_COVID/2020-09-07-MOBS-GLEAM_COVID.parquet,TRUE,0,8.024105548858643,NA,
MUNI-ARIMA/2021-08-09-MUNI-ARIMA.parquet,TRUE,0,11.001287460327148,NA,
OHT_JHU-nbxd/2024-04-29-OHT_JHU-nbxd.parquet,TRUE,0,15.23462700843811,NA,3
PSI-DICE/2022-06-20-PSI-DICE.parquet,TRUE,0,39.14778685569763,NA,
PSI-DRAFT/2022-05-16-PSI-DRAFT.parquet,TRUE,0,7.904546022415161,NA,
RobertWalraven-ESG/2021-04-05-RobertWalraven-ESG.parquet,TRUE,0,14.419572830200195,NA,
SGroup-RandomForest/2023-06-26-SGroup-RandomForest.parquet,TRUE,0,18.488218069076535,NA,
STH-3PU/2020-08-01-STH-3PU.parquet,TRUE,0,2.8402633666992188,NA,
UA-EpiCovDA/2021-03-28-UA-EpiCovDA.parquet,TRUE,0,8.41112732887268,NA,
UCLA-SuEIR/2021-06-20-UCLA-SuEIR.parquet,TRUE,0,32.200908184051514,NA,
UCSD_NEU-DeepGLEAM/2022-10-10-UCSD_NEU-DeepGLEAM.parquet,TRUE,0,8.218528270721436,NA,
UMass-sarix/2022-08-01-UMass-sarix.parquet,TRUE,0,31.91905975341797,NA,
UMass-trends_ensemble/2024-04-01-UMass-trends_ensemble.parquet,TRUE,0,21.57407832145691,NA,
USC-SI_kJalpha/2021-06-06-USC-SI_kJalpha.parquet,TRUE,0,293.24802350997925,NA,
UT-Osiris/2023-02-06-UT-Osiris.parquet,TRUE,0,31.280361652374268,NA,
Wadhwani_AI-BayesOpt/2020-12-06-Wadhwani_AI-BayesOpt.parquet,TRUE,0,18.836436986923218,NA,
YYG-ParamSearch/2020-09-16-YYG-ParamSearch.parquet,TRUE,0,10.894381523132324,NA,
AIMdyn-SlidingKoopman/2023-02-05-AIMdyn-SlidingKoopman.parquet,TRUE,0,4.997187376022339,NA,
BPagano-RtDriven/2022-06-26-BPagano-RtDriven.parquet,TRUE,0,61.69151782989502,NA,
CEPH-Rtrend_covid/2023-10-30-CEPH-Rtrend_covid.parquet,TRUE,0,17.873660564422607,NA,
CMU-TimeSeries/2024-02-05-CMU-TimeSeries.parquet,TRUE,0,25.45122027397156,NA,
CovidAnalytics-DELPHI/2021-10-11-CovidAnalytics-DELPHI.parquet,TRUE,0,23.569221019744873,NA,
COVIDhub_CDC-ensemble/2023-06-05-COVIDhub_CDC-ensemble.parquet,TRUE,0,26.28918695449829,NA,
COVIDhub-4_week_ensemble/2023-04-03-COVIDhub-4_week_ensemble.parquet,TRUE,0,26.122784852981567,NA,
COVIDhub-baseline/2023-01-09-COVIDhub-baseline.parquet,TRUE,0,878.330317735672,NA,
COVIDhub-ensemble/2022-10-24-COVIDhub-ensemble.parquet,TRUE,0,131.91230630874634,NA,
COVIDhub-trained_ensemble/2023-07-31-COVIDhub-trained_ensemble.parquet,TRUE,0,25.63490891456604,NA,
CU-nochange/2023-01-08-CU-nochange.parquet,TRUE,0,662.7213108539581,NA,
CU-scenario_low/2021-08-22-CU-scenario_low.parquet,TRUE,0,660.7328562736511,NA,
CU-scenario_mid/2022-03-06-CU-scenario_mid.parquet,TRUE,0,666.8017797470093,NA,
CU-select/2022-09-11-CU-select.parquet,TRUE,0,657.47314453125,NA,
DDS-NBDS/2020-10-12-DDS-NBDS.parquet,TRUE,0,16.472512006759644,NA,
FAIR-NRAR/2021-01-16-FAIR-NRAR.parquet,TRUE,0,398.32272386550903,NA,
FAIR-NRAR/2021-10-03-FAIR-NRAR.parquet,TRUE,0,411.5301687717438,NA,
Geneva-DetGrowth/2020-11-08-Geneva-DetGrowth.parquet,TRUE,0,4.047124862670898,NA,
GT-DeepCOVID/2021-06-28-GT-DeepCOVID.parquet,TRUE,0,51.262036085128784,NA,
IBF-TimeSeries/2020-12-14-IBF-TimeSeries.parquet,TRUE,0,3.178502082824707,NA,
Imperial-ensemble1/2020-06-28-Imperial-ensemble1.parquet,TRUE,0,2.7189674377441406,NA,
JHU_CSSE-DECOM/2021-12-05-JHU_CSSE-DECOM.parquet,TRUE,0,17.524219036102295,NA,
JHU_UNC_GAS-StatMechPool/2021-04-11-JHU_UNC_GAS-StatMechPool.parquet,TRUE,0,198.36666560173035,NA,
JHUAPL-Gecko/2022-06-13-JHUAPL-Gecko.parquet,TRUE,0,62.01337552070618,NA,
Karlen-pypm/2022-03-27-Karlen-pypm.parquet,TRUE,0,60.862895011901855,NA,
LANL-GrowthRate/2020-12-07-LANL-GrowthRate.parquet,TRUE,0,698.6683571338654,NA,
Microsoft-DeepSTIA/2021-07-12-Microsoft-DeepSTIA.parquet,TRUE,0,101.46053194999696,NA,
MIT_ISOLAT-Mixtures/2021-11-01-MIT_ISOLAT-Mixtures.parquet,TRUE,0,12.083026647567747,NA,
MOBS-GLEAM_COVID/2020-09-14-MOBS-GLEAM_COVID.parquet,TRUE,0,10.415281772613524,NA,
MUNI-ARIMA/2021-08-16-MUNI-ARIMA.parquet,TRUE,0,14.083038806915283,NA,
OHT-nbx/2023-12-18-OHT-nbx.parquet,TRUE,0,12.35002589225769,NA,
PSI-DICE/2022-06-27-PSI-DICE.parquet,TRUE,0,49.21172642707825,NA,
PSI-DRAFT/2022-05-23-PSI-DRAFT.parquet,TRUE,0,9.528517246246338,NA,
RobertWalraven-ESG/2021-04-12-RobertWalraven-ESG.parquet,TRUE,0,18.366739749908447,NA,
SGroup-RandomForest/2023-07-03-SGroup-RandomForest.parquet,TRUE,0,22.37264394760132,NA,
STH-3PU/2020-08-09-STH-3PU.parquet,TRUE,0,3.519563913345337,NA,
UA-EpiCovDA/2021-04-04-UA-EpiCovDA.parquet,TRUE,0,10.437106609344482,NA,
UCLA-SuEIR/2021-07-04-UCLA-SuEIR.parquet,TRUE,0,37.716079235076904,NA,
UCSD_NEU-DeepGLEAM/2022-10-17-UCSD_NEU-DeepGLEAM.parquet,TRUE,0,10.022177457809448,NA,
UMass-sarix/2022-08-08-UMass-sarix.parquet,TRUE,0,41.243202447891235,NA,
UMass-trends_ensemble/2024-04-08-UMass-trends_ensemble.parquet,TRUE,0,26.443334102630615,NA,
USC-SI_kJalpha/2021-06-13-USC-SI_kJalpha.parquet,TRUE,0,357.8096354007721,NA,
UT-Osiris/2023-02-13-UT-Osiris.parquet,TRUE,0,40.40287137031555,NA,
Wadhwani_AI-BayesOpt/2020-12-14-Wadhwani_AI-BayesOpt.parquet,TRUE,0,20.656197786331177,NA,
YYG-ParamSearch/2020-09-17-YYG-ParamSearch.parquet,TRUE,0,13.346295595169067,NA,
AIMdyn-SlidingKoopman/2023-02-12-AIMdyn-SlidingKoopman.parquet,TRUE,0,5.044880628585815,NA,
BPagano-RtDriven/2022-07-03-BPagano-RtDriven.parquet,TRUE,0,67.50095534324646,NA,
CEPH-Rtrend_covid/2023-11-06-CEPH-Rtrend_covid.parquet,TRUE,0,19.11953639984131,NA,
CMU-TimeSeries/2024-02-12-CMU-TimeSeries.parquet,TRUE,0,26.958505630493164,NA,
CovidAnalytics-DELPHI/2021-10-18-CovidAnalytics-DELPHI.parquet,TRUE,0,25.23342752456665,NA,
COVIDhub_CDC-ensemble/2023-06-12-COVIDhub_CDC-ensemble.parquet,TRUE,0,27.31572127342224,NA,
COVIDhub-4_week_ensemble/2023-04-10-COVIDhub-4_week_ensemble.parquet,TRUE,0,27.54963541030884,NA,
COVIDhub-baseline/2023-01-16-COVIDhub-baseline.parquet,TRUE,0,958.5315186977386,NA,
COVIDhub-ensemble/2022-10-31-COVIDhub-ensemble.parquet,TRUE,0,146.78774857521057,NA,
COVIDhub-trained_ensemble/2023-08-07-COVIDhub-trained_ensemble.parquet,TRUE,0,27.8095760345459,NA,
CU-nochange/2023-01-15-CU-nochange.parquet,TRUE,0,758.4246046543121,NA,
CU-scenario_low/2021-08-29-CU-scenario_low.parquet,TRUE,0,722.7783772945404,NA,
CU-scenario_mid/2022-03-13-CU-scenario_mid.parquet,TRUE,0,735.5226783752441,NA,
CU-select/2022-09-18-CU-select.parquet,TRUE,0,730.2226986885071,NA,
DDS-NBDS/2020-10-19-DDS-NBDS.parquet,TRUE,0,17.67281150817871,NA,
FAIR-NRAR/2021-01-17-FAIR-NRAR.parquet,TRUE,0,443.7429928779602,NA,
FAIR-NRAR/2021-10-04-FAIR-NRAR.parquet,TRUE,0,467.55024671554565,NA,
Geneva-DetGrowth/2020-11-15-Geneva-DetGrowth.parquet,TRUE,0,4.359536170959473,NA,
GT-DeepCOVID/2021-07-05-GT-DeepCOVID.parquet,TRUE,0,58.783671617507935,NA,
IBF-TimeSeries/2020-12-21-IBF-TimeSeries.parquet,TRUE,0,3.3503212928771973,NA,
Imperial-ensemble2/2020-03-15-Imperial-ensemble2.parquet,TRUE,0,2.869776964187622,NA,
JHU_CSSE-DECOM/2021-12-12-JHU_CSSE-DECOM.parquet,TRUE,0,19.17220997810364,NA,
JHU_UNC_GAS-StatMechPool/2021-04-18-JHU_UNC_GAS-StatMechPool.parquet,TRUE,0,225.4464817047119,NA,
JHUAPL-Gecko/2022-06-20-JHUAPL-Gecko.parquet,TRUE,0,66.72620487213135,NA,
Karlen-pypm/2022-04-03-Karlen-pypm.parquet,TRUE,0,65.68500685691833,NA,
LANL-GrowthRate/2020-12-10-LANL-GrowthRate.parquet,TRUE,0,796.441409111023,NA,
Microsoft-DeepSTIA/2021-07-19-Microsoft-DeepSTIA.parquet,TRUE,0,109.7290496826172,NA,
MIT_ISOLAT-Mixtures/2021-11-08-MIT_ISOLAT-Mixtures.parquet,TRUE,0,13.740214586257936,NA,
MOBS-GLEAM_COVID/2020-09-21-MOBS-GLEAM_COVID.parquet,TRUE,0,10.988975763320925,NA,
MUNI-ARIMA/2021-08-23-MUNI-ARIMA.parquet,TRUE,0,15.621230840682983,NA,
OHT-nbx/2024-01-01-OHT-nbx.parquet,TRUE,0,11.188714265823364,NA,
PSI-DICE/2022-07-04-PSI-DICE.parquet,TRUE,0,54.2647500038147,NA,
PSI-DRAFT/2022-05-30-PSI-DRAFT.parquet,TRUE,0,10.098891019821169,NA,
RobertWalraven-ESG/2021-04-19-RobertWalraven-ESG.parquet,TRUE,0,19.406818628311157,NA,
SGroup-RandomForest/2023-07-10-SGroup-RandomForest.parquet,TRUE,0,24.11697483062744,NA,
STH-3PU/2020-08-15-STH-3PU.parquet,TRUE,0,3.5775845050811768,NA,
UA-EpiCovDA/2021-04-11-UA-EpiCovDA.parquet,TRUE,0,10.859737157821655,NA,
UCLA-SuEIR/2021-07-11-UCLA-SuEIR.parquet,TRUE,0,41.78343033790589,NA,
UCSD_NEU-DeepGLEAM/2022-10-24-UCSD_NEU-DeepGLEAM.parquet,TRUE,0,10.865309238433838,NA,
UMass-sarix/2022-08-15-UMass-sarix.parquet,TRUE,0,44.245179653167725,NA,
UMass-trends_ensemble/2024-04-15-UMass-trends_ensemble.parquet,TRUE,0,28.07102751731873,NA,
USC-SI_kJalpha/2021-06-20-USC-SI_kJalpha.parquet,TRUE,0,393.56637930870056,NA,
UT-Osiris/2023-02-20-UT-Osiris.parquet,TRUE,0,44.51299166679382,NA,
Wadhwani_AI-BayesOpt/2020-12-21-Wadhwani_AI-BayesOpt.parquet,TRUE,0,22.37353777885437,NA,
YYG-ParamSearch/2020-09-18-YYG-ParamSearch.parquet,TRUE,0,14.253276586532593,NA,
AIMdyn-SlidingKoopman/2023-02-19-AIMdyn-SlidingKoopman.parquet,TRUE,0,4.847459077835083,NA,
BPagano-RtDriven/2022-07-10-BPagano-RtDriven.parquet,TRUE,0,68.47246432304382,NA,
CEPH-Rtrend_covid/2023-11-13-CEPH-Rtrend_covid.parquet,TRUE,0,19.743817567825317,NA,
CMU-TimeSeries/2024-02-19-CMU-TimeSeries.parquet,TRUE,0,28.913371562957764,NA,
CovidAnalytics-DELPHI/2021-10-25-CovidAnalytics-DELPHI.parquet,TRUE,0,26.12731409072876,NA,
COVIDhub_CDC-ensemble/2023-06-26-COVIDhub_CDC-ensemble.parquet,TRUE,0,28.99203372001648,NA,
COVIDhub-4_week_ensemble/2023-04-17-COVIDhub-4_week_ensemble.parquet,TRUE,0,28.815762042999268,NA,
COVIDhub-baseline/2023-01-23-COVIDhub-baseline.parquet,TRUE,0,984.5721442699432,NA,
COVIDhub-ensemble/2022-11-07-COVIDhub-ensemble.parquet,TRUE,0,146.13352179527283,NA,
COVIDhub-trained_ensemble/2023-08-14-COVIDhub-trained_ensemble.parquet,TRUE,0,28.992763996124268,NA,
CU-nochange/2023-01-22-CU-nochange.parquet,TRUE,0,778.493842124939,NA,
CU-scenario_low/2021-09-05-CU-scenario_low.parquet,TRUE,0,773.116069316864,NA,
CU-scenario_mid/2022-03-20-CU-scenario_mid.parquet,TRUE,0,782.9949402809143,NA,
CU-select/2022-09-25-CU-select.parquet,TRUE,0,789.2477917671204,NA,
DDS-NBDS/2020-10-26-DDS-NBDS.parquet,TRUE,0,19.294353008270264,NA,
FAIR-NRAR/2021-01-18-FAIR-NRAR.parquet,TRUE,0,469.53205490112305,NA,
FAIR-NRAR/2021-10-05-FAIR-NRAR.parquet,TRUE,0,465.85573625564575,NA,
Geneva-DetGrowth/2020-11-22-Geneva-DetGrowth.parquet,TRUE,0,4.509768962860107,NA,
GT-DeepCOVID/2021-07-12-GT-DeepCOVID.parquet,TRUE,0,58.90737509727478,NA,
IBF-TimeSeries/2020-12-28-IBF-TimeSeries.parquet,TRUE,0,3.523175001144409,NA,
Imperial-ensemble2/2020-03-22-Imperial-ensemble2.parquet,TRUE,0,3.3098065853118896,NA,
JHU_CSSE-DECOM/2021-12-19-JHU_CSSE-DECOM.parquet,TRUE,0,20.689977169036865,NA,
JHU_UNC_GAS-StatMechPool/2021-04-25-JHU_UNC_GAS-StatMechPool.parquet,TRUE,0,235.08108401298523,NA,
JHUAPL-Gecko/2022-06-27-JHUAPL-Gecko.parquet,TRUE,0,67.35185861587524,NA,
Karlen-pypm/2022-04-10-Karlen-pypm.parquet,TRUE,0,66.71793675422668,NA,
LANL-GrowthRate/2020-12-14-LANL-GrowthRate.parquet,TRUE,0,816.0370733737946,NA,
Microsoft-DeepSTIA/2021-07-26-Microsoft-DeepSTIA.parquet,TRUE,0,118.55972242355348,NA,
MIT_ISOLAT-Mixtures/2021-11-22-MIT_ISOLAT-Mixtures.parquet,TRUE,0,12.575109243392944,NA,
MOBS-GLEAM_COVID/2020-09-28-MOBS-GLEAM_COVID.parquet,TRUE,0,11.867213249206545,NA,
MUNI-ARIMA/2021-08-30-MUNI-ARIMA.parquet,TRUE,0,13.920973300933838,NA,
OHT-nbx/2024-01-08-OHT-nbx.parquet,TRUE,0,12.353164672851562,NA,
PSI-DICE/2022-07-11-PSI-DICE.parquet,TRUE,0,56.80067753791809,NA,
PSI-DRAFT/2022-06-06-PSI-DRAFT.parquet,TRUE,0,11.049457311630247,NA,
RobertWalraven-ESG/2021-04-26-RobertWalraven-ESG.parquet,TRUE,0,19.935534954071045,NA,
SGroup-RandomForest/2023-07-17-SGroup-RandomForest.parquet,TRUE,0,25.33559226989746,NA,
STH-3PU/2020-08-16-STH-3PU.parquet,TRUE,0,4.018245220184326,NA,
UA-EpiCovDA/2021-04-18-UA-EpiCovDA.parquet,TRUE,0,11.715837717056274,NA,
UCLA-SuEIR/2021-07-25-UCLA-SuEIR.parquet,TRUE,0,43.79353070259094,NA,
UCSD_NEU-DeepGLEAM/2022-10-31-UCSD_NEU-DeepGLEAM.parquet,TRUE,0,11.318591594696043,NA,
UMass-sarix/2022-08-29-UMass-sarix.parquet,TRUE,0,46.406479835510254,NA,
UMass-trends_ensemble/2024-04-22-UMass-trends_ensemble.parquet,TRUE,0,29.427345752716064,NA,
USC-SI_kJalpha/2021-06-27-USC-SI_kJalpha.parquet,TRUE,0,396.7710587978363,NA,
UT-Osiris/2023-02-27-UT-Osiris.parquet,TRUE,0,44.16750645637512,NA,
Wadhwani_AI-BayesOpt/2021-01-04-Wadhwani_AI-BayesOpt.parquet,TRUE,0,21.076809883117676,NA,
YYG-ParamSearch/2020-09-19-YYG-ParamSearch.parquet,TRUE,0,14.215489864349363,NA,
AIMdyn-SlidingKoopman/2023-02-26-AIMdyn-SlidingKoopman.parquet,TRUE,0,4.835900783538818,NA,
BPagano-RtDriven/2022-07-17-BPagano-RtDriven.parquet,TRUE,0,68.17149782180786,NA,
CEPH-Rtrend_covid/2023-11-20-CEPH-Rtrend_covid.parquet,TRUE,0,19.548604011535645,NA,
CMU-TimeSeries/2024-02-26-CMU-TimeSeries.parquet,TRUE,0,28.68918228149414,NA,
CovidAnalytics-DELPHI/2021-11-01-CovidAnalytics-DELPHI.parquet,TRUE,0,25.1067955493927,NA,
COVIDhub_CDC-ensemble/2023-07-03-COVIDhub_CDC-ensemble.parquet,TRUE,0,29.547433614730835,NA,
COVIDhub-4_week_ensemble/2023-04-24-COVIDhub-4_week_ensemble.parquet,TRUE,0,29.32317852973938,NA,
COVIDhub-baseline/2023-01-30-COVIDhub-baseline.parquet,TRUE,0,993.8833620548248,NA,
COVIDhub-ensemble/2022-11-14-COVIDhub-ensemble.parquet,TRUE,0,145.61016154289246,NA,
COVIDhub-trained_ensemble/2023-08-21-COVIDhub-trained_ensemble.parquet,TRUE,0,27.980087518692017,NA,
CU-nochange/2023-01-29-CU-nochange.parquet,TRUE,0,759.7204313278198,NA,
CU-scenario_low/2021-09-12-CU-scenario_low.parquet,TRUE,0,753.9246714115143,NA,
CU-scenario_mid/2022-03-27-CU-scenario_mid.parquet,TRUE,0,737.9509642124176,NA,
CU-select/2022-10-02-CU-select.parquet,TRUE,0,739.9079391956329,NA,
DDS-NBDS/2020-11-02-DDS-NBDS.parquet,TRUE,0,18.15743398666382,NA,
FAIR-NRAR/2021-01-19-FAIR-NRAR.parquet,TRUE,0,465.13853573799133,NA,
FAIR-NRAR/2021-10-06-FAIR-NRAR.parquet,TRUE,0,464.8915774822235,NA,
Geneva-DetGrowth/2020-11-29-Geneva-DetGrowth.parquet,TRUE,0,4.513208389282227,NA,
GT-DeepCOVID/2021-07-19-GT-DeepCOVID.parquet,TRUE,0,57.01574969291687,NA,
IBF-TimeSeries/2021-01-04-IBF-TimeSeries.parquet,TRUE,0,3.2899725437164307,NA,
Imperial-ensemble2/2020-03-29-Imperial-ensemble2.parquet,TRUE,0,3.1680727005004883,NA,
JHU_CSSE-DECOM/2021-12-26-JHU_CSSE-DECOM.parquet,TRUE,0,19.500287771224976,NA,
JHU_UNC_GAS-StatMechPool/2021-05-02-JHU_UNC_GAS-StatMechPool.parquet,TRUE,0,223.85604333877563,NA,
JHUAPL-Gecko/2022-07-03-JHUAPL-Gecko.parquet,TRUE,0,73.01370620727539,NA,
Karlen-pypm/2022-04-17-Karlen-pypm.parquet,TRUE,0,65.19873929023743,NA,
LANL-GrowthRate/2020-12-17-LANL-GrowthRate.parquet,TRUE,0,803.5062980651855,NA,
Microsoft-DeepSTIA/2021-08-02-Microsoft-DeepSTIA.parquet,TRUE,0,114.92876076698305,NA,
MIT_ISOLAT-Mixtures/2021-11-29-MIT_ISOLAT-Mixtures.parquet,TRUE,0,13.00630784034729,NA,
MOBS-GLEAM_COVID/2020-10-05-MOBS-GLEAM_COVID.parquet,TRUE,0,11.350199222564695,NA,
MUNI-ARIMA/2021-09-06-MUNI-ARIMA.parquet,TRUE,0,14.00909948348999,NA,
OHT-nbx/2024-01-15-OHT-nbx.parquet,TRUE,0,13.926016092300417,NA,
PSI-DICE/2022-07-18-PSI-DICE.parquet,TRUE,0,54.00011467933655,NA,
PSI-DRAFT/2022-06-13-PSI-DRAFT.parquet,TRUE,0,10.910605907440186,NA,
RobertWalraven-ESG/2021-05-03-RobertWalraven-ESG.parquet,TRUE,0,20.027693510055546,NA,
SGroup-RandomForest/2023-07-24-SGroup-RandomForest.parquet,TRUE,0,25.345834732055664,NA,
STH-3PU/2020-08-22-STH-3PU.parquet,TRUE,0,3.816401481628418,NA,
UA-EpiCovDA/2021-04-25-UA-EpiCovDA.parquet,TRUE,0,11.780675172805786,NA,
UCLA-SuEIR/2021-08-01-UCLA-SuEIR.parquet,TRUE,0,42.84589195251465,NA,
UCSD_NEU-DeepGLEAM/2022-11-07-UCSD_NEU-DeepGLEAM.parquet,TRUE,0,11.518213748931885,NA,
UMass-sarix/2022-09-05-UMass-sarix.parquet,TRUE,0,41.49786925315857,NA,
UMass-trends_ensemble/2024-04-29-UMass-trends_ensemble.parquet,TRUE,0,28.477774381637573,NA,
USC-SI_kJalpha/2021-07-04-USC-SI_kJalpha.parquet,TRUE,0,401.876727104187,NA,
UT-Osiris/2023-03-06-UT-Osiris.parquet,TRUE,0,20.400394439697266,NA,
WalmartLabsML-LogForecasting/2020-08-23-WalmartLabsML-LogForecasting.parquet,TRUE,0,5.183902263641357,NA,
YYG-ParamSearch/2020-09-20-YYG-ParamSearch.parquet,TRUE,0,15.56861448287964,NA,
AIpert-pwllnod/2020-12-21-AIpert-pwllnod.parquet,TRUE,0,9.879919290542604,NA,
BPagano-RtDriven/2022-07-24-BPagano-RtDriven.parquet,TRUE,0,70.7029275894165,NA,
CEPH-Rtrend_covid/2023-11-27-CEPH-Rtrend_covid.parquet,TRUE,0,19.941734313964844,NA,
CMU-TimeSeries/2024-03-04-CMU-TimeSeries.parquet,TRUE,0,28.953898906707764,NA,
CovidAnalytics-DELPHI/2021-11-08-CovidAnalytics-DELPHI.parquet,TRUE,0,26.633537530899048,NA,
COVIDhub_CDC-ensemble/2023-07-10-COVIDhub_CDC-ensemble.parquet,TRUE,0,29.095903158187863,NA,
COVIDhub-4_week_ensemble/2023-05-01-COVIDhub-4_week_ensemble.parquet,TRUE,0,29.01671051979065,NA,
COVIDhub-baseline/2023-02-06-COVIDhub-baseline.parquet,TRUE,0,985.5395345687866,NA,
COVIDhub-ensemble/2022-11-21-COVIDhub-ensemble.parquet,TRUE,0,144.51392531394958,NA,
COVIDhub-trained_ensemble/2023-08-28-COVIDhub-trained_ensemble.parquet,TRUE,0,28.38501787185669,NA,
CU-nochange/2023-02-05-CU-nochange.parquet,TRUE,0,743.1950664520264,NA,
CU-scenario_low/2021-09-19-CU-scenario_low.parquet,TRUE,0,753.7416155338287,NA,
CU-scenario_mid/2022-04-10-CU-scenario_mid.parquet,TRUE,0,748.1656494140625,NA,
CU-select/2022-10-09-CU-select.parquet,TRUE,0,749.702531337738,NA,
DDS-NBDS/2020-11-09-DDS-NBDS.parquet,TRUE,0,18.28939986228943,NA,
FAIR-NRAR/2021-01-21-FAIR-NRAR.parquet,TRUE,0,449.014488697052,NA,
FAIR-NRAR/2021-10-07-FAIR-NRAR.parquet,TRUE,0,474.4142642021179,NA,
Geneva-DetGrowth/2020-12-06-Geneva-DetGrowth.parquet,TRUE,0,4.538987636566162,NA,
GT-DeepCOVID/2021-07-26-GT-DeepCOVID.parquet,TRUE,0,55.69560956954956,NA,
IBF-TimeSeries/2021-01-11-IBF-TimeSeries.parquet,TRUE,0,3.3428032398223877,NA,
Imperial-ensemble2/2020-04-05-Imperial-ensemble2.parquet,TRUE,0,3.046602249145508,NA,
JHU_CSSE-DECOM/2022-01-02-JHU_CSSE-DECOM.parquet,TRUE,0,13.563382387161257,NA,
JHU_UNC_GAS-StatMechPool/2021-05-09-JHU_UNC_GAS-StatMechPool.parquet,TRUE,0,449.121613740921,NA,
JHUAPL-Gecko/2022-07-10-JHUAPL-Gecko.parquet,TRUE,0,67.13802361488342,NA,
Karlen-pypm/2022-04-24-Karlen-pypm.parquet,TRUE,0,65.92462348937988,NA,
LANL-GrowthRate/2020-12-21-LANL-GrowthRate.parquet,TRUE,0,766.7614452838898,NA,
Microsoft-DeepSTIA/2021-08-09-Microsoft-DeepSTIA.parquet,TRUE,0,118.52539539337158,NA,
MIT_ISOLAT-Mixtures/2021-12-06-MIT_ISOLAT-Mixtures.parquet,TRUE,0,11.8508722782135,NA,
MOBS-GLEAM_COVID/2020-10-12-MOBS-GLEAM_COVID.parquet,TRUE,0,11.644658088684082,NA,
MUNI-ARIMA/2021-09-13-MUNI-ARIMA.parquet,TRUE,0,15.35989761352539,NA,
OliverWyman-Navigator/2020-06-07-OliverWyman-Navigator.parquet,TRUE,0,8.833359956741333,NA,
PSI-DICE/2022-07-25-PSI-DICE.parquet,TRUE,0,55.822025537490845,NA,
PSI-DRAFT/2022-06-20-PSI-DRAFT.parquet,TRUE,0,11.226579427719116,NA,
RobertWalraven-ESG/2021-05-10-RobertWalraven-ESG.parquet,TRUE,0,19.974119663238525,NA,
SGroup-RandomForest/2023-07-31-SGroup-RandomForest.parquet,TRUE,0,25.882381916046143,NA,
STH-3PU/2020-08-23-STH-3PU.parquet,TRUE,0,3.864737272262573,NA,
UA-EpiCovDA/2021-05-02-UA-EpiCovDA.parquet,TRUE,0,11.741167306900024,NA,
UCLA-SuEIR/2021-09-05-UCLA-SuEIR.parquet,TRUE,0,42.795512437820435,NA,
UCSD_NEU-DeepGLEAM/2022-11-14-UCSD_NEU-DeepGLEAM.parquet,TRUE,0,11.621145248413086,NA,
UMass-sarix/2022-09-12-UMass-sarix.parquet,TRUE,0,41.312650203704834,NA,
UMich-RidgeTfReg/2020-07-06-UMich-RidgeTfReg.parquet,TRUE,0,3.262880802154541,NA,
USC-SI_kJalpha/2021-07-11-USC-SI_kJalpha.parquet,TRUE,0,394.59606170654297,NA,
UT-Osiris/2023-03-13-UT-Osiris.parquet,TRUE,0,18.66369247436523,NA,
WalmartLabsML-LogForecasting/2020-08-30-WalmartLabsML-LogForecasting.parquet,TRUE,0,5.160888910293579,NA,
YYG-ParamSearch/2020-09-21-YYG-ParamSearch.parquet,TRUE,0,14.379492282867432,NA,
AIpert-pwllnod/2020-12-28-AIpert-pwllnod.parquet,TRUE,0,10.076212882995604,NA,
BPagano-RtDriven/2022-07-31-BPagano-RtDriven.parquet,TRUE,0,71.43094801902771,NA,
CEPH-Rtrend_covid/2023-12-04-CEPH-Rtrend_covid.parquet,TRUE,0,19.959049940109253,NA,
CMU-TimeSeries/2024-03-11-CMU-TimeSeries.parquet,TRUE,0,30.08769583702087,NA,
CovidAnalytics-DELPHI/2021-11-15-CovidAnalytics-DELPHI.parquet,TRUE,0,26.853679895401,NA,
COVIDhub_CDC-ensemble/2023-07-17-COVIDhub_CDC-ensemble.parquet,TRUE,0,29.58996868133545,NA,
COVIDhub-4_week_ensemble/2023-05-08-COVIDhub-4_week_ensemble.parquet,TRUE,0,29.464902877807617,NA,
COVIDhub-baseline/2023-02-13-COVIDhub-baseline.parquet,TRUE,0,1018.9654376506804,NA,
COVIDhub-ensemble/2022-11-28-COVIDhub-ensemble.parquet,TRUE,0,147.667662858963,NA,
COVIDhub-trained_ensemble/2023-09-04-COVIDhub-trained_ensemble.parquet,TRUE,0,29.67994213104248,NA,
CU-nochange/2023-02-12-CU-nochange.parquet,TRUE,0,759.3202316761017,NA,
CU-scenario_low/2021-09-26-CU-scenario_low.parquet,TRUE,0,744.260434627533,NA,
CU-scenario_mid/2022-04-17-CU-scenario_mid.parquet,TRUE,0,763.8161160945892,NA,
CU-select/2022-10-16-CU-select.parquet,TRUE,0,772.9802823066711,NA,
DDS-NBDS/2020-11-16-DDS-NBDS.parquet,TRUE,0,18.83699345588684,NA,
FAIR-NRAR/2021-01-22-FAIR-NRAR.parquet,TRUE,0,460.2464108467102,NA,
FAIR-NRAR/2021-10-10-FAIR-NRAR.parquet,TRUE,0,460.9811146259308,NA,
Geneva-DetGrowth/2020-12-13-Geneva-DetGrowth.parquet,TRUE,0,4.596261739730835,NA,
GT-DeepCOVID/2021-08-02-GT-DeepCOVID.parquet,TRUE,0,56.407641887664795,NA,
IBF-TimeSeries/2021-01-18-IBF-TimeSeries.parquet,TRUE,0,3.59430193901062,NA,
Imperial-ensemble2/2020-04-12-Imperial-ensemble2.parquet,TRUE,0,3.08609676361084,NA,
JHU_CSSE-DECOM/2022-01-09-JHU_CSSE-DECOM.parquet,TRUE,0,12.171139478683472,NA,
JHU_UNC_GAS-StatMechPool/2021-05-16-JHU_UNC_GAS-StatMechPool.parquet,TRUE,0,488.9994876384735,NA,
JHUAPL-Gecko/2022-08-01-JHUAPL-Gecko.parquet,TRUE,0,67.06102108955383,NA,
Karlen-pypm/2022-05-08-Karlen-pypm.parquet,TRUE,0,67.9136290550232,NA,
LANL-GrowthRate/2020-12-24-LANL-GrowthRate.parquet,TRUE,0,811.0026488304138,NA,
Microsoft-DeepSTIA/2021-08-16-Microsoft-DeepSTIA.parquet,TRUE,0,118.7667465209961,NA,
MIT_ISOLAT-Mixtures/2021-12-13-MIT_ISOLAT-Mixtures.parquet,TRUE,0,12.12151336669922,NA,
MOBS-GLEAM_COVID/2020-10-19-MOBS-GLEAM_COVID.parquet,TRUE,0,11.65427851676941,NA,
MUNI-ARIMA/2021-09-20-MUNI-ARIMA.parquet,TRUE,0,15.969074249267578,NA,
OliverWyman-Navigator/2020-06-14-OliverWyman-Navigator.parquet,TRUE,0,9.664963006973268,NA,
PSI-DICE/2022-08-01-PSI-DICE.parquet,TRUE,0,55.61509609222412,NA,
PSI-DRAFT/2022-06-27-PSI-DRAFT.parquet,TRUE,0,11.44924259185791,NA,
RobertWalraven-ESG/2021-05-17-RobertWalraven-ESG.parquet,TRUE,0,20.10077953338623,NA,
SGroup-RandomForest/2023-08-07-SGroup-RandomForest.parquet,TRUE,0,25.629106760025024,NA,
STH-3PU/2020-08-30-STH-3PU.parquet,TRUE,0,3.735804557800293,NA,
UA-EpiCovDA/2021-05-09-UA-EpiCovDA.parquet,TRUE,0,11.833142518997192,NA,
UCLA-SuEIR/2021-09-19-UCLA-SuEIR.parquet,TRUE,0,42.57481122016907,NA,
UCSD_NEU-DeepGLEAM/2022-11-21-UCSD_NEU-DeepGLEAM.parquet,TRUE,0,11.708994150161743,NA,
UMass-sarix/2022-09-19-UMass-sarix.parquet,TRUE,0,41.46086525917053,NA,
UMich-RidgeTfReg/2020-07-12-UMich-RidgeTfReg.parquet,TRUE,0,3.272658586502075,NA,
USC-SI_kJalpha/2021-07-18-USC-SI_kJalpha.parquet,TRUE,0,405.1145050525666,NA,
UT-Osiris/2023-03-20-UT-Osiris.parquet,TRUE,0,20.051721572875977,NA,
WalmartLabsML-LogForecasting/2020-09-06-WalmartLabsML-LogForecasting.parquet,TRUE,0,12.016264915466309,NA,
YYG-ParamSearch/2020-09-22-YYG-ParamSearch.parquet,TRUE,0,13.152968883514404,NA,
AIpert-pwllnod/2021-01-04-AIpert-pwllnod.parquet,TRUE,0,10.076211214065552,NA,
BPagano-RtDriven/2022-08-07-BPagano-RtDriven.parquet,TRUE,0,71.327716588974,NA,
CEPH-Rtrend_covid/2023-12-11-CEPH-Rtrend_covid.parquet,TRUE,0,20.087207078933716,NA,
CMU-TimeSeries/2024-03-18-CMU-TimeSeries.parquet,TRUE,0,29.52063298225403,NA,
CovidAnalytics-DELPHI/2021-11-22-CovidAnalytics-DELPHI.parquet,TRUE,0,25.45528268814087,NA,
COVIDhub_CDC-ensemble/2023-07-24-COVIDhub_CDC-ensemble.parquet,TRUE,0,29.723946571350098,NA,
COVIDhub-4_week_ensemble/2023-05-15-COVIDhub-4_week_ensemble.parquet,TRUE,0,29.21548295021057,NA,
COVIDhub-baseline/2023-02-20-COVIDhub-baseline.parquet,TRUE,0,1014.0315375328064,NA,
COVIDhub-ensemble/2022-12-05-COVIDhub-ensemble.parquet,TRUE,0,147.70235919952393,NA,
COVIDhub-trained_ensemble/2023-09-11-COVIDhub-trained_ensemble.parquet,TRUE,0,29.393277645111084,NA,
CU-nochange/2023-02-19-CU-nochange.parquet,TRUE,0,763.7665796279907,NA,
CU-scenario_low/2021-10-03-CU-scenario_low.parquet,TRUE,0,739.9245302677155,NA,
CU-scenario_mid/2022-04-24-CU-scenario_mid.parquet,TRUE,0,760.7562944889069,NA,
CU-select/2022-10-23-CU-select.parquet,TRUE,0,759.8311288356781,NA,
DDS-NBDS/2020-11-23-DDS-NBDS.parquet,TRUE,0,18.286876678466797,NA,
FAIR-NRAR/2021-01-23-FAIR-NRAR.parquet,TRUE,0,477.9768526554108,NA,
FAIR-NRAR/2021-10-11-FAIR-NRAR.parquet,TRUE,0,476.9631698131561,NA,
Geneva-DetGrowth/2020-12-20-Geneva-DetGrowth.parquet,TRUE,0,4.6785218715667725,NA,
GT-DeepCOVID/2021-08-09-GT-DeepCOVID.parquet,TRUE,0,60.682536363601685,NA,
IBF-TimeSeries/2021-01-25-IBF-TimeSeries.parquet,TRUE,0,3.71736216545105,NA,
Imperial-ensemble2/2020-04-19-Imperial-ensemble2.parquet,TRUE,0,3.234060525894165,NA,
JHU_CSSE-DECOM/2022-01-16-JHU_CSSE-DECOM.parquet,TRUE,0,14.128982067108154,NA,
JHU_UNC_GAS-StatMechPool/2021-05-23-JHU_UNC_GAS-StatMechPool.parquet,TRUE,0,484.0338521003723,NA,
JHUAPL-Morris/2022-07-04-JHUAPL-Morris.parquet,TRUE,0,60.69279217720032,NA,
Karlen-pypm/2022-05-15-Karlen-pypm.parquet,TRUE,0,66.79339528083801,NA,
LANL-GrowthRate/2021-01-04-LANL-GrowthRate.parquet,TRUE,0,776.4875602722168,NA,
Microsoft-DeepSTIA/2021-08-23-Microsoft-DeepSTIA.parquet,TRUE,0,117.95404362678528,NA,
MIT_ISOLAT-Mixtures/2021-12-20-MIT_ISOLAT-Mixtures.parquet,TRUE,0,14.521206140518188,NA,
MOBS-GLEAM_COVID/2020-10-26-MOBS-GLEAM_COVID.parquet,TRUE,0,11.742990493774414,NA,
MUNI-ARIMA/2021-09-27-MUNI-ARIMA.parquet,TRUE,0,16.04253339767456,NA,
OliverWyman-Navigator/2020-06-21-OliverWyman-Navigator.parquet,TRUE,0,9.514572858810425,NA,
PSI-DICE/2022-08-08-PSI-DICE.parquet,TRUE,0,57.56632041931152,NA,
PSI-DRAFT/2022-07-04-PSI-DRAFT.parquet,TRUE,0,11.300809144973757,NA,
RobertWalraven-ESG/2021-05-24-RobertWalraven-ESG.parquet,TRUE,0,19.98501420021057,NA,
SGroup-RandomForest/2023-08-14-SGroup-RandomForest.parquet,TRUE,0,25.936655521392822,NA,
STH-3PU/2020-09-05-STH-3PU.parquet,TRUE,0,3.766581296920776,NA,
UA-EpiCovDA/2021-05-16-UA-EpiCovDA.parquet,TRUE,0,11.420779943466188,NA,
UCLA-SuEIR/2022-02-06-UCLA-SuEIR.parquet,TRUE,0,43.475574016571045,NA,
UCSD_NEU-DeepGLEAM/2022-11-28-UCSD_NEU-DeepGLEAM.parquet,TRUE,0,11.687217712402344,NA,
UMass-sarix/2022-09-26-UMass-sarix.parquet,TRUE,0,43.57175588607788,NA,
UMich-RidgeTfReg/2020-07-20-UMich-RidgeTfReg.parquet,TRUE,0,7.7321457862854,NA,
USC-SI_kJalpha/2021-07-25-USC-SI_kJalpha.parquet,TRUE,0,415.56855821609497,NA,
UT-Osiris/2023-03-27-UT-Osiris.parquet,TRUE,0,19.880043268203735,NA,
WalmartLabsML-LogForecasting/2020-09-13-WalmartLabsML-LogForecasting.parquet,TRUE,0,11.83903193473816,NA,
YYG-ParamSearch/2020-09-23-YYG-ParamSearch.parquet,TRUE,0,13.618158102035522,NA,
AIpert-pwllnod/2021-01-11-AIpert-pwllnod.parquet,FALSE,1,20.54633378982544,"?: Required task ID/output type/output type ID combinations missing.  
 See `missing` attribute for details.",
BPagano-RtDriven/2022-08-14-BPagano-RtDriven.parquet,TRUE,0,71.28091144561768,NA,
CEPH-Rtrend_covid/2023-12-18-CEPH-Rtrend_covid.parquet,TRUE,0,20.34912157058716,NA,
CMU-TimeSeries/2024-03-25-CMU-TimeSeries.parquet,TRUE,0,29.771790981292725,NA,
CovidAnalytics-DELPHI/2021-11-29-CovidAnalytics-DELPHI.parquet,TRUE,0,22.369367122650143,NA,
COVIDhub_CDC-ensemble/2023-07-31-COVIDhub_CDC-ensemble.parquet,TRUE,0,29.401203393936157,NA,
COVIDhub-4_week_ensemble/2023-05-22-COVIDhub-4_week_ensemble.parquet,TRUE,0,29.137465000152588,NA,
COVIDhub-baseline/2023-02-27-COVIDhub-baseline.parquet,TRUE,0,1001.035462141037,NA,
COVIDhub-ensemble/2022-12-12-COVIDhub-ensemble.parquet,TRUE,0,146.3313603401184,NA,
COVIDhub-trained_ensemble/2023-09-18-COVIDhub-trained_ensemble.parquet,TRUE,0,29.52078604698181,NA,
CU-nochange/2023-02-26-CU-nochange.parquet,TRUE,0,764.6539080142975,NA,
CU-scenario_low/2021-10-17-CU-scenario_low.parquet,TRUE,0,749.1058926582336,NA,
CU-scenario_mid/2022-05-01-CU-scenario_mid.parquet,TRUE,0,765.3177177906036,NA,
CU-select/2022-10-30-CU-select.parquet,TRUE,0,773.42067527771,NA,
DDS-NBDS/2020-11-30-DDS-NBDS.parquet,TRUE,0,18.660476446151733,NA,
FAIR-NRAR/2021-01-24-FAIR-NRAR.parquet,TRUE,0,492.5934703350067,NA,
FAIR-NRAR/2021-10-12-FAIR-NRAR.parquet,TRUE,0,465.7471249103546,NA,
Geneva-DetGrowth/2020-12-27-Geneva-DetGrowth.parquet,TRUE,0,4.526492118835449,NA,
GT-DeepCOVID/2021-08-16-GT-DeepCOVID.parquet,TRUE,0,57.38523840904236,NA,
IBF-TimeSeries/2021-02-01-IBF-TimeSeries.parquet,TRUE,0,3.618697881698608,NA,
Imperial-ensemble2/2020-04-26-Imperial-ensemble2.parquet,TRUE,0,3.0991082191467285,NA,
JHU_CSSE-DECOM/2022-01-23-JHU_CSSE-DECOM.parquet,FALSE,1,16.26767587661743,"?: Required task ID/output type/output type ID combinations missing.  
 See `missing` attribute for details.",
JHU_UNC_GAS-StatMechPool/2021-05-30-JHU_UNC_GAS-StatMechPool.parquet,TRUE,0,466.7552230358124,NA,
JHUAPL-Morris/2022-07-10-JHUAPL-Morris.parquet,TRUE,0,61.3087055683136,NA,
Karlen-pypm/2022-05-22-Karlen-pypm.parquet,TRUE,0,65.50421643257141,NA,
LANL-GrowthRate/2021-01-06-LANL-GrowthRate.parquet,TRUE,0,787.0258142948151,NA,
Microsoft-DeepSTIA/2021-08-30-Microsoft-DeepSTIA.parquet,TRUE,0,119.05044198036194,NA,
MIT_ISOLAT-Mixtures/2021-12-27-MIT_ISOLAT-Mixtures.parquet,TRUE,0,15.130075931549072,NA,
MOBS-GLEAM_COVID/2020-11-02-MOBS-GLEAM_COVID.parquet,TRUE,0,11.59259557723999,NA,
MUNI-ARIMA/2021-10-04-MUNI-ARIMA.parquet,TRUE,0,16.285914659500122,NA,
OliverWyman-Navigator/2020-06-28-OliverWyman-Navigator.parquet,TRUE,0,9.690391302108765,NA,
PSI-DICE/2022-08-15-PSI-DICE.parquet,TRUE,0,57.09296727180481,NA,
PSI-DRAFT/2022-07-11-PSI-DRAFT.parquet,TRUE,0,11.008782863616943,NA,
RobertWalraven-ESG/2021-05-31-RobertWalraven-ESG.parquet,TRUE,0,20.70603585243225,NA,
SGroup-RandomForest/2023-08-21-SGroup-RandomForest.parquet,TRUE,0,25.724950075149536,NA,
STH-3PU/2020-09-06-STH-3PU.parquet,TRUE,0,3.874894857406616,NA,
UA-EpiCovDA/2021-05-23-UA-EpiCovDA.parquet,TRUE,0,11.570512294769289,NA,
UCLA-SuEIR/2022-02-13-UCLA-SuEIR.parquet,TRUE,0,43.89250302314758,NA,
UCSD_NEU-DeepGLEAM/2022-12-05-UCSD_NEU-DeepGLEAM.parquet,TRUE,0,11.721731662750244,NA,
UMass-sarix/2022-10-03-UMass-sarix.parquet,TRUE,0,41.42990732192993,NA,
UMich-RidgeTfReg/2020-07-27-UMich-RidgeTfReg.parquet,FALSE,1,12.671210765838625,"?: Required task ID/output type/output type ID combinations missing.  
 See `missing` attribute for details.",
USC-SI_kJalpha/2021-08-01-USC-SI_kJalpha.parquet,TRUE,0,409.1974632740021,NA,
UT-Osiris/2023-04-03-UT-Osiris.parquet,TRUE,0,20.36885952949524,NA,
WalmartLabsML-LogForecasting/2020-09-20-WalmartLabsML-LogForecasting.parquet,TRUE,0,11.793606042861938,NA,
YYG-ParamSearch/2020-09-24-YYG-ParamSearch.parquet,TRUE,0,12.83788776397705,NA,
AIpert-pwllnod/2021-01-18-AIpert-pwllnod.parquet,FALSE,1,20.763013124465942,"?: Required task ID/output type/output type ID combinations missing.  
 See `missing` attribute for details.",
BPagano-RtDriven/2022-08-21-BPagano-RtDriven.parquet,TRUE,0,73.29377579689026,NA,
CEPH-Rtrend_covid/2023-12-25-CEPH-Rtrend_covid.parquet,TRUE,0,20.68875789642334,NA,
CMU-TimeSeries/2024-04-01-CMU-TimeSeries.parquet,TRUE,0,30.247501611709595,NA,
CovidAnalytics-DELPHI/2021-12-06-CovidAnalytics-DELPHI.parquet,TRUE,0,19.692597150802612,NA,
COVIDhub_CDC-ensemble/2023-08-07-COVIDhub_CDC-ensemble.parquet,TRUE,0,29.57959747314453,NA,
COVIDhub-4_week_ensemble/2023-05-29-COVIDhub-4_week_ensemble.parquet,TRUE,0,29.746808528900143,NA,
COVIDhub-baseline/2023-03-06-COVIDhub-baseline.parquet,TRUE,0,30.243532180786133,NA,
COVIDhub-ensemble/2022-12-19-COVIDhub-ensemble.parquet,TRUE,0,162.77938795089722,NA,
COVIDhub-trained_ensemble/2023-09-25-COVIDhub-trained_ensemble.parquet,TRUE,0,29.888447284698486,NA,
CU-nochange/2023-03-05-CU-nochange.parquet,TRUE,0,802.9633164405823,NA,
CU-scenario_low/2021-10-24-CU-scenario_low.parquet,TRUE,0,745.5967609882355,NA,
CU-scenario_mid/2022-05-08-CU-scenario_mid.parquet,TRUE,0,766.0903480052948,NA,
CU-select/2022-11-06-CU-select.parquet,TRUE,0,821.0030241012573,NA,
DDS-NBDS/2020-12-07-DDS-NBDS.parquet,TRUE,0,20.28650665283203,NA,
FAIR-NRAR/2021-01-25-FAIR-NRAR.parquet,TRUE,0,479.71680307388306,NA,
FAIR-NRAR/2021-10-13-FAIR-NRAR.parquet,TRUE,0,476.1195070743561,NA,
Geneva-DetGrowth/2021-01-03-Geneva-DetGrowth.parquet,TRUE,0,4.891016960144043,NA,
GT-DeepCOVID/2021-08-23-GT-DeepCOVID.parquet,TRUE,0,65.78961634635925,NA,
IBF-TimeSeries/2021-02-08-IBF-TimeSeries.parquet,TRUE,0,3.8254222869873047,NA,
Imperial-ensemble2/2020-05-03-Imperial-ensemble2.parquet,TRUE,0,3.3597681522369385,NA,
JHU_CSSE-DECOM/2022-01-30-JHU_CSSE-DECOM.parquet,FALSE,1,19.398940086364743,"?: Required task ID/output type/output type ID combinations missing.  
 See `missing` attribute for details.",
JHU_UNC_GAS-StatMechPool/2021-06-06-JHU_UNC_GAS-StatMechPool.parquet,TRUE,0,493.5162346363067,NA,
JHUAPL-Morris/2022-07-18-JHUAPL-Morris.parquet,TRUE,0,64.49820399284363,NA,
Karlen-pypm/2022-05-29-Karlen-pypm.parquet,TRUE,0,65.62619614601135,NA,
LANL-GrowthRate/2021-01-11-LANL-GrowthRate.parquet,TRUE,0,805.196072101593,NA,
Microsoft-DeepSTIA/2021-09-06-Microsoft-DeepSTIA.parquet,TRUE,0,120.6077356338501,NA,
MIT_ISOLAT-Mixtures/2022-01-03-MIT_ISOLAT-Mixtures.parquet,TRUE,0,12.90834903717041,NA,
MOBS-GLEAM_COVID/2020-11-09-MOBS-GLEAM_COVID.parquet,TRUE,0,10.621845006942747,NA,
MUNI-ARIMA/2021-10-11-MUNI-ARIMA.parquet,TRUE,0,16.5581157207489,NA,
OliverWyman-Navigator/2020-07-05-OliverWyman-Navigator.parquet,TRUE,0,10.569578409194946,NA,
PSI-DICE/2022-08-22-PSI-DICE.parquet,TRUE,0,59.62272119522095,NA,
PSI-DRAFT/2022-07-18-PSI-DRAFT.parquet,TRUE,0,11.372084379196169,NA,
RobertWalraven-ESG/2021-06-07-RobertWalraven-ESG.parquet,TRUE,0,21.394050121307373,NA,
SGroup-RandomForest/2023-08-28-SGroup-RandomForest.parquet,TRUE,0,27.37816786766052,NA,
STH-3PU/2020-09-12-STH-3PU.parquet,TRUE,0,4.273667812347412,NA,
UA-EpiCovDA/2021-05-30-UA-EpiCovDA.parquet,TRUE,0,12.475825309753418,NA,
UCLA-SuEIR/2022-02-20-UCLA-SuEIR.parquet,TRUE,0,48.27313590049744,NA,
UCSD_NEU-DeepGLEAM/2022-12-12-UCSD_NEU-DeepGLEAM.parquet,TRUE,0,12.402917385101318,NA,
UMass-sarix/2022-10-10-UMass-sarix.parquet,TRUE,0,42.29310989379883,NA,
UMich-RidgeTfReg/2020-08-03-UMich-RidgeTfReg.parquet,FALSE,1,14.349506378173828,"?: Required task ID/output type/output type ID combinations missing.  
 See `missing` attribute for details.",
USC-SI_kJalpha/2021-08-08-USC-SI_kJalpha.parquet,TRUE,0,439.03347659111023,NA,
UT-Osiris/2023-04-10-UT-Osiris.parquet,TRUE,0,20.92767453193665,NA,
WalmartLabsML-LogForecasting/2020-09-27-WalmartLabsML-LogForecasting.parquet,TRUE,0,12.231930255889893,NA,
YYG-ParamSearch/2020-09-25-YYG-ParamSearch.parquet,TRUE,0,13.863340139389038,NA,
AIpert-pwllnod/2021-01-25-AIpert-pwllnod.parquet,FALSE,1,20.848056316375732,"?: Required task ID/output type/output type ID combinations missing.  
 See `missing` attribute for details.",
BPagano-RtDriven/2022-08-28-BPagano-RtDriven.parquet,TRUE,0,73.09322428703308,NA,
CEPH-Rtrend_covid/2024-01-01-CEPH-Rtrend_covid.parquet,TRUE,0,21.019567489624023,NA,
CMU-TimeSeries/2024-04-08-CMU-TimeSeries.parquet,TRUE,0,30.332780599594116,NA,
CovidAnalytics-DELPHI/2021-12-13-CovidAnalytics-DELPHI.parquet,TRUE,0,26.801093578338623,NA,
COVIDhub_CDC-ensemble/2023-08-14-COVIDhub_CDC-ensemble.parquet,TRUE,0,29.809427976608276,NA,
COVIDhub-4_week_ensemble/2023-06-05-COVIDhub-4_week_ensemble.parquet,TRUE,0,30.31122899055481,NA,
COVIDhub-baseline/2023-03-13-COVIDhub-baseline.parquet,TRUE,0,30.395718097686768,NA,
COVIDhub-ensemble/2022-12-26-COVIDhub-ensemble.parquet,TRUE,0,163.03963828086853,NA,
COVIDhub-trained_ensemble/2023-10-02-COVIDhub-trained_ensemble.parquet,TRUE,0,29.99405717849731,NA,
CU-scenario_high/2020-04-12-CU-scenario_high.parquet,TRUE,0,8.086466073989868,NA,
CU-scenario_low/2021-10-31-CU-scenario_low.parquet,TRUE,0,751.9488894939423,NA,
CU-scenario_mid/2022-05-15-CU-scenario_mid.parquet,TRUE,0,771.3128473758698,NA,
CU-select/2022-11-13-CU-select.parquet,TRUE,0,767.0595245361328,NA,
DDS-NBDS/2020-12-14-DDS-NBDS.parquet,TRUE,0,18.681300163269043,NA,
FAIR-NRAR/2021-01-27-FAIR-NRAR.parquet,TRUE,0,489.7494766712189,NA,
FAIR-NRAR/2021-10-14-FAIR-NRAR.parquet,TRUE,0,491.46086049079895,NA,
Geneva-DetGrowth/2021-01-10-Geneva-DetGrowth.parquet,TRUE,0,4.778737783432007,NA,
GT-DeepCOVID/2021-08-30-GT-DeepCOVID.parquet,TRUE,0,55.846866846084595,NA,
IBF-TimeSeries/2021-02-15-IBF-TimeSeries.parquet,TRUE,0,3.694298505783081,NA,
Imperial-ensemble2/2020-05-10-Imperial-ensemble2.parquet,TRUE,0,3.1140360832214355,NA,
JHU_CSSE-DECOM/2022-02-06-JHU_CSSE-DECOM.parquet,TRUE,0,17.761127948760986,NA,
JHU_UNC_GAS-StatMechPool/2021-06-13-JHU_UNC_GAS-StatMechPool.parquet,TRUE,0,493.575825214386,NA,
JHUAPL-Morris/2022-07-24-JHUAPL-Morris.parquet,TRUE,0,65.85020160675049,NA,
Karlen-pypm/2022-06-05-Karlen-pypm.parquet,TRUE,0,68.07490706443787,NA,
LANL-GrowthRate/2021-01-14-LANL-GrowthRate.parquet,TRUE,0,820.9341509342194,NA,
Microsoft-DeepSTIA/2021-09-13-Microsoft-DeepSTIA.parquet,TRUE,0,124.50985789299013,NA,
MIT_ISOLAT-Mixtures/2022-01-10-MIT_ISOLAT-Mixtures.parquet,TRUE,0,14.472274780273438,NA,
MOBS-GLEAM_COVID/2020-11-16-MOBS-GLEAM_COVID.parquet,TRUE,0,12.146959781646729,NA,
MUNI-ARIMA/2021-10-18-MUNI-ARIMA.parquet,TRUE,0,16.399667263031006,NA,
OliverWyman-Navigator/2020-07-12-OliverWyman-Navigator.parquet,TRUE,0,9.880961656570436,NA,
PSI-DICE/2022-08-29-PSI-DICE.parquet,TRUE,0,62.09279942512512,NA,
PSI-DRAFT/2022-07-25-PSI-DRAFT.parquet,TRUE,0,10.31073784828186,NA,
RobertWalraven-ESG/2021-06-14-RobertWalraven-ESG.parquet,TRUE,0,21.02670526504517,NA,
SGroup-RandomForest/2023-09-04-SGroup-RandomForest.parquet,TRUE,0,26.678773641586304,NA,
STH-3PU/2020-09-13-STH-3PU.parquet,TRUE,0,3.9404239654541016,NA,
UA-EpiCovDA/2021-06-06-UA-EpiCovDA.parquet,TRUE,0,12.46143889427185,NA,
UCLA-SuEIR/2022-02-27-UCLA-SuEIR.parquet,TRUE,0,44.68634271621704,NA,
UCSD_NEU-DeepGLEAM/2022-12-19-UCSD_NEU-DeepGLEAM.parquet,TRUE,0,11.814892768859863,NA,
UMass-sarix/2022-10-17-UMass-sarix.parquet,TRUE,0,42.82370448112488,NA,
UMich-RidgeTfReg/2020-08-10-UMich-RidgeTfReg.parquet,FALSE,1,19.04114556312561,"?: Required task ID/output type/output type ID combinations missing.  
 See `missing` attribute for details.",
USC-SI_kJalpha/2021-08-15-USC-SI_kJalpha.parquet,TRUE,0,429.2618329524994,NA,
UT-Osiris/2023-04-17-UT-Osiris.parquet,TRUE,0,21.052118062973022,NA,
WalmartLabsML-LogForecasting/2020-10-04-WalmartLabsML-LogForecasting.parquet,TRUE,0,12.26559567451477,NA,
YYG-ParamSearch/2020-09-26-YYG-ParamSearch.parquet,TRUE,0,14.338955640792848,NA,
AIpert-pwllnod/2021-02-01-AIpert-pwllnod.parquet,FALSE,1,20.81092071533203,"?: Required task ID/output type/output type ID combinations missing.  
 See `missing` attribute for details.",
BPagano-RtDriven/2022-09-04-BPagano-RtDriven.parquet,TRUE,0,73.37201476097107,NA,
CEPH-Rtrend_covid/2024-01-08-CEPH-Rtrend_covid.parquet,TRUE,0,20.531060218811035,NA,
CMU-TimeSeries/2024-04-15-CMU-TimeSeries.parquet,TRUE,0,25.12165403366089,NA,
CovidAnalytics-DELPHI/2021-12-20-CovidAnalytics-DELPHI.parquet,TRUE,0,27.663712978363037,NA,
COVIDhub_CDC-ensemble/2023-08-21-COVIDhub_CDC-ensemble.parquet,TRUE,0,30.79653024673462,NA,
COVIDhub-4_week_ensemble/2023-06-12-COVIDhub-4_week_ensemble.parquet,TRUE,0,30.160118103027344,NA,
COVIDhub-baseline/2023-03-20-COVIDhub-baseline.parquet,TRUE,0,30.800644397735596,NA,
COVIDhub-ensemble/2023-01-02-COVIDhub-ensemble.parquet,TRUE,0,165.07849836349487,NA,
COVIDhub-trained_ensemble/2023-10-09-COVIDhub-trained_ensemble.parquet,TRUE,0,30.062949895858765,NA,
CU-scenario_high/2020-04-16-CU-scenario_high.parquet,TRUE,0,7.145698547363281,NA,
CU-scenario_low/2021-11-07-CU-scenario_low.parquet,TRUE,0,760.4314284324646,NA,
CU-scenario_mid/2022-05-22-CU-scenario_mid.parquet,TRUE,0,775.4713411331177,NA,
CU-select/2022-11-20-CU-select.parquet,TRUE,0,760.2824687957764,NA,
DDS-NBDS/2020-12-21-DDS-NBDS.parquet,TRUE,0,19.206711053848267,NA,
FAIR-NRAR/2021-01-29-FAIR-NRAR.parquet,TRUE,0,498.3377523422241,NA,
FAIR-NRAR/2021-10-16-FAIR-NRAR.parquet,TRUE,0,494.52852177619934,NA,
Geneva-DetGrowth/2021-01-17-Geneva-DetGrowth.parquet,TRUE,0,4.744307994842529,NA,
GT-DeepCOVID/2021-09-06-GT-DeepCOVID.parquet,TRUE,0,57.35598373413086,NA,
IBF-TimeSeries/2021-02-22-IBF-TimeSeries.parquet,TRUE,0,3.611785650253296,NA,
Imperial-ensemble2/2020-05-17-Imperial-ensemble2.parquet,TRUE,0,3.295963764190674,NA,
JHU_CSSE-DECOM/2022-02-13-JHU_CSSE-DECOM.parquet,TRUE,0,20.81820583343506,NA,
JHU_UNC_GAS-StatMechPool/2021-06-20-JHU_UNC_GAS-StatMechPool.parquet,TRUE,0,490.1391019821167,NA,
JHUAPL-Morris/2022-07-31-JHUAPL-Morris.parquet,TRUE,0,63.45592164993286,NA,
Karlen-pypm/2022-06-12-Karlen-pypm.parquet,TRUE,0,67.40642714500427,NA,
LANL-GrowthRate/2021-01-18-LANL-GrowthRate.parquet,TRUE,0,819.413901090622,NA,
Microsoft-DeepSTIA/2021-09-20-Microsoft-DeepSTIA.parquet,TRUE,0,124.13948035240172,NA,
MIT_ISOLAT-Mixtures/2022-01-17-MIT_ISOLAT-Mixtures.parquet,TRUE,0,15.45234513282776,NA,
MOBS-GLEAM_COVID/2020-11-23-MOBS-GLEAM_COVID.parquet,TRUE,0,12.153608798980711,NA,
MUNI-ARIMA/2021-10-25-MUNI-ARIMA.parquet,TRUE,0,16.160520553588867,NA,
OliverWyman-Navigator/2020-07-19-OliverWyman-Navigator.parquet,TRUE,0,10.090022563934326,NA,
PSI-DICE/2022-09-05-PSI-DICE.parquet,TRUE,0,61.846972942352295,NA,
PSI-DRAFT/2022-08-01-PSI-DRAFT.parquet,TRUE,0,9.036399841308594,NA,
RobertWalraven-ESG/2021-06-21-RobertWalraven-ESG.parquet,TRUE,0,22.27999210357666,NA,
SGroup-RandomForest/2023-09-11-SGroup-RandomForest.parquet,TRUE,0,26.859357833862305,NA,
STH-3PU/2020-09-19-STH-3PU.parquet,TRUE,0,4.0280022621154785,NA,
UA-EpiCovDA/2021-06-13-UA-EpiCovDA.parquet,TRUE,0,12.144162654876707,NA,
UCLA-SuEIR/2022-03-06-UCLA-SuEIR.parquet,TRUE,0,45.0106520652771,NA,
UCSD_NEU-DeepGLEAM/2023-01-02-UCSD_NEU-DeepGLEAM.parquet,TRUE,0,12.400326013565063,NA,
UMass-sarix/2022-10-24-UMass-sarix.parquet,TRUE,0,46.95676469802856,NA,
UMich-RidgeTfReg/2020-08-17-UMich-RidgeTfReg.parquet,FALSE,1,16.32183337211609,"?: Required task ID/output type/output type ID combinations missing.  
 See `missing` attribute for details.",
USC-SI_kJalpha/2021-08-22-USC-SI_kJalpha.parquet,TRUE,0,416.253755569458,NA,
UT-Osiris/2023-04-24-UT-Osiris.parquet,TRUE,0,21.030840396881104,NA,
WalmartLabsML-LogForecasting/2020-10-11-WalmartLabsML-LogForecasting.parquet,TRUE,0,12.223788738250732,NA,
YYG-ParamSearch/2020-09-27-YYG-ParamSearch.parquet,TRUE,0,13.827970504760742,NA,
AIpert-pwllnod/2021-02-08-AIpert-pwllnod.parquet,FALSE,1,20.90990304946899,"?: Required task ID/output type/output type ID combinations missing.  
 See `missing` attribute for details.",
BPagano-RtDriven/2022-09-11-BPagano-RtDriven.parquet,TRUE,0,73.7047643661499,NA,
CEPH-Rtrend_covid/2024-01-15-CEPH-Rtrend_covid.parquet,TRUE,0,20.879334211349487,NA,
CMU-TimeSeries/2024-04-22-CMU-TimeSeries.parquet,TRUE,0,27.530044317245483,NA,
CovidAnalytics-DELPHI/2022-01-02-CovidAnalytics-DELPHI.parquet,TRUE,0,27.72046446800232,NA,
COVIDhub_CDC-ensemble/2023-08-28-COVIDhub_CDC-ensemble.parquet,TRUE,0,30.41473603248596,NA,
COVIDhub-4_week_ensemble/2023-06-26-COVIDhub-4_week_ensemble.parquet,TRUE,0,30.317397594451904,NA,
COVIDhub-baseline/2023-03-27-COVIDhub-baseline.parquet,TRUE,0,30.98697590827942,NA,
COVIDhub-ensemble/2023-01-09-COVIDhub-ensemble.parquet,TRUE,0,157.08403325080872,NA,
COVIDhub-trained_ensemble/2023-10-16-COVIDhub-trained_ensemble.parquet,TRUE,0,30.282159328460693,NA,
CU-scenario_high/2020-04-19-CU-scenario_high.parquet,TRUE,0,7.824709415435791,NA,
CU-scenario_low/2021-11-14-CU-scenario_low.parquet,TRUE,0,784.2847368717194,NA,
CU-scenario_mid/2022-05-29-CU-scenario_mid.parquet,TRUE,0,772.9100060462952,NA,
CU-select/2022-11-27-CU-select.parquet,TRUE,0,776.6376626491547,NA,
DDS-NBDS/2020-12-28-DDS-NBDS.parquet,TRUE,0,20.44981050491333,NA,
FAIR-NRAR/2021-01-31-FAIR-NRAR.parquet,TRUE,0,500.6258981227875,NA,
FAIR-NRAR/2021-10-17-FAIR-NRAR.parquet,TRUE,0,489.05425906181335,NA,
Geneva-DetGrowth/2021-01-24-Geneva-DetGrowth.parquet,TRUE,0,4.7336344718933105,NA,
GT-DeepCOVID/2021-09-13-GT-DeepCOVID.parquet,TRUE,0,63.40026307106018,NA,
IBF-TimeSeries/2021-03-01-IBF-TimeSeries.parquet,TRUE,0,3.786775588989258,NA,
Imperial-ensemble2/2020-05-24-Imperial-ensemble2.parquet,TRUE,0,3.4477474689483643,NA,
JHU_CSSE-DECOM/2022-02-20-JHU_CSSE-DECOM.parquet,TRUE,0,21.888827323913578,NA,
JHU_UNC_GAS-StatMechPool/2021-06-27-JHU_UNC_GAS-StatMechPool.parquet,TRUE,0,500.3102967739105,NA,
JHUAPL-Morris/2022-08-07-JHUAPL-Morris.parquet,TRUE,0,63.96316432952881,NA,
Karlen-pypm/2022-06-19-Karlen-pypm.parquet,TRUE,0,68.6701807975769,NA,
LANL-GrowthRate/2021-01-21-LANL-GrowthRate.parquet,TRUE,0,834.5465009212494,NA,
Microsoft-DeepSTIA/2021-09-27-Microsoft-DeepSTIA.parquet,TRUE,0,127.03860878944396,NA,
MIT_ISOLAT-Mixtures/2022-01-24-MIT_ISOLAT-Mixtures.parquet,TRUE,0,15.710351467132568,NA,
MOBS-GLEAM_COVID/2020-11-30-MOBS-GLEAM_COVID.parquet,TRUE,0,12.095571517944336,NA,
MUNI-ARIMA/2021-11-01-MUNI-ARIMA.parquet,TRUE,0,17.13680148124695,NA,
OneQuietNight-ML/2020-11-21-OneQuietNight-ML.parquet,TRUE,0,227.4486148357391,NA,
PSI-DICE/2022-09-12-PSI-DICE.parquet,TRUE,0,62.49549865722656,NA,
PSI-DRAFT/2022-08-08-PSI-DRAFT.parquet,TRUE,0,9.06981897354126,NA,
RobertWalraven-ESG/2021-06-28-RobertWalraven-ESG.parquet,TRUE,0,22.24319314956665,NA,
SGroup-RandomForest/2023-09-18-SGroup-RandomForest.parquet,TRUE,0,27.81946563720703,NA,
STH-3PU/2020-09-21-STH-3PU.parquet,TRUE,0,4.009785890579224,NA,
UA-EpiCovDA/2021-06-20-UA-EpiCovDA.parquet,TRUE,0,12.207482814788818,NA,
UCLA-SuEIR/2022-03-13-UCLA-SuEIR.parquet,TRUE,0,44.25446915626526,NA,
UCSD_NEU-DeepGLEAM/2023-01-16-UCSD_NEU-DeepGLEAM.parquet,TRUE,0,11.736619234085085,NA,
UMass-sarix/2022-10-31-UMass-sarix.parquet,TRUE,0,44.36489462852478,NA,
UMich-RidgeTfReg/2020-08-24-UMich-RidgeTfReg.parquet,FALSE,1,16.503610849380493,"?: Required task ID/output type/output type ID combinations missing.  
 See `missing` attribute for details.",
USC-SI_kJalpha/2021-08-29-USC-SI_kJalpha.parquet,TRUE,0,440.5524263381958,NA,
UT-Osiris/2023-05-01-UT-Osiris.parquet,TRUE,0,22.484153509140015,NA,
WalmartLabsML-LogForecasting/2020-10-18-WalmartLabsML-LogForecasting.parquet,TRUE,0,13.389737844467165,NA,
YYG-ParamSearch/2020-09-28-YYG-ParamSearch.parquet,TRUE,0,14.978161096572876,NA,
AIpert-pwllnod/2021-02-15-AIpert-pwllnod.parquet,FALSE,1,20.654985427856445,"?: Required task ID/output type/output type ID combinations missing.  
 See `missing` attribute for details.",
BPagano-RtDriven/2022-09-18-BPagano-RtDriven.parquet,TRUE,0,72.37819361686707,NA,
CEPH-Rtrend_covid/2024-01-22-CEPH-Rtrend_covid.parquet,TRUE,0,20.451548099517822,NA,
CMU-TimeSeries/2024-04-29-CMU-TimeSeries.parquet,TRUE,0,26.59474802017212,NA,3
CovidAnalytics-DELPHI/2022-01-10-CovidAnalytics-DELPHI.parquet,TRUE,0,27.411047220230103,NA,
COVIDhub_CDC-ensemble/2023-09-04-COVIDhub_CDC-ensemble.parquet,TRUE,0,29.98941707611084,NA,
COVIDhub-4_week_ensemble/2023-07-03-COVIDhub-4_week_ensemble.parquet,TRUE,0,30.258473873138428,NA,
COVIDhub-baseline/2023-04-03-COVIDhub-baseline.parquet,TRUE,0,31.403523445129395,NA,
COVIDhub-ensemble/2023-01-16-COVIDhub-ensemble.parquet,TRUE,0,159.74889755249023,NA,
COVIDhub-trained_ensemble/2023-10-23-COVIDhub-trained_ensemble.parquet,TRUE,0,30.14512276649475,NA,
CU-scenario_high/2020-04-23-CU-scenario_high.parquet,TRUE,0,7.276502370834351,NA,
CU-scenario_low/2021-11-21-CU-scenario_low.parquet,TRUE,0,781.3872675895691,NA,
CU-scenario_mid/2022-06-05-CU-scenario_mid.parquet,TRUE,0,758.6891241073608,NA,
CU-select/2022-12-04-CU-select.parquet,TRUE,0,759.8326864242554,NA,
DDS-NBDS/2021-01-04-DDS-NBDS.parquet,TRUE,0,18.559592485427856,NA,
FAIR-NRAR/2021-02-01-FAIR-NRAR.parquet,TRUE,0,482.7795701026917,NA,
FAIR-NRAR/2021-10-18-FAIR-NRAR.parquet,TRUE,0,482.12819147109985,NA,
Geneva-DetGrowth/2021-01-31-Geneva-DetGrowth.parquet,TRUE,0,4.610519886016846,NA,
GT-DeepCOVID/2021-09-20-GT-DeepCOVID.parquet,TRUE,0,57.7191174030304,NA,
IBF-TimeSeries/2021-03-08-IBF-TimeSeries.parquet,TRUE,0,3.4842615127563477,NA,
Imperial-ensemble2/2020-05-31-Imperial-ensemble2.parquet,TRUE,0,3.3533854484558105,NA,
JHU_CSSE-DECOM/2022-02-27-JHU_CSSE-DECOM.parquet,TRUE,0,20.96315336227417,NA,
JHU_UNC_GAS-StatMechPool/2021-07-04-JHU_UNC_GAS-StatMechPool.parquet,TRUE,0,492.32661533355713,NA,
JHUAPL-Morris/2022-08-14-JHUAPL-Morris.parquet,TRUE,0,63.26694703102112,NA,
Karlen-pypm/2022-06-26-Karlen-pypm.parquet,TRUE,0,72.89983057975769,NA,
LANL-GrowthRate/2021-01-25-LANL-GrowthRate.parquet,TRUE,0,837.7013692855835,NA,
Microsoft-DeepSTIA/2021-10-04-Microsoft-DeepSTIA.parquet,TRUE,0,120.66094875335692,NA,
MIT_ISOLAT-Mixtures/2022-01-31-MIT_ISOLAT-Mixtures.parquet,TRUE,0,16.925423622131348,NA,
MOBS-GLEAM_COVID/2020-12-07-MOBS-GLEAM_COVID.parquet,TRUE,0,12.16939115524292,NA,
MUNI-ARIMA/2021-11-08-MUNI-ARIMA.parquet,TRUE,0,16.77125835418701,NA,
OneQuietNight-ML/2020-11-29-OneQuietNight-ML.parquet,TRUE,0,223.65720319747925,NA,
PSI-DICE/2022-09-19-PSI-DICE.parquet,TRUE,0,56.81587886810303,NA,
PSI-DRAFT/2022-08-15-PSI-DRAFT.parquet,TRUE,0,8.85313081741333,NA,
RobertWalraven-ESG/2021-07-05-RobertWalraven-ESG.parquet,TRUE,0,21.8864426612854,NA,
SGroup-RandomForest/2023-09-25-SGroup-RandomForest.parquet,TRUE,0,31.70193028450012,NA,
STH-3PU/2020-09-29-STH-3PU.parquet,TRUE,0,3.865603446960449,NA,
UA-EpiCovDA/2021-06-27-UA-EpiCovDA.parquet,TRUE,0,11.834484577178957,NA,
UCLA-SuEIR/2022-03-20-UCLA-SuEIR.parquet,TRUE,0,44.65917015075683,NA,
UCSD_NEU-DeepGLEAM/2023-01-30-UCSD_NEU-DeepGLEAM.parquet,TRUE,0,11.78116512298584,NA,
UMass-sarix/2022-11-07-UMass-sarix.parquet,TRUE,0,43.34820103645325,NA,
UMich-RidgeTfReg/2020-08-31-UMich-RidgeTfReg.parquet,FALSE,1,18.11801838874817,"?: Required task ID/output type/output type ID combinations missing.  
 See `missing` attribute for details.",
USC-SI_kJalpha/2021-09-05-USC-SI_kJalpha.parquet,TRUE,0,434.79533553123474,NA,
UT-Osiris/2023-05-08-UT-Osiris.parquet,TRUE,0,20.97544765472412,NA,
WalmartLabsML-LogForecasting/2020-10-25-WalmartLabsML-LogForecasting.parquet,TRUE,0,12.401335954666138,NA,
YYG-ParamSearch/2020-09-29-YYG-ParamSearch.parquet,TRUE,0,12.541195154190063,NA,
AIpert-pwllnod/2021-02-22-AIpert-pwllnod.parquet,FALSE,1,20.430851221084595,"?: Required task ID/output type/output type ID combinations missing.  
 See `missing` attribute for details.",
BPagano-RtDriven/2022-09-25-BPagano-RtDriven.parquet,TRUE,0,72.5180127620697,NA,
CEPH-Rtrend_covid/2024-01-29-CEPH-Rtrend_covid.parquet,TRUE,0,20.61184287071228,NA,
Columbia_UNC-SurvCon/2020-07-05-Columbia_UNC-SurvCon.parquet,TRUE,0,3.2634644508361816,NA,
CovidAnalytics-DELPHI/2022-01-17-CovidAnalytics-DELPHI.parquet,TRUE,0,25.780217170715332,NA,
COVIDhub_CDC-ensemble/2023-09-11-COVIDhub_CDC-ensemble.parquet,TRUE,0,30.529208183288578,NA,
COVIDhub-4_week_ensemble/2023-07-10-COVIDhub-4_week_ensemble.parquet,TRUE,0,29.590593814849857,NA,
COVIDhub-baseline/2023-04-10-COVIDhub-baseline.parquet,TRUE,0,30.01556611061096,NA,
COVIDhub-ensemble/2023-01-23-COVIDhub-ensemble.parquet,TRUE,0,162.973468542099,NA,
COVIDhub-trained_ensemble/2023-10-30-COVIDhub-trained_ensemble.parquet,TRUE,0,30.166330575942993,NA,
CU-scenario_high/2020-04-26-CU-scenario_high.parquet,TRUE,0,7.755358219146728,NA,
CU-scenario_low/2021-11-28-CU-scenario_low.parquet,TRUE,0,780.2759442329407,NA,
CU-scenario_mid/2022-06-12-CU-scenario_mid.parquet,TRUE,0,803.0195281505585,NA,
CU-select/2022-12-11-CU-select.parquet,TRUE,0,777.0946614742279,NA,
DDS-NBDS/2021-01-11-DDS-NBDS.parquet,TRUE,0,19.539045333862305,NA,
FAIR-NRAR/2021-02-02-FAIR-NRAR.parquet,TRUE,0,463.402946472168,NA,
FAIR-NRAR/2021-10-19-FAIR-NRAR.parquet,TRUE,0,485.2979362010956,NA,
Geneva-DetGrowth/2021-02-07-Geneva-DetGrowth.parquet,TRUE,0,4.716271877288818,NA,
GT-DeepCOVID/2021-09-27-GT-DeepCOVID.parquet,TRUE,0,56.611492395401,NA,
IBF-TimeSeries/2021-03-15-IBF-TimeSeries.parquet,TRUE,0,3.560312271118164,NA,
Imperial-ensemble2/2020-06-07-Imperial-ensemble2.parquet,TRUE,0,3.173938274383545,NA,
JHU_CSSE-DECOM/2022-03-06-JHU_CSSE-DECOM.parquet,TRUE,0,21.86278772354126,NA,
JHU_UNC_GAS-StatMechPool/2021-07-11-JHU_UNC_GAS-StatMechPool.parquet,TRUE,0,486.7529077529907,NA,
JHUAPL-Morris/2022-08-22-JHUAPL-Morris.parquet,TRUE,0,60.533645153045654,NA,
Karlen-pypm/2022-07-03-Karlen-pypm.parquet,TRUE,0,67.4874153137207,NA,
LANL-GrowthRate/2021-01-28-LANL-GrowthRate.parquet,TRUE,0,792.0763909816742,NA,
Microsoft-DeepSTIA/2021-10-11-Microsoft-DeepSTIA.parquet,TRUE,0,119.19450759887695,NA,
MIT_ISOLAT-Mixtures/2022-02-07-MIT_ISOLAT-Mixtures.parquet,TRUE,0,14.844495058059692,NA,
MOBS-GLEAM_COVID/2020-12-14-MOBS-GLEAM_COVID.parquet,TRUE,0,11.546929597854614,NA,
MUNI-ARIMA/2021-11-15-MUNI-ARIMA.parquet,TRUE,0,16.299596786499023,NA,
OneQuietNight-ML/2020-12-06-OneQuietNight-ML.parquet,TRUE,0,500.77661395072937,NA,
PSI-DICE/2022-09-26-PSI-DICE.parquet,TRUE,0,54.33670616149902,NA,
PSI-DRAFT/2022-08-22-PSI-DRAFT.parquet,TRUE,0,8.554380655288696,NA,
RobertWalraven-ESG/2021-07-12-RobertWalraven-ESG.parquet,TRUE,0,20.389580249786377,NA,
SGroup-RandomForest/2023-10-02-SGroup-RandomForest.parquet,TRUE,0,29.49961519241333,NA,
STH-3PU/2020-10-05-STH-3PU.parquet,TRUE,0,3.8060145378112793,NA,
UA-EpiCovDA/2021-07-04-UA-EpiCovDA.parquet,TRUE,0,12.11795139312744,NA,
UCLA-SuEIR/2022-03-27-UCLA-SuEIR.parquet,TRUE,0,44.883610010147095,NA,
UCSD_NEU-DeepGLEAM/2023-02-06-UCSD_NEU-DeepGLEAM.parquet,TRUE,0,12.162014484405518,NA,
UMass-sarix/2022-11-14-UMass-sarix.parquet,TRUE,0,39.05104851722717,NA,
UMich-RidgeTfReg/2020-09-07-UMich-RidgeTfReg.parquet,FALSE,1,19.148090362548828,"?: Required task ID/output type/output type ID combinations missing.  
 See `missing` attribute for details.",
USC-SI_kJalpha/2021-09-12-USC-SI_kJalpha.parquet,TRUE,0,405.4355149269104,NA,
UT-Osiris/2023-05-15-UT-Osiris.parquet,TRUE,0,20.45365595817566,NA,
WalmartLabsML-LogForecasting/2020-11-01-WalmartLabsML-LogForecasting.parquet,TRUE,0,11.91874861717224,NA,
YYG-ParamSearch/2020-09-30-YYG-ParamSearch.parquet,TRUE,0,11.591007232666016,NA,
AIpert-pwllnod/2021-03-01-AIpert-pwllnod.parquet,FALSE,1,20.67256212234497,"?: Required task ID/output type/output type ID combinations missing.  
 See `missing` attribute for details.",
BPagano-RtDriven/2022-10-02-BPagano-RtDriven.parquet,TRUE,0,72.59807276725769,NA,
CEPH-Rtrend_covid/2024-02-05-CEPH-Rtrend_covid.parquet,TRUE,0,20.510518550872803,NA,
Columbia_UNC-SurvCon/2020-07-12-Columbia_UNC-SurvCon.parquet,TRUE,0,3.141896963119507,NA,
CovidAnalytics-DELPHI/2022-01-24-CovidAnalytics-DELPHI.parquet,TRUE,0,26.708542823791504,NA,
COVIDhub_CDC-ensemble/2023-09-25-COVIDhub_CDC-ensemble.parquet,TRUE,0,30.760523319244385,NA,
COVIDhub-4_week_ensemble/2023-07-17-COVIDhub-4_week_ensemble.parquet,TRUE,0,29.75786018371582,NA,
COVIDhub-baseline/2023-04-17-COVIDhub-baseline.parquet,TRUE,0,30.348938465118408,NA,
COVIDhub-ensemble/2023-01-30-COVIDhub-ensemble.parquet,TRUE,0,160.4765248298645,NA,
COVIDhub-trained_ensemble/2023-11-06-COVIDhub-trained_ensemble.parquet,TRUE,0,29.72295594215393,NA,
CU-scenario_high/2020-05-03-CU-scenario_high.parquet,TRUE,0,7.654472589492798,NA,
CU-scenario_low/2021-12-05-CU-scenario_low.parquet,TRUE,0,778.004656791687,NA,
CU-scenario_mid/2022-06-19-CU-scenario_mid.parquet,TRUE,0,756.4198825359344,NA,
CU-select/2022-12-18-CU-select.parquet,TRUE,0,796.3358087539673,NA,
DDS-NBDS/2021-01-18-DDS-NBDS.parquet,TRUE,0,18.83864450454712,NA,
FAIR-NRAR/2021-02-04-FAIR-NRAR.parquet,TRUE,0,474.7067973613739,NA,
FAIR-NRAR/2021-10-20-FAIR-NRAR.parquet,TRUE,0,473.92794013023376,NA,
Geneva-DetGrowth/2021-02-14-Geneva-DetGrowth.parquet,TRUE,0,4.528040409088135,NA,
GT-DeepCOVID/2021-10-04-GT-DeepCOVID.parquet,TRUE,0,57.52825450897217,NA,
IBF-TimeSeries/2021-03-22-IBF-TimeSeries.parquet,TRUE,0,3.623047828674317,NA,
Imperial-ensemble2/2020-06-14-Imperial-ensemble2.parquet,TRUE,0,3.259202003479004,NA,
JHU_IDD-CovidSP/2020-04-24-JHU_IDD-CovidSP.parquet,TRUE,0,3.0569393634796143,NA,
JHU_UNC_GAS-StatMechPool/2021-07-18-JHU_UNC_GAS-StatMechPool.parquet,TRUE,0,509.8269641399383,NA,
JHUAPL-Morris/2022-08-28-JHUAPL-Morris.parquet,TRUE,0,50.10710406303406,NA,
Karlen-pypm/2022-07-10-Karlen-pypm.parquet,TRUE,0,66.83345079421997,NA,
LANL-GrowthRate/2021-02-01-LANL-GrowthRate.parquet,TRUE,0,811.6493191719055,NA,
Microsoft-DeepSTIA/2021-10-25-Microsoft-DeepSTIA.parquet,TRUE,0,119.3254656791687,NA,
MIT_ISOLAT-Mixtures/2022-02-14-MIT_ISOLAT-Mixtures.parquet,TRUE,0,14.080559968948364,NA,
MOBS-GLEAM_COVID/2020-12-21-MOBS-GLEAM_COVID.parquet,TRUE,0,11.704929113388062,NA,
MUNI-ARIMA/2021-11-22-MUNI-ARIMA.parquet,TRUE,0,16.14203429222107,NA,
OneQuietNight-ML/2020-12-13-OneQuietNight-ML.parquet,TRUE,0,497.24773025512695,NA,
PSI-DICE/2022-10-03-PSI-DICE.parquet,TRUE,0,55.87845182418823,NA,
PSI-DRAFT/2022-08-29-PSI-DRAFT.parquet,TRUE,0,8.964134216308594,NA,
RobertWalraven-ESG/2021-07-19-RobertWalraven-ESG.parquet,TRUE,0,21.90093183517456,NA,
SGroup-RandomForest/2023-10-09-SGroup-RandomForest.parquet,TRUE,0,30.955610036849976,NA,
STH-3PU/2020-10-12-STH-3PU.parquet,TRUE,0,4.253578424453735,NA,
UA-EpiCovDA/2021-07-11-UA-EpiCovDA.parquet,TRUE,0,11.917915105819702,NA,
UCLA-SuEIR/2022-04-10-UCLA-SuEIR.parquet,TRUE,0,43.90217971801758,NA,
UCSD_NEU-DeepGLEAM/2023-02-13-UCSD_NEU-DeepGLEAM.parquet,TRUE,0,11.470666885375977,NA,
UMass-sarix/2022-11-21-UMass-sarix.parquet,TRUE,0,41.4777512550354,NA,
UMich-RidgeTfReg/2020-09-14-UMich-RidgeTfReg.parquet,FALSE,1,18.84995746612549,"?: Required task ID/output type/output type ID combinations missing.  
 See `missing` attribute for details.",
USC-SI_kJalpha/2021-09-19-USC-SI_kJalpha.parquet,TRUE,0,412.0297465324402,NA,
UT-Osiris/2023-05-22-UT-Osiris.parquet,TRUE,0,20.79276156425476,NA,
WalmartLabsML-LogForecasting/2020-11-08-WalmartLabsML-LogForecasting.parquet,TRUE,0,12.399766206741331,NA,
YYG-ParamSearch/2020-10-01-YYG-ParamSearch.parquet,TRUE,0,12.189672470092772,NA,
AIpert-pwllnod/2021-03-08-AIpert-pwllnod.parquet,FALSE,1,20.74797010421753,"?: Required task ID/output type/output type ID combinations missing.  
 See `missing` attribute for details.",
BPagano-RtDriven/2022-10-09-BPagano-RtDriven.parquet,TRUE,0,72.74432682991028,NA,
CEPH-Rtrend_covid/2024-02-12-CEPH-Rtrend_covid.parquet,TRUE,0,20.5623197555542,NA,
Columbia_UNC-SurvCon/2020-07-19-Columbia_UNC-SurvCon.parquet,TRUE,0,3.485767126083374,NA,
CovidAnalytics-DELPHI/2022-01-31-CovidAnalytics-DELPHI.parquet,TRUE,0,27.348288536071777,NA,
COVIDhub_CDC-ensemble/2023-10-02-COVIDhub_CDC-ensemble.parquet,TRUE,0,30.6525297164917,NA,
COVIDhub-4_week_ensemble/2023-07-24-COVIDhub-4_week_ensemble.parquet,TRUE,0,30.65149688720703,NA,
COVIDhub-baseline/2023-04-24-COVIDhub-baseline.parquet,TRUE,0,30.705037117004395,NA,
COVIDhub-ensemble/2023-02-06-COVIDhub-ensemble.parquet,TRUE,0,160.41369366645813,NA,
COVIDhub-trained_ensemble/2023-11-13-COVIDhub-trained_ensemble.parquet,TRUE,0,31.404757499694824,NA,
CU-scenario_high/2020-05-07-CU-scenario_high.parquet,TRUE,0,7.225713729858398,NA,
CU-scenario_low/2021-12-12-CU-scenario_low.parquet,TRUE,0,747.189492225647,NA,
CU-scenario_mid/2022-06-26-CU-scenario_mid.parquet,TRUE,0,756.7275862693787,NA,
CU-select/2022-12-25-CU-select.parquet,TRUE,0,757.9892649650574,NA,
DDS-NBDS/2021-01-25-DDS-NBDS.parquet,TRUE,0,19.06383776664734,NA,
FAIR-NRAR/2021-02-05-FAIR-NRAR.parquet,TRUE,0,481.72355127334595,NA,
FAIR-NRAR/2021-10-21-FAIR-NRAR.parquet,TRUE,0,480.3787078857422,NA,
Geneva-DetGrowth/2021-02-21-Geneva-DetGrowth.parquet,TRUE,0,4.65911602973938,NA,
GT-DeepCOVID/2021-10-11-GT-DeepCOVID.parquet,TRUE,0,62.86976671218872,NA,
IBF-TimeSeries/2021-03-29-IBF-TimeSeries.parquet,TRUE,0,3.744475841522217,NA,
Imperial-ensemble2/2020-06-21-Imperial-ensemble2.parquet,TRUE,0,3.129356861114502,NA,
JHU_IDD-CovidSP/2020-05-17-JHU_IDD-CovidSP.parquet,TRUE,0,10.16685962677002,NA,
JHU_UNC_GAS-StatMechPool/2021-07-25-JHU_UNC_GAS-StatMechPool.parquet,TRUE,0,497.1336634159088,NA,
JHUAPL-SLPHospEns/2020-12-06-JHUAPL-SLPHospEns.parquet,TRUE,0,58.67007112503052,NA,
Karlen-pypm/2022-07-17-Karlen-pypm.parquet,TRUE,0,67.54728055000305,NA,
LANL-GrowthRate/2021-02-04-LANL-GrowthRate.parquet,TRUE,0,815.9979422092438,NA,
Microsoft-DeepSTIA/2021-11-15-Microsoft-DeepSTIA.parquet,TRUE,0,119.6594591140747,NA,
MIT_ISOLAT-Mixtures/2022-02-21-MIT_ISOLAT-Mixtures.parquet,TRUE,0,13.996124505996704,NA,
MOBS-GLEAM_COVID/2020-12-28-MOBS-GLEAM_COVID.parquet,TRUE,0,61.940791845321655,NA,
MUNI-ARIMA/2021-11-29-MUNI-ARIMA.parquet,TRUE,0,67.5964367389679,NA,
OneQuietNight-ML/2020-12-20-OneQuietNight-ML.parquet,TRUE,0,493.1083562374115,NA,
PSI-DICE/2022-10-10-PSI-DICE.parquet,TRUE,0,58.14602470397949,NA,
PSI-DRAFT/2022-09-05-PSI-DRAFT.parquet,TRUE,0,8.724324226379395,NA,
RobertWalraven-ESG/2021-07-26-RobertWalraven-ESG.parquet,TRUE,0,20.977776765823364,NA,
SGroup-RandomForest/2023-10-16-SGroup-RandomForest.parquet,TRUE,0,30.042001962661743,NA,
STH-3PU/2020-10-18-STH-3PU.parquet,TRUE,0,4.114923000335693,NA,
UA-EpiCovDA/2021-07-18-UA-EpiCovDA.parquet,TRUE,0,12.063677310943604,NA,
UCLA-SuEIR/2022-04-17-UCLA-SuEIR.parquet,TRUE,0,44.174479484558105,NA,
UCSD_NEU-DeepGLEAM/2023-02-20-UCSD_NEU-DeepGLEAM.parquet,TRUE,0,11.757216215133669,NA,
UMass-sarix/2022-11-28-UMass-sarix.parquet,TRUE,0,45.468098163604736,NA,
UMich-RidgeTfReg/2020-09-21-UMich-RidgeTfReg.parquet,FALSE,1,19.88640522956848,"?: Required task ID/output type/output type ID combinations missing.  
 See `missing` attribute for details.",
USC-SI_kJalpha/2021-09-26-USC-SI_kJalpha.parquet,TRUE,0,426.763347864151,NA,
UT-Osiris/2023-06-05-UT-Osiris.parquet,TRUE,0,20.54824686050415,NA,
WalmartLabsML-LogForecasting/2020-11-15-WalmartLabsML-LogForecasting.parquet,TRUE,0,12.187561273574827,NA,
YYG-ParamSearch/2020-10-02-YYG-ParamSearch.parquet,TRUE,0,11.835764408111572,NA,
AIpert-pwllnod/2021-03-15-AIpert-pwllnod.parquet,FALSE,1,20.82328152656555,"?: Required task ID/output type/output type ID combinations missing.  
 See `missing` attribute for details.",
BPagano-RtDriven/2022-10-16-BPagano-RtDriven.parquet,TRUE,0,72.83841228485107,NA,
CEPH-Rtrend_covid/2024-02-19-CEPH-Rtrend_covid.parquet,TRUE,0,20.551960706710815,NA,
Columbia_UNC-SurvCon/2020-07-26-Columbia_UNC-SurvCon.parquet,TRUE,0,5.784800291061401,NA,
CovidAnalytics-DELPHI/2022-02-07-CovidAnalytics-DELPHI.parquet,TRUE,0,26.23746132850647,NA,
COVIDhub_CDC-ensemble/2023-10-09-COVIDhub_CDC-ensemble.parquet,TRUE,0,30.521891832351685,NA,
COVIDhub-4_week_ensemble/2023-07-31-COVIDhub-4_week_ensemble.parquet,TRUE,0,30.552847146987915,NA,
COVIDhub-baseline/2023-05-01-COVIDhub-baseline.parquet,TRUE,0,30.412559747695923,NA,
COVIDhub-ensemble/2023-02-13-COVIDhub-ensemble.parquet,TRUE,0,160.06504487991333,NA,
COVIDhub-trained_ensemble/2023-11-20-COVIDhub-trained_ensemble.parquet,TRUE,0,31.53247332572937,NA,
CU-scenario_high/2020-05-10-CU-scenario_high.parquet,TRUE,0,8.03884482383728,NA,
CU-scenario_low/2021-12-19-CU-scenario_low.parquet,TRUE,0,765.3111615180969,NA,
CU-scenario_mid/2022-07-03-CU-scenario_mid.parquet,TRUE,0,754.1884717941284,NA,
CU-select/2023-01-01-CU-select.parquet,TRUE,0,755.9741044044495,NA,
DDS-NBDS/2021-02-01-DDS-NBDS.parquet,TRUE,0,19.54163098335266,NA,
FAIR-NRAR/2021-02-06-FAIR-NRAR.parquet,TRUE,0,477.58992767333984,NA,
FAIR-NRAR/2021-10-23-FAIR-NRAR.parquet,TRUE,0,485.00670623779297,NA,
Geneva-DetGrowth/2021-02-28-Geneva-DetGrowth.parquet,TRUE,0,4.718956470489502,NA,
GT-DeepCOVID/2021-10-18-GT-DeepCOVID.parquet,TRUE,0,63.707194328308105,NA,
IBF-TimeSeries/2021-04-05-IBF-TimeSeries.parquet,TRUE,0,3.929921150207519,NA,
Imperial-ensemble2/2020-06-28-Imperial-ensemble2.parquet,TRUE,0,3.193652868270874,NA,
JHU_IDD-CovidSP/2020-05-24-JHU_IDD-CovidSP.parquet,TRUE,0,10.4296452999115,NA,
JHU_UNC_GAS-StatMechPool/2021-08-01-JHU_UNC_GAS-StatMechPool.parquet,TRUE,0,488.4811098575592,NA,
JHUAPL-SLPHospEns/2020-12-14-JHUAPL-SLPHospEns.parquet,TRUE,0,58.59095644950867,NA,
Karlen-pypm/2022-07-24-Karlen-pypm.parquet,TRUE,0,67.984787940979,NA,
LANL-GrowthRate/2021-02-08-LANL-GrowthRate.parquet,TRUE,0,830.7413649559021,NA,
Microsoft-DeepSTIA/2021-11-22-Microsoft-DeepSTIA.parquet,TRUE,0,121.1513843536377,NA,
MIT_ISOLAT-Mixtures/2022-02-28-MIT_ISOLAT-Mixtures.parquet,TRUE,0,15.789690256118774,NA,
MOBS-GLEAM_COVID/2021-01-04-MOBS-GLEAM_COVID.parquet,TRUE,0,63.23568034172058,NA,
MUNI-ARIMA/2021-12-06-MUNI-ARIMA.parquet,TRUE,0,69.67069411277771,NA,
OneQuietNight-ML/2020-12-27-OneQuietNight-ML.parquet,TRUE,0,521.1387672424316,NA,
PSI-DICE/2022-10-17-PSI-DICE.parquet,TRUE,0,56.72414684295654,NA,
PSI-DRAFT/2022-09-12-PSI-DRAFT.parquet,TRUE,0,8.554223775863647,NA,
RobertWalraven-ESG/2021-08-02-RobertWalraven-ESG.parquet,TRUE,0,20.602580547332764,NA,
SGroup-RandomForest/2023-10-23-SGroup-RandomForest.parquet,TRUE,0,30.188110828399655,NA,
STH-3PU/2020-10-26-STH-3PU.parquet,TRUE,0,4.215859889984131,NA,
UA-EpiCovDA/2021-07-25-UA-EpiCovDA.parquet,TRUE,0,12.060367822647097,NA,
UCLA-SuEIR/2022-04-24-UCLA-SuEIR.parquet,TRUE,0,44.42841076850891,NA,
UMass-ExpertCrowd/2020-04-13-UMass-ExpertCrowd.parquet,TRUE,0,3.201871156692505,NA,
UMass-sarix/2022-12-05-UMass-sarix.parquet,TRUE,0,43.32409477233887,NA,
UMich-RidgeTfReg/2020-09-28-UMich-RidgeTfReg.parquet,FALSE,1,21.11982250213623,"?: Required task ID/output type/output type ID combinations missing.  
 See `missing` attribute for details.",
USC-SI_kJalpha/2021-10-03-USC-SI_kJalpha.parquet,TRUE,0,422.7642471790314,NA,
UT-Osiris/2023-06-12-UT-Osiris.parquet,TRUE,0,19.779739141464233,NA,
WalmartLabsML-LogForecasting/2020-11-22-WalmartLabsML-LogForecasting.parquet,TRUE,0,11.087982892990112,NA,
YYG-ParamSearch/2020-10-03-YYG-ParamSearch.parquet,TRUE,0,10.972030878067017,NA,
AIpert-pwllnod/2021-03-22-AIpert-pwllnod.parquet,FALSE,1,20.781898021698,"?: Required task ID/output type/output type ID combinations missing.  
 See `missing` attribute for details.",
BPagano-RtDriven/2022-10-23-BPagano-RtDriven.parquet,TRUE,0,72.6417326927185,NA,
CEPH-Rtrend_covid/2024-02-26-CEPH-Rtrend_covid.parquet,TRUE,0,20.584755897521973,NA,
Columbia_UNC-SurvCon/2020-08-02-Columbia_UNC-SurvCon.parquet,TRUE,0,5.827611684799194,NA,
CovidAnalytics-DELPHI/2022-02-14-CovidAnalytics-DELPHI.parquet,TRUE,0,26.015515565872192,NA,
COVIDhub_CDC-ensemble/2023-10-16-COVIDhub_CDC-ensemble.parquet,TRUE,0,30.08560013771057,NA,
COVIDhub-4_week_ensemble/2023-08-07-COVIDhub-4_week_ensemble.parquet,TRUE,0,29.632176637649536,NA,
COVIDhub-baseline/2023-05-08-COVIDhub-baseline.parquet,TRUE,0,30.425382137298584,NA,
COVIDhub-ensemble/2023-02-20-COVIDhub-ensemble.parquet,TRUE,0,38.90996718406677,NA,
COVIDhub-trained_ensemble/2023-11-27-COVIDhub-trained_ensemble.parquet,TRUE,0,31.492748737335205,NA,
CU-scenario_high/2020-05-14-CU-scenario_high.parquet,TRUE,0,7.432753086090088,NA,
CU-scenario_low/2021-12-26-CU-scenario_low.parquet,TRUE,0,771.435736656189,NA,
CU-scenario_mid/2022-07-17-CU-scenario_mid.parquet,TRUE,0,803.2198736667633,NA,
CU-select/2023-01-08-CU-select.parquet,TRUE,0,760.6658701896667,NA,
DDS-NBDS/2021-02-08-DDS-NBDS.parquet,TRUE,0,18.508581399917603,NA,
FAIR-NRAR/2021-02-07-FAIR-NRAR.parquet,TRUE,0,485.0504536628723,NA,
FAIR-NRAR/2021-10-24-FAIR-NRAR.parquet,TRUE,0,484.7747573852539,NA,
Geneva-DetGrowth/2021-03-07-Geneva-DetGrowth.parquet,TRUE,0,4.645616292953491,NA,
GT-DeepCOVID/2021-10-25-GT-DeepCOVID.parquet,TRUE,0,59.71693658828735,NA,
IBF-TimeSeries/2021-04-12-IBF-TimeSeries.parquet,TRUE,0,3.645951509475708,NA,
IowaStateLW-STEM/2020-04-26-IowaStateLW-STEM.parquet,FALSE,1,17.753055334091187,"?: Required task ID/output type/output type ID combinations missing.  
 See `missing` attribute for details.",
JHU_IDD-CovidSP/2020-05-31-JHU_IDD-CovidSP.parquet,TRUE,0,10.217407703399658,NA,
JHU_UNC_GAS-StatMechPool/2021-08-08-JHU_UNC_GAS-StatMechPool.parquet,TRUE,0,495.459210395813,NA,
JHUAPL-SLPHospEns/2020-12-21-JHUAPL-SLPHospEns.parquet,TRUE,0,59.34461045265198,NA,
Karlen-pypm/2022-07-31-Karlen-pypm.parquet,TRUE,0,69.18468904495239,NA,
LANL-GrowthRate/2021-02-11-LANL-GrowthRate.parquet,TRUE,0,843.890837430954,NA,
Microsoft-DeepSTIA/2021-11-29-Microsoft-DeepSTIA.parquet,TRUE,0,119.80356645584106,NA,
MIT_ISOLAT-Mixtures/2022-03-07-MIT_ISOLAT-Mixtures.parquet,TRUE,0,14.228002548217772,NA,
MOBS-GLEAM_COVID/2021-01-11-MOBS-GLEAM_COVID.parquet,TRUE,0,68.01265025138855,NA,
MUNI-ARIMA/2021-12-13-MUNI-ARIMA.parquet,TRUE,0,69.77990913391113,NA,
OneQuietNight-ML/2021-01-03-OneQuietNight-ML.parquet,TRUE,0,489.08230900764465,NA,
PSI-DICE/2022-10-23-PSI-DICE.parquet,TRUE,0,54.64610147476196,NA,
PSI-DRAFT/2022-09-19-PSI-DRAFT.parquet,TRUE,0,8.688473224639893,NA,
RobertWalraven-ESG/2021-08-09-RobertWalraven-ESG.parquet,TRUE,0,20.69447875022888,NA,
SGroup-RandomForest/2023-10-30-SGroup-RandomForest.parquet,TRUE,0,30.568999528884888,NA,
STH-3PU/2020-11-01-STH-3PU.parquet,TRUE,0,4.201630592346191,NA,
UA-EpiCovDA/2021-08-01-UA-EpiCovDA.parquet,TRUE,0,11.905115365982056,NA,
UCLA-SuEIR/2022-05-01-UCLA-SuEIR.parquet,TRUE,0,43.20349621772766,NA,
UMass-ExpertCrowd/2020-04-20-UMass-ExpertCrowd.parquet,TRUE,0,3.278594970703125,NA,
UMass-sarix/2022-12-12-UMass-sarix.parquet,TRUE,0,45.33498167991638,NA,
UMich-RidgeTfReg/2020-10-05-UMich-RidgeTfReg.parquet,FALSE,1,19.372974157333378,"?: Required task ID/output type/output type ID combinations missing.  
 See `missing` attribute for details.",
USC-SI_kJalpha/2021-10-10-USC-SI_kJalpha.parquet,TRUE,0,432.0464451313019,NA,
UT-Osiris/2023-06-26-UT-Osiris.parquet,TRUE,0,19.36969494819641,NA,
WalmartLabsML-LogForecasting/2020-11-29-WalmartLabsML-LogForecasting.parquet,TRUE,0,12.141112565994264,NA,
YYG-ParamSearch/2020-10-04-YYG-ParamSearch.parquet,TRUE,0,12.0288724899292,NA,
AIpert-pwllnod/2021-03-29-AIpert-pwllnod.parquet,FALSE,1,20.88099980354309,"?: Required task ID/output type/output type ID combinations missing.  
 See `missing` attribute for details.",
BPagano-RtDriven/2022-10-30-BPagano-RtDriven.parquet,TRUE,0,70.47351169586182,NA,
CEPH-Rtrend_covid/2024-03-04-CEPH-Rtrend_covid.parquet,TRUE,0,21.448994159698486,NA,
Columbia_UNC-SurvCon/2020-08-09-Columbia_UNC-SurvCon.parquet,TRUE,0,5.703176021575928,NA,
CovidAnalytics-DELPHI/2022-02-21-CovidAnalytics-DELPHI.parquet,TRUE,0,25.99776816368103,NA,
COVIDhub_CDC-ensemble/2023-10-23-COVIDhub_CDC-ensemble.parquet,TRUE,0,30.33814787864685,NA,
COVIDhub-4_week_ensemble/2023-08-14-COVIDhub-4_week_ensemble.parquet,TRUE,0,29.86089968681335,NA,
COVIDhub-baseline/2023-05-15-COVIDhub-baseline.parquet,TRUE,0,30.513447999954224,NA,
COVIDhub-ensemble/2023-02-27-COVIDhub-ensemble.parquet,TRUE,0,38.52002167701721,NA,
COVIDhub-trained_ensemble/2023-12-04-COVIDhub-trained_ensemble.parquet,TRUE,0,30.625241994857788,NA,
CU-scenario_high/2020-05-17-CU-scenario_high.parquet,TRUE,0,6.707545042037964,NA,
CU-scenario_low/2022-01-02-CU-scenario_low.parquet,TRUE,0,787.0585443973541,NA,
CU-scenario_mid/2022-07-24-CU-scenario_mid.parquet,TRUE,0,781.2749636173248,NA,
CU-select/2023-01-15-CU-select.parquet,TRUE,0,756.8477034568787,NA,
DDS-NBDS/2021-02-22-DDS-NBDS.parquet,TRUE,0,18.83002734184265,NA,
FAIR-NRAR/2021-02-08-FAIR-NRAR.parquet,TRUE,0,478.320228099823,NA,
FAIR-NRAR/2021-10-25-FAIR-NRAR.parquet,TRUE,0,477.6991462707519,NA,
Geneva-DetGrowth/2021-03-14-Geneva-DetGrowth.parquet,TRUE,0,4.645694017410278,NA,
GT-DeepCOVID/2021-11-01-GT-DeepCOVID.parquet,TRUE,0,60.31328749656677,NA,
IBF-TimeSeries/2021-04-19-IBF-TimeSeries.parquet,TRUE,0,3.705924272537231,NA,
IowaStateLW-STEM/2020-05-01-IowaStateLW-STEM.parquet,FALSE,1,17.852684020996094,"?: Required task ID/output type/output type ID combinations missing.  
 See `missing` attribute for details.",
JHU_IDD-CovidSP/2020-06-07-JHU_IDD-CovidSP.parquet,TRUE,0,10.26093602180481,NA,
JHU_UNC_GAS-StatMechPool/2021-08-15-JHU_UNC_GAS-StatMechPool.parquet,TRUE,0,480.35019278526306,NA,
JHUAPL-SLPHospEns/2020-12-28-JHUAPL-SLPHospEns.parquet,TRUE,0,57.67203450202942,NA,
Karlen-pypm/2022-08-07-Karlen-pypm.parquet,TRUE,0,69.53218984603882,NA,
LANL-GrowthRate/2021-02-15-LANL-GrowthRate.parquet,TRUE,0,833.7001566886902,NA,
Microsoft-DeepSTIA/2021-12-06-Microsoft-DeepSTIA.parquet,TRUE,0,120.23419308662416,NA,
MIT_ISOLAT-Mixtures/2022-03-14-MIT_ISOLAT-Mixtures.parquet,TRUE,0,15.271564960479736,NA,
MOBS-GLEAM_COVID/2021-01-18-MOBS-GLEAM_COVID.parquet,TRUE,0,69.78719210624695,NA,
MUNI-ARIMA/2021-12-20-MUNI-ARIMA.parquet,TRUE,0,67.8357744216919,NA,
OneQuietNight-ML/2021-01-10-OneQuietNight-ML.parquet,TRUE,0,508.4419033527374,NA,
PSI-DICE/2022-10-31-PSI-DICE.parquet,TRUE,0,56.102290391922,NA,
PSI-DRAFT/2022-09-26-PSI-DRAFT.parquet,TRUE,0,8.406565189361572,NA,
RobertWalraven-ESG/2021-08-16-RobertWalraven-ESG.parquet,TRUE,0,21.008429050445557,NA,
SGroup-RandomForest/2023-11-06-SGroup-RandomForest.parquet,TRUE,0,30.649329662323,NA,
SWC-TerminusCM/2020-05-25-SWC-TerminusCM.parquet,TRUE,0,7.445704460144043,NA,
UA-EpiCovDA/2021-08-08-UA-EpiCovDA.parquet,TRUE,0,12.353050708770752,NA,
UCLA-SuEIR/2022-05-08-UCLA-SuEIR.parquet,TRUE,0,46.1951916217804,NA,
UMass-gbq/2022-11-27-UMass-gbq.parquet,TRUE,0,53.97564768791199,NA,
UMass-sarix/2022-12-19-UMass-sarix.parquet,TRUE,0,47.70198583602905,NA,
UMich-RidgeTfReg/2020-10-12-UMich-RidgeTfReg.parquet,FALSE,1,20.75579023361206,"?: Required task ID/output type/output type ID combinations missing.  
 See `missing` attribute for details.",
USC-SI_kJalpha/2021-10-17-USC-SI_kJalpha.parquet,TRUE,0,419.8619592189789,NA,
UT-Osiris/2023-07-03-UT-Osiris.parquet,TRUE,0,18.30649971961975,NA,
WalmartLabsML-LogForecasting/2020-12-06-WalmartLabsML-LogForecasting.parquet,TRUE,0,11.703511714935305,NA,
YYG-ParamSearch/2020-10-05-YYG-ParamSearch.parquet,TRUE,0,11.328254222869871,NA,
AIpert-pwllnod/2021-04-05-AIpert-pwllnod.parquet,FALSE,1,20.618334531784058,"?: Required task ID/output type/output type ID combinations missing.  
 See `missing` attribute for details.",
BPagano-RtDriven/2022-11-06-BPagano-RtDriven.parquet,TRUE,0,72.69038796424866,NA,
CEPH-Rtrend_covid/2024-03-11-CEPH-Rtrend_covid.parquet,TRUE,0,20.57986831665039,NA,
Columbia_UNC-SurvCon/2020-08-16-Columbia_UNC-SurvCon.parquet,TRUE,0,5.834773063659668,NA,
CovidAnalytics-DELPHI/2022-02-28-CovidAnalytics-DELPHI.parquet,TRUE,0,26.103981494903564,NA,
COVIDhub_CDC-ensemble/2023-10-30-COVIDhub_CDC-ensemble.parquet,TRUE,0,29.81847906112671,NA,
COVIDhub-4_week_ensemble/2023-08-21-COVIDhub-4_week_ensemble.parquet,TRUE,0,29.96027135848999,NA,
COVIDhub-baseline/2023-05-22-COVIDhub-baseline.parquet,TRUE,0,30.35016632080078,NA,
COVIDhub-ensemble/2023-03-06-COVIDhub-ensemble.parquet,TRUE,0,16.78440284729004,NA,
COVIDhub-trained_ensemble/2023-12-11-COVIDhub-trained_ensemble.parquet,TRUE,0,30.79006314277649,NA,
CU-scenario_high/2020-05-21-CU-scenario_high.parquet,TRUE,0,5.450398206710815,NA,
CU-scenario_low/2022-01-09-CU-scenario_low.parquet,TRUE,0,808.7193670272827,NA,
CU-scenario_mid/2022-07-31-CU-scenario_mid.parquet,TRUE,0,752.0786814689636,NA,
CU-select/2023-01-22-CU-select.parquet,TRUE,0,763.0800623893738,NA,
DDS-NBDS/2021-03-01-DDS-NBDS.parquet,TRUE,0,18.220633029937744,NA,
FAIR-NRAR/2021-02-12-FAIR-NRAR.parquet,TRUE,0,461.0398142337799,NA,
FAIR-NRAR/2021-10-26-FAIR-NRAR.parquet,TRUE,0,494.18141627311707,NA,
Geneva-DetGrowth/2021-03-21-Geneva-DetGrowth.parquet,TRUE,0,4.828031301498413,NA,
GT-DeepCOVID/2021-11-08-GT-DeepCOVID.parquet,TRUE,0,61.20008611679077,NA,
IBF-TimeSeries/2021-04-26-IBF-TimeSeries.parquet,TRUE,0,3.664738893508911,NA,
IowaStateLW-STEM/2020-05-17-IowaStateLW-STEM.parquet,TRUE,0,16.44075894355774,NA,
JHU_IDD-CovidSP/2020-06-14-JHU_IDD-CovidSP.parquet,TRUE,0,9.821854829788208,NA,
JHU_UNC_GAS-StatMechPool/2021-08-22-JHU_UNC_GAS-StatMechPool.parquet,TRUE,0,490.3920359611511,NA,
JHUAPL-SLPHospEns/2021-01-04-JHUAPL-SLPHospEns.parquet,TRUE,0,58.40333318710327,NA,
Karlen-pypm/2022-08-14-Karlen-pypm.parquet,TRUE,0,66.17371988296509,NA,
LANL-GrowthRate/2021-02-18-LANL-GrowthRate.parquet,TRUE,0,823.1992681026459,NA,
Microsoft-DeepSTIA/2021-12-13-Microsoft-DeepSTIA.parquet,TRUE,0,119.04594278335573,NA,
MIT_ISOLAT-Mixtures/2022-03-21-MIT_ISOLAT-Mixtures.parquet,TRUE,0,12.855865001678469,NA,
MOBS-GLEAM_COVID/2021-01-25-MOBS-GLEAM_COVID.parquet,TRUE,0,68.49851989746094,NA,
MUNI-ARIMA/2021-12-27-MUNI-ARIMA.parquet,TRUE,0,72.47911834716797,NA,
OneQuietNight-ML/2021-01-17-OneQuietNight-ML.parquet,TRUE,0,483.868878364563,NA,
PSI-DICE/2022-11-07-PSI-DICE.parquet,TRUE,0,56.269755601882935,NA,
PSI-DRAFT/2022-10-03-PSI-DRAFT.parquet,TRUE,0,8.837096929550171,NA,
RobertWalraven-ESG/2021-08-23-RobertWalraven-ESG.parquet,TRUE,0,20.69456648826599,NA,
SGroup-RandomForest/2023-11-13-SGroup-RandomForest.parquet,TRUE,0,30.07427453994751,NA,
SWC-TerminusCM/2020-05-29-SWC-TerminusCM.parquet,TRUE,0,7.69099235534668,NA,
UA-EpiCovDA/2021-08-15-UA-EpiCovDA.parquet,TRUE,0,12.24476957321167,NA,
UCLA-SuEIR/2022-05-15-UCLA-SuEIR.parquet,TRUE,0,45.91559910774231,NA,
UMass-gbq/2022-12-04-UMass-gbq.parquet,TRUE,0,56.99500298500061,NA,
UMass-sarix/2022-12-26-UMass-sarix.parquet,TRUE,0,45.06557106971741,NA,
UMich-RidgeTfReg/2020-10-19-UMich-RidgeTfReg.parquet,FALSE,1,19.321243047714233,"?: Required task ID/output type/output type ID combinations missing.  
 See `missing` attribute for details.",
USC-SI_kJalpha/2021-10-24-USC-SI_kJalpha.parquet,TRUE,0,422.6894383430481,NA,
UT-Osiris/2023-07-17-UT-Osiris.parquet,TRUE,0,19.53766679763794,NA,
WalmartLabsML-LogForecasting/2020-12-13-WalmartLabsML-LogForecasting.parquet,TRUE,0,11.660904169082642,NA,
AIpert-pwllnod/2021-04-12-AIpert-pwllnod.parquet,FALSE,1,20.81529426574707,"?: Required task ID/output type/output type ID combinations missing.  
 See `missing` attribute for details.",
BPagano-RtDriven/2022-11-13-BPagano-RtDriven.parquet,TRUE,0,73.06810760498047,NA,
CEPH-Rtrend_covid/2024-03-18-CEPH-Rtrend_covid.parquet,TRUE,0,20.57453989982605,NA,
Columbia_UNC-SurvCon/2020-08-23-Columbia_UNC-SurvCon.parquet,TRUE,0,5.825133562088013,NA,
CovidAnalytics-DELPHI/2022-03-07-CovidAnalytics-DELPHI.parquet,TRUE,0,26.210896492004395,NA,
COVIDhub_CDC-ensemble/2023-11-06-COVIDhub_CDC-ensemble.parquet,TRUE,0,30.071778297424316,NA,
COVIDhub-4_week_ensemble/2023-08-28-COVIDhub-4_week_ensemble.parquet,TRUE,0,29.929750204086304,NA,
COVIDhub-baseline/2023-05-29-COVIDhub-baseline.parquet,TRUE,0,30.514265775680546,NA,
COVIDhub-ensemble/2023-03-13-COVIDhub-ensemble.parquet,TRUE,0,16.71470022201538,NA,
COVIDhub-trained_ensemble/2023-12-18-COVIDhub-trained_ensemble.parquet,TRUE,0,30.808698892593384,NA,
CU-scenario_high/2020-05-24-CU-scenario_high.parquet,TRUE,0,6.239543914794922,NA,
CU-scenario_low/2022-01-16-CU-scenario_low.parquet,TRUE,0,804.0738892555237,NA,
CU-scenario_mid/2022-08-07-CU-scenario_mid.parquet,TRUE,0,754.0172753334045,NA,
CU-select/2023-01-29-CU-select.parquet,TRUE,0,760.8210213184357,NA,
DDS-NBDS/2021-03-08-DDS-NBDS.parquet,TRUE,0,18.48207640647888,NA,
FAIR-NRAR/2021-02-13-FAIR-NRAR.parquet,TRUE,0,462.9375879764557,NA,
FAIR-NRAR/2021-10-27-FAIR-NRAR.parquet,TRUE,0,484.68763995170593,NA,
Geneva-DetGrowth/2021-03-28-Geneva-DetGrowth.parquet,TRUE,0,4.537540674209595,NA,
GT-DeepCOVID/2021-11-15-GT-DeepCOVID.parquet,TRUE,0,60.646376609802246,NA,
IBF-TimeSeries/2021-05-03-IBF-TimeSeries.parquet,TRUE,0,3.566490888595581,NA,
IowaStateLW-STEM/2020-05-24-IowaStateLW-STEM.parquet,TRUE,0,17.149380683898926,NA,
JHU_IDD-CovidSP/2020-06-21-JHU_IDD-CovidSP.parquet,TRUE,0,9.490056037902832,NA,
JHU_UNC_GAS-StatMechPool/2021-08-29-JHU_UNC_GAS-StatMechPool.parquet,TRUE,0,487.573548078537,NA,
JHUAPL-SLPHospEns/2021-01-11-JHUAPL-SLPHospEns.parquet,TRUE,0,58.85585331916809,NA,
Karlen-pypm/2022-08-21-Karlen-pypm.parquet,TRUE,0,66.23285961151123,NA,
LANL-GrowthRate/2021-02-22-LANL-GrowthRate.parquet,TRUE,0,824.4701151847839,NA,
Microsoft-DeepSTIA/2021-12-20-Microsoft-DeepSTIA.parquet,TRUE,0,119.08609819412231,NA,
MIT_ISOLAT-Mixtures/2022-03-28-MIT_ISOLAT-Mixtures.parquet,TRUE,0,12.184799909591677,NA,
MOBS-GLEAM_COVID/2021-02-01-MOBS-GLEAM_COVID.parquet,TRUE,0,68.34006524085999,NA,
MUNI-ARIMA/2022-01-03-MUNI-ARIMA.parquet,TRUE,0,62.86487174034119,NA,
OneQuietNight-ML/2021-01-24-OneQuietNight-ML.parquet,TRUE,0,497.31343173980713,NA,
PSI-DICE/2022-11-14-PSI-DICE.parquet,TRUE,0,55.779287576675415,NA,
PSI-DRAFT/2022-10-10-PSI-DRAFT.parquet,TRUE,0,8.500121355056763,NA,
RobertWalraven-ESG/2021-08-30-RobertWalraven-ESG.parquet,TRUE,0,20.51338768005371,NA,
SGroup-RandomForest/2023-11-20-SGroup-RandomForest.parquet,TRUE,0,30.663417100906372,NA,
SWC-TerminusCM/2020-05-30-SWC-TerminusCM.parquet,TRUE,0,7.608882427215576,NA,
UA-EpiCovDA/2021-08-22-UA-EpiCovDA.parquet,TRUE,0,11.81154203414917,NA,
UCLA-SuEIR/2022-05-22-UCLA-SuEIR.parquet,TRUE,0,43.658928632736206,NA,
UMass-gbq/2022-12-12-UMass-gbq.parquet,TRUE,0,56.31187868118286,NA,
UMass-sarix/2023-01-01-UMass-sarix.parquet,TRUE,0,45.56209111213684,NA,
UMich-RidgeTfReg/2020-10-26-UMich-RidgeTfReg.parquet,FALSE,1,19.603351354599,"?: Required task ID/output type/output type ID combinations missing.  
 See `missing` attribute for details.",
USC-SI_kJalpha/2021-10-31-USC-SI_kJalpha.parquet,TRUE,0,422.52390789985657,NA,
UT-Osiris/2023-07-31-UT-Osiris.parquet,TRUE,0,19.734495878219604,NA,
WalmartLabsML-LogForecasting/2020-12-20-WalmartLabsML-LogForecasting.parquet,TRUE,0,12.146013498306274,NA,
AIpert-pwllnod/2021-04-19-AIpert-pwllnod.parquet,FALSE,1,20.9290235042572,"?: Required task ID/output type/output type ID combinations missing.  
 See `missing` attribute for details.",
BPagano-RtDriven/2022-11-20-BPagano-RtDriven.parquet,TRUE,0,74.58277320861816,NA,
CEPH-Rtrend_covid/2024-03-25-CEPH-Rtrend_covid.parquet,TRUE,0,21.033211946487427,NA,
Columbia_UNC-SurvCon/2020-08-30-Columbia_UNC-SurvCon.parquet,TRUE,0,5.889338731765747,NA,
CovidAnalytics-DELPHI/2022-03-14-CovidAnalytics-DELPHI.parquet,TRUE,0,26.750977754592896,NA,
COVIDhub_CDC-ensemble/2023-11-13-COVIDhub_CDC-ensemble.parquet,TRUE,0,30.480958223342896,NA,
COVIDhub-4_week_ensemble/2023-09-04-COVIDhub-4_week_ensemble.parquet,TRUE,0,29.953354120254517,NA,
COVIDhub-baseline/2023-06-05-COVIDhub-baseline.parquet,TRUE,0,30.90678977966309,NA,
COVIDhub-ensemble/2023-03-20-COVIDhub-ensemble.parquet,TRUE,0,17.217403411865234,NA,
COVIDhub-trained_ensemble/2023-12-25-COVIDhub-trained_ensemble.parquet,TRUE,0,31.373658418655396,NA,
CU-scenario_high/2020-05-28-CU-scenario_high.parquet,TRUE,0,5.64870810508728,NA,
CU-scenario_low/2022-01-23-CU-scenario_low.parquet,TRUE,0,827.6465482711792,NA,
CU-scenario_mid/2022-08-14-CU-scenario_mid.parquet,TRUE,0,774.1235346794128,NA,
CU-select/2023-02-05-CU-select.parquet,TRUE,0,793.2705519199371,NA,
DDS-NBDS/2021-03-15-DDS-NBDS.parquet,TRUE,0,19.938791036605835,NA,
FAIR-NRAR/2021-02-15-FAIR-NRAR.parquet,TRUE,0,503.8902499675751,NA,
FAIR-NRAR/2021-10-28-FAIR-NRAR.parquet,TRUE,0,497.4856765270233,NA,
Geneva-DetGrowth/2021-04-04-Geneva-DetGrowth.parquet,TRUE,0,4.918667793273926,NA,
GT-DeepCOVID/2021-11-22-GT-DeepCOVID.parquet,TRUE,0,65.9850103855133,NA,
IBF-TimeSeries/2021-05-10-IBF-TimeSeries.parquet,TRUE,0,3.786569833755493,NA,
IowaStateLW-STEM/2020-05-31-IowaStateLW-STEM.parquet,TRUE,0,19.06961345672607,NA,
JHU_IDD-CovidSP/2020-06-28-JHU_IDD-CovidSP.parquet,TRUE,0,11.195443153381348,NA,
JHU_UNC_GAS-StatMechPool/2021-09-05-JHU_UNC_GAS-StatMechPool.parquet,TRUE,0,508.32225465774536,NA,
JHUAPL-SLPHospEns/2021-01-18-JHUAPL-SLPHospEns.parquet,TRUE,0,63.392213582992554,NA,
Karlen-pypm/2022-08-28-Karlen-pypm.parquet,TRUE,0,73.48457837104797,NA,
LANL-GrowthRate/2021-02-25-LANL-GrowthRate.parquet,TRUE,0,869.3408374786377,NA,
Microsoft-DeepSTIA/2021-12-27-Microsoft-DeepSTIA.parquet,TRUE,0,131.70560598373413,NA,
MIT_ISOLAT-Mixtures/2022-04-04-MIT_ISOLAT-Mixtures.parquet,TRUE,0,11.036588191986084,NA,
MOBS-GLEAM_COVID/2021-02-08-MOBS-GLEAM_COVID.parquet,TRUE,0,70.54219150543213,NA,
MUNI-ARIMA/2022-01-10-MUNI-ARIMA.parquet,TRUE,0,67.97784996032715,NA,
OneQuietNight-ML/2021-01-31-OneQuietNight-ML.parquet,TRUE,0,509.72032499313354,NA,
PSI-DICE/2022-11-21-PSI-DICE.parquet,TRUE,0,57.542317152023315,NA,
PSI-DRAFT/2022-10-17-PSI-DRAFT.parquet,TRUE,0,9.028976917266846,NA,
RobertWalraven-ESG/2021-09-06-RobertWalraven-ESG.parquet,TRUE,0,21.579302549362183,NA,
SGroup-RandomForest/2023-11-27-SGroup-RandomForest.parquet,TRUE,0,31.846462965011597,NA,
SWC-TerminusCM/2020-06-07-SWC-TerminusCM.parquet,TRUE,0,12.779838800430298,NA,
UA-EpiCovDA/2021-08-29-UA-EpiCovDA.parquet,TRUE,0,12.604063272476196,NA,
UCLA-SuEIR/2022-05-29-UCLA-SuEIR.parquet,TRUE,0,47.17305374145508,NA,
UMass-gbq/2022-12-19-UMass-gbq.parquet,TRUE,0,57.34126543998718,NA,
UMass-sarix/2023-01-09-UMass-sarix.parquet,TRUE,0,45.73280715942383,NA,
UMich-RidgeTfReg/2020-11-02-UMich-RidgeTfReg.parquet,FALSE,1,19.314013481140137,"?: Required task ID/output type/output type ID combinations missing.  
 See `missing` attribute for details.",
USC-SI_kJalpha/2021-11-07-USC-SI_kJalpha.parquet,TRUE,0,387.5175817012787,NA,
UT-Osiris/2023-08-07-UT-Osiris.parquet,TRUE,0,20.03662157058716,NA,
WalmartLabsML-LogForecasting/2021-01-03-WalmartLabsML-LogForecasting.parquet,TRUE,0,11.821725130081177,NA,
AIpert-pwllnod/2021-04-26-AIpert-pwllnod.parquet,FALSE,1,20.720215797424316,"?: Required task ID/output type/output type ID combinations missing.  
 See `missing` attribute for details.",
BPagano-RtDriven/2022-11-27-BPagano-RtDriven.parquet,TRUE,0,73.9419367313385,NA,
CEPH-Rtrend_covid/2024-04-01-CEPH-Rtrend_covid.parquet,TRUE,0,20.610559701919556,NA,
Columbia_UNC-SurvCon/2020-09-06-Columbia_UNC-SurvCon.parquet,TRUE,0,11.832068920135498,NA,
CovidAnalytics-DELPHI/2022-03-21-CovidAnalytics-DELPHI.parquet,TRUE,0,26.317280530929565,NA,
COVIDhub_CDC-ensemble/2023-11-20-COVIDhub_CDC-ensemble.parquet,TRUE,0,29.9836688041687,NA,
COVIDhub-4_week_ensemble/2023-09-11-COVIDhub-4_week_ensemble.parquet,TRUE,0,30.409895420074463,NA,
COVIDhub-baseline/2023-06-12-COVIDhub-baseline.parquet,TRUE,0,30.485790014266968,NA,
COVIDhub-ensemble/2023-03-27-COVIDhub-ensemble.parquet,TRUE,0,16.28624153137207,NA,
COVIDhub-trained_ensemble/2024-01-01-COVIDhub-trained_ensemble.parquet,TRUE,0,30.50890278816223,NA,
CU-scenario_high/2020-05-31-CU-scenario_high.parquet,TRUE,0,6.088070631027222,NA,
CU-scenario_low/2022-01-30-CU-scenario_low.parquet,TRUE,0,813.6216580867767,NA,
CU-scenario_mid/2022-08-21-CU-scenario_mid.parquet,TRUE,0,800.4416499137878,NA,
CU-select/2023-02-12-CU-select.parquet,TRUE,0,822.2090609073639,NA,
DDS-NBDS/2021-03-22-DDS-NBDS.parquet,TRUE,0,20.203334093093872,NA,
FAIR-NRAR/2021-02-16-FAIR-NRAR.parquet,TRUE,0,470.7082350254059,NA,
FAIR-NRAR/2021-10-30-FAIR-NRAR.parquet,TRUE,0,500.9285366535187,NA,
Geneva-DetGrowth/2021-04-11-Geneva-DetGrowth.parquet,TRUE,0,4.913022041320801,NA,
GT-DeepCOVID/2021-11-29-GT-DeepCOVID.parquet,TRUE,0,60.62522578239441,NA,
IBF-TimeSeries/2021-05-17-IBF-TimeSeries.parquet,TRUE,0,3.80169415473938,NA,
IowaStateLW-STEM/2020-06-07-IowaStateLW-STEM.parquet,TRUE,0,18.464646577835083,NA,
JHU_IDD-CovidSP/2020-07-05-JHU_IDD-CovidSP.parquet,TRUE,0,12.274725437164308,NA,
JHU_UNC_GAS-StatMechPool/2021-09-12-JHU_UNC_GAS-StatMechPool.parquet,TRUE,0,505.3361265659332,NA,
JHUAPL-SLPHospEns/2021-01-25-JHUAPL-SLPHospEns.parquet,TRUE,0,61.15154147148132,NA,
Karlen-pypm/2022-09-04-Karlen-pypm.parquet,TRUE,0,79.43003153800964,NA,
LANL-GrowthRate/2021-03-01-LANL-GrowthRate.parquet,TRUE,0,854.5241930484772,NA,
Microsoft-DeepSTIA/2022-01-03-Microsoft-DeepSTIA.parquet,TRUE,0,127.82417798042296,NA,
MIT_ISOLAT-Mixtures/2022-04-11-MIT_ISOLAT-Mixtures.parquet,TRUE,0,10.15720510482788,NA,
MOBS-GLEAM_COVID/2021-02-15-MOBS-GLEAM_COVID.parquet,TRUE,0,77.9649772644043,NA,
MUNI-ARIMA/2022-01-17-MUNI-ARIMA.parquet,TRUE,0,64.88219451904297,NA,
OneQuietNight-ML/2021-02-07-OneQuietNight-ML.parquet,TRUE,0,520.8349733352661,NA,
PSI-DICE/2022-11-28-PSI-DICE.parquet,TRUE,0,55.96548390388489,NA,
PSI-DRAFT/2022-10-23-PSI-DRAFT.parquet,TRUE,0,9.075174570083618,NA,
RobertWalraven-ESG/2021-09-13-RobertWalraven-ESG.parquet,TRUE,0,22.39045286178589,NA,
SGroup-RandomForest/2023-12-04-SGroup-RandomForest.parquet,TRUE,0,31.5741446018219,NA,
SWC-TerminusCM/2020-06-15-SWC-TerminusCM.parquet,TRUE,0,15.490257978439333,NA,
UA-EpiCovDA/2021-09-06-UA-EpiCovDA.parquet,TRUE,0,12.824340105056764,NA,
UCLA-SuEIR/2022-06-05-UCLA-SuEIR.parquet,TRUE,0,46.97420406341553,NA,
UMass-gbq/2022-12-26-UMass-gbq.parquet,TRUE,0,59.366658449172974,NA,
UMass-sarix/2023-01-16-UMass-sarix.parquet,TRUE,0,47.451699018478394,NA,
UMich-RidgeTfReg/2020-11-09-UMich-RidgeTfReg.parquet,FALSE,1,20.1770658493042,"?: Required task ID/output type/output type ID combinations missing.  
 See `missing` attribute for details.",
USC-SI_kJalpha/2021-11-14-USC-SI_kJalpha.parquet,TRUE,0,429.9174087047577,NA,
UT-Osiris/2023-08-14-UT-Osiris.parquet,TRUE,0,21.209773540496823,NA,
WalmartLabsML-LogForecasting/2021-01-10-WalmartLabsML-LogForecasting.parquet,TRUE,0,13.754207372665403,NA,
AIpert-pwllnod/2021-05-03-AIpert-pwllnod.parquet,FALSE,1,21.205511808395386,"?: Required task ID/output type/output type ID combinations missing.  
 See `missing` attribute for details.",
BPagano-RtDriven/2022-12-04-BPagano-RtDriven.parquet,TRUE,0,78.07710337638855,NA,
CEPH-Rtrend_covid/2024-04-08-CEPH-Rtrend_covid.parquet,TRUE,0,21.71392321586609,NA,
Columbia_UNC-SurvCon/2020-09-13-Columbia_UNC-SurvCon.parquet,TRUE,0,12.333456039428713,NA,
CovidAnalytics-DELPHI/2022-03-28-CovidAnalytics-DELPHI.parquet,TRUE,0,29.21114158630371,NA,
COVIDhub_CDC-ensemble/2023-11-27-COVIDhub_CDC-ensemble.parquet,TRUE,0,31.66500735282898,NA,
COVIDhub-4_week_ensemble/2023-09-18-COVIDhub-4_week_ensemble.parquet,TRUE,0,31.75346875190735,NA,
COVIDhub-baseline/2023-06-19-COVIDhub-baseline.parquet,TRUE,0,31.574737548828125,NA,
COVIDhub-ensemble/2023-04-03-COVIDhub-ensemble.parquet,TRUE,0,17.303515434265137,NA,
COVIDhub-trained_ensemble/2024-01-08-COVIDhub-trained_ensemble.parquet,TRUE,0,31.613991737365723,NA,
CU-scenario_high/2020-06-04-CU-scenario_high.parquet,TRUE,0,5.980798006057739,NA,
CU-scenario_low/2022-02-06-CU-scenario_low.parquet,TRUE,0,880.0915818214417,NA,
CU-scenario_mid/2022-08-28-CU-scenario_mid.parquet,TRUE,0,829.0325248241425,NA,
CU-select/2023-02-19-CU-select.parquet,TRUE,0,843.5448677539825,NA,
DDS-NBDS/2021-03-29-DDS-NBDS.parquet,TRUE,0,20.86935019493103,NA,
FAIR-NRAR/2021-02-17-FAIR-NRAR.parquet,TRUE,0,540.626011133194,NA,
FAIR-NRAR/2021-10-31-FAIR-NRAR.parquet,TRUE,0,536.8175361156464,NA,
Geneva-DetGrowth/2021-04-18-Geneva-DetGrowth.parquet,TRUE,0,4.965250492095947,NA,
GT-DeepCOVID/2021-12-06-GT-DeepCOVID.parquet,TRUE,0,71.34642267227173,NA,
IEM_MED-CovidProject/2020-12-07-IEM_MED-CovidProject.parquet,TRUE,0,76.91582179069519,NA,
IowaStateLW-STEM/2020-06-14-IowaStateLW-STEM.parquet,TRUE,0,19.459248065948486,NA,
JHU_IDD-CovidSP/2020-07-12-JHU_IDD-CovidSP.parquet,TRUE,0,13.06785774230957,NA,
JHU_UNC_GAS-StatMechPool/2021-09-19-JHU_UNC_GAS-StatMechPool.parquet,TRUE,0,546.8291959762573,NA,
JHUAPL-SLPHospEns/2021-02-01-JHUAPL-SLPHospEns.parquet,TRUE,0,67.50383806228638,NA,
Karlen-pypm/2022-09-11-Karlen-pypm.parquet,TRUE,0,86.00904822349548,NA,
LANL-GrowthRate/2021-03-04-LANL-GrowthRate.parquet,TRUE,0,929.3430018424988,NA,
Microsoft-DeepSTIA/2022-01-10-Microsoft-DeepSTIA.parquet,TRUE,0,135.9136986732483,NA,
MIT_ISOLAT-Mixtures/2022-04-18-MIT_ISOLAT-Mixtures.parquet,TRUE,0,10.202656745910645,NA,
MOBS-GLEAM_COVID/2021-02-22-MOBS-GLEAM_COVID.parquet,TRUE,0,76.34650802612305,NA,
MUNI-ARIMA/2022-01-24-MUNI-ARIMA.parquet,TRUE,0,70.12791132926941,NA,
OneQuietNight-ML/2021-02-14-OneQuietNight-ML.parquet,TRUE,0,526.3298201560974,NA,
PSI-DICE/2022-12-05-PSI-DICE.parquet,TRUE,0,58.784780502319336,NA,
PSI-DRAFT/2022-10-31-PSI-DRAFT.parquet,TRUE,0,8.589993476867676,NA,
RobertWalraven-ESG/2021-09-20-RobertWalraven-ESG.parquet,TRUE,0,21.678351640701297,NA,
SGroup-RandomForest/2023-12-11-SGroup-RandomForest.parquet,TRUE,0,31.624781608581543,NA,
SWC-TerminusCM/2020-06-29-SWC-TerminusCM.parquet,TRUE,0,15.039303541183472,NA,
UA-EpiCovDA/2021-09-13-UA-EpiCovDA.parquet,TRUE,0,12.095356225967407,NA,
UCM_MESALab-FoGSEIR/2020-07-26-UCM_MESALab-FoGSEIR.parquet,TRUE,0,5.578330755233765,NA,
UMass-gbq/2023-01-01-UMass-gbq.parquet,TRUE,0,59.88134121894837,NA,
UMass-sarix/2023-01-30-UMass-sarix.parquet,TRUE,0,47.5519232749939,NA,
UMich-RidgeTfReg/2020-11-16-UMich-RidgeTfReg.parquet,TRUE,0,20.49779725074768,NA,
USC-SI_kJalpha/2021-11-21-USC-SI_kJalpha.parquet,TRUE,0,464.759339094162,NA,
UT-Osiris/2023-08-21-UT-Osiris.parquet,TRUE,0,21.477691888809204,NA,
WalmartLabsML-LogForecasting/2021-01-17-WalmartLabsML-LogForecasting.parquet,TRUE,0,13.332499504089355,NA,
AIpert-pwllnod/2021-05-10-AIpert-pwllnod.parquet,FALSE,1,20.921688079833984,"?: Required task ID/output type/output type ID combinations missing.  
 See `missing` attribute for details.",
BPagano-RtDriven/2022-12-11-BPagano-RtDriven.parquet,TRUE,0,73.9853446483612,NA,
CEPH-Rtrend_covid/2024-04-15-CEPH-Rtrend_covid.parquet,TRUE,0,20.763586044311523,NA,
Columbia_UNC-SurvCon/2020-09-20-Columbia_UNC-SurvCon.parquet,TRUE,0,12.02744722366333,NA,
CovidAnalytics-DELPHI/2022-04-04-CovidAnalytics-DELPHI.parquet,TRUE,0,26.26837706565857,NA,
COVIDhub_CDC-ensemble/2023-12-04-COVIDhub_CDC-ensemble.parquet,TRUE,0,29.900349140167236,NA,
COVIDhub-4_week_ensemble/2023-09-25-COVIDhub-4_week_ensemble.parquet,TRUE,0,30.335115671157837,NA,
COVIDhub-baseline/2023-06-26-COVIDhub-baseline.parquet,TRUE,0,30.865982055664062,NA,
COVIDhub-ensemble/2023-04-10-COVIDhub-ensemble.parquet,TRUE,0,16.435057401657104,NA,
COVIDhub-trained_ensemble/2024-01-15-COVIDhub-trained_ensemble.parquet,TRUE,0,30.720020294189453,NA,
CU-scenario_high/2020-06-07-CU-scenario_high.parquet,TRUE,0,6.11896276473999,NA,
CU-scenario_low/2022-02-13-CU-scenario_low.parquet,TRUE,0,791.0198907852173,NA,
CU-scenario_mid/2022-09-04-CU-scenario_mid.parquet,TRUE,0,774.945072889328,NA,
CU-select/2023-02-26-CU-select.parquet,TRUE,0,790.4427828788757,NA,
DDS-NBDS/2021-04-05-DDS-NBDS.parquet,TRUE,0,11.772489786148071,NA,
FAIR-NRAR/2021-02-18-FAIR-NRAR.parquet,TRUE,0,509.0045735836029,NA,
FAIR-NRAR/2021-11-01-FAIR-NRAR.parquet,TRUE,0,520.5687625408173,NA,
Geneva-DetGrowth/2021-04-25-Geneva-DetGrowth.parquet,TRUE,0,4.747701406478882,NA,
GT-DeepCOVID/2021-12-13-GT-DeepCOVID.parquet,TRUE,0,64.9146625995636,NA,
IEM_MED-CovidProject/2020-12-14-IEM_MED-CovidProject.parquet,TRUE,0,71.48120093345642,NA,
IowaStateLW-STEM/2020-06-21-IowaStateLW-STEM.parquet,TRUE,0,18.063496112823486,NA,
JHU_IDD-CovidSP/2020-07-19-JHU_IDD-CovidSP.parquet,TRUE,0,12.90990114212036,NA,
JHU_UNC_GAS-StatMechPool/2021-09-26-JHU_UNC_GAS-StatMechPool.parquet,TRUE,0,508.8131573200226,NA,
JHUAPL-SLPHospEns/2021-02-08-JHUAPL-SLPHospEns.parquet,TRUE,0,59.780420780181885,NA,
Karlen-pypm/2022-09-18-Karlen-pypm.parquet,TRUE,0,79.22157835960388,NA,
LANL-GrowthRate/2021-03-08-LANL-GrowthRate.parquet,TRUE,0,820.6771972179413,NA,
Microsoft-DeepSTIA/2022-01-17-Microsoft-DeepSTIA.parquet,TRUE,0,128.75632572174072,NA,
MIT_ISOLAT-Mixtures/2022-04-25-MIT_ISOLAT-Mixtures.parquet,TRUE,0,9.910337686538696,NA,
MOBS-GLEAM_COVID/2021-03-01-MOBS-GLEAM_COVID.parquet,TRUE,0,72.3388774394989,NA,
MUNI-ARIMA/2022-01-31-MUNI-ARIMA.parquet,TRUE,0,65.89090013504028,NA,
OneQuietNight-ML/2021-02-21-OneQuietNight-ML.parquet,TRUE,0,478.1146800518036,NA,
PSI-DICE/2022-12-12-PSI-DICE.parquet,TRUE,0,57.474031925201416,NA,
PSI-DRAFT/2022-11-07-PSI-DRAFT.parquet,TRUE,0,8.985665082931519,NA,
RobertWalraven-ESG/2021-09-27-RobertWalraven-ESG.parquet,TRUE,0,21.1346595287323,NA,
SGroup-RandomForest/2023-12-18-SGroup-RandomForest.parquet,TRUE,0,31.91861367225647,NA,
TTU-squider/2020-08-17-TTU-squider.parquet,TRUE,0,7.759067058563232,NA,
UA-EpiCovDA/2021-09-19-UA-EpiCovDA.parquet,TRUE,0,12.163081645965576,NA,
UCM_MESALab-FoGSEIR/2020-08-02-UCM_MESALab-FoGSEIR.parquet,TRUE,0,5.956191778182983,NA,
UMass-gbq/2023-01-09-UMass-gbq.parquet,TRUE,0,58.27760338783264,NA,
UMass-sarix/2023-02-06-UMass-sarix.parquet,TRUE,0,46.99695062637329,NA,
UMich-RidgeTfReg/2020-11-23-UMich-RidgeTfReg.parquet,TRUE,0,20.43211078643799,NA,
USC-SI_kJalpha/2021-11-28-USC-SI_kJalpha.parquet,TRUE,0,437.3686907291413,NA,
UT-Osiris/2023-08-28-UT-Osiris.parquet,TRUE,0,19.162455797195435,NA,
WalmartLabsML-LogForecasting/2021-01-24-WalmartLabsML-LogForecasting.parquet,TRUE,0,12.816923141479492,NA,
AIpert-pwllnod/2021-05-17-AIpert-pwllnod.parquet,FALSE,1,20.878449201583862,"?: Required task ID/output type/output type ID combinations missing.  
 See `missing` attribute for details.",
BPagano-RtDriven/2022-12-18-BPagano-RtDriven.parquet,TRUE,0,74.19809675216675,NA,
CEPH-Rtrend_covid/2024-04-22-CEPH-Rtrend_covid.parquet,TRUE,0,20.663140058517456,NA,
Columbia_UNC-SurvCon/2020-09-27-Columbia_UNC-SurvCon.parquet,TRUE,0,11.776795148849487,NA,
CovidAnalytics-DELPHI/2022-04-18-CovidAnalytics-DELPHI.parquet,TRUE,0,26.59805679321289,NA,
COVIDhub_CDC-ensemble/2023-12-11-COVIDhub_CDC-ensemble.parquet,TRUE,0,30.204466104507446,NA,
COVIDhub-4_week_ensemble/2023-10-02-COVIDhub-4_week_ensemble.parquet,TRUE,0,30.244608163833615,NA,
COVIDhub-baseline/2023-07-03-COVIDhub-baseline.parquet,TRUE,0,30.14391803741455,NA,
COVIDhub-ensemble/2023-04-17-COVIDhub-ensemble.parquet,TRUE,0,16.175087213516235,NA,
COVIDhub-trained_ensemble/2024-01-22-COVIDhub-trained_ensemble.parquet,TRUE,0,30.10840344429016,NA,
CU-scenario_high/2020-06-14-CU-scenario_high.parquet,TRUE,0,6.197699785232544,NA,
CU-scenario_low/2022-02-20-CU-scenario_low.parquet,TRUE,0,817.6985695362091,NA,
CU-scenario_mid/2022-09-11-CU-scenario_mid.parquet,TRUE,0,803.6928055286407,NA,
CU-select/2023-03-05-CU-select.parquet,TRUE,0,780.8532707691193,NA,
DDS-NBDS/2021-04-12-DDS-NBDS.parquet,TRUE,0,11.7984778881073,NA,
FAIR-NRAR/2021-02-20-FAIR-NRAR.parquet,TRUE,0,487.48684668540955,NA,
FAIR-NRAR/2021-11-02-FAIR-NRAR.parquet,TRUE,0,494.2542572021485,NA,
Geneva-DetGrowth/2021-05-02-Geneva-DetGrowth.parquet,TRUE,0,4.808457851409912,NA,
GT-DeepCOVID/2021-12-20-GT-DeepCOVID.parquet,TRUE,0,56.28126525878906,NA,
IEM_MED-CovidProject/2020-12-21-IEM_MED-CovidProject.parquet,TRUE,0,69.39162302017212,NA,
IowaStateLW-STEM/2020-06-28-IowaStateLW-STEM.parquet,TRUE,0,17.889613151550293,NA,
JHU_IDD-CovidSP/2020-07-26-JHU_IDD-CovidSP.parquet,TRUE,0,697.7251601219177,NA,
JHU_UNC_GAS-StatMechPool/2021-10-03-JHU_UNC_GAS-StatMechPool.parquet,TRUE,0,483.5313124656677,NA,
JHUAPL-SLPHospEns/2021-02-15-JHUAPL-SLPHospEns.parquet,TRUE,0,61.8687949180603,NA,
Karlen-pypm/2022-09-25-Karlen-pypm.parquet,TRUE,0,76.6738030910492,NA,
LANL-GrowthRate/2021-03-11-LANL-GrowthRate.parquet,TRUE,0,806.915646314621,NA,
Microsoft-DeepSTIA/2022-01-24-Microsoft-DeepSTIA.parquet,TRUE,0,123.59983777999878,NA,
MIT_ISOLAT-Mixtures/2022-05-02-MIT_ISOLAT-Mixtures.parquet,TRUE,0,10.047631025314333,NA,
MOBS-GLEAM_COVID/2021-03-08-MOBS-GLEAM_COVID.parquet,TRUE,0,66.07097935676575,NA,
MUNI-ARIMA/2022-02-07-MUNI-ARIMA.parquet,TRUE,0,62.764710426330566,NA,
OneQuietNight-ML/2021-02-28-OneQuietNight-ML.parquet,TRUE,0,466.4015634059906,NA,
PSI-DICE/2022-12-19-PSI-DICE.parquet,TRUE,0,56.79234480857849,NA,
PSI-DRAFT/2022-11-14-PSI-DRAFT.parquet,TRUE,0,8.525761604309082,NA,
RobertWalraven-ESG/2021-10-04-RobertWalraven-ESG.parquet,TRUE,0,19.817174673080444,NA,
SGroup-RandomForest/2023-12-25-SGroup-RandomForest.parquet,TRUE,0,28.805728435516357,NA,
TTU-squider/2020-08-23-TTU-squider.parquet,TRUE,0,6.7897443771362305,NA,
UA-EpiCovDA/2021-09-26-UA-EpiCovDA.parquet,TRUE,0,12.318439483642578,NA,
UCM_MESALab-FoGSEIR/2020-08-09-UCM_MESALab-FoGSEIR.parquet,TRUE,0,5.971252679824829,NA,
UMass-gbq/2023-01-16-UMass-gbq.parquet,TRUE,0,57.32280135154724,NA,
UMass-sarix/2023-02-13-UMass-sarix.parquet,TRUE,0,47.8530969619751,NA,
UMich-RidgeTfReg/2020-11-30-UMich-RidgeTfReg.parquet,TRUE,0,7.431694507598877,NA,
USC-SI_kJalpha/2021-12-05-USC-SI_kJalpha.parquet,TRUE,0,439.74028849601746,NA,
UT-Osiris/2023-09-04-UT-Osiris.parquet,TRUE,0,18.247178316116333,NA,
WalmartLabsML-LogForecasting/2021-01-31-WalmartLabsML-LogForecasting.parquet,TRUE,0,11.15019679069519,NA,
AIpert-pwllnod/2021-05-24-AIpert-pwllnod.parquet,FALSE,1,20.911010265350345,"?: Required task ID/output type/output type ID combinations missing.  
 See `missing` attribute for details.",
BPagano-RtDriven/2022-12-25-BPagano-RtDriven.parquet,TRUE,0,71.23191809654236,NA,
CEPH-Rtrend_covid/2024-04-29-CEPH-Rtrend_covid.parquet,TRUE,0,20.620206356048584,NA,3
Columbia_UNC-SurvCon/2020-10-04-Columbia_UNC-SurvCon.parquet,TRUE,0,11.863705396652222,NA,
CovidAnalytics-DELPHI/2022-04-25-CovidAnalytics-DELPHI.parquet,TRUE,0,26.71571898460388,NA,
COVIDhub_CDC-ensemble/2023-12-18-COVIDhub_CDC-ensemble.parquet,TRUE,0,30.952803373336792,NA,
COVIDhub-4_week_ensemble/2023-10-09-COVIDhub-4_week_ensemble.parquet,TRUE,0,30.77030563354492,NA,
COVIDhub-baseline/2023-07-10-COVIDhub-baseline.parquet,TRUE,0,30.777150869369507,NA,
COVIDhub-ensemble/2023-04-24-COVIDhub-ensemble.parquet,TRUE,0,16.86353611946106,NA,
COVIDhub-trained_ensemble/2024-01-29-COVIDhub-trained_ensemble.parquet,TRUE,0,30.64153552055359,NA,
CU-scenario_high/2020-06-18-CU-scenario_high.parquet,TRUE,0,5.399011135101318,NA,
CU-scenario_low/2022-02-27-CU-scenario_low.parquet,TRUE,0,810.1313309669495,NA,
CU-scenario_mid/2022-09-18-CU-scenario_mid.parquet,TRUE,0,769.8011972904205,NA,
CUB_PopCouncil-SLSTM/2022-02-27-CUB_PopCouncil-SLSTM.parquet,TRUE,0,51.48103928565979,NA,
DDS-NBDS/2021-04-19-DDS-NBDS.parquet,TRUE,0,11.461687803268433,NA,
FAIR-NRAR/2021-02-21-FAIR-NRAR.parquet,TRUE,0,472.63467955589294,NA,
FAIR-NRAR/2021-11-03-FAIR-NRAR.parquet,TRUE,0,496.2898762226105,NA,
Geneva-DetGrowth/2021-05-09-Geneva-DetGrowth.parquet,TRUE,0,4.728985786437988,NA,
GT-DeepCOVID/2021-12-27-GT-DeepCOVID.parquet,TRUE,0,60.72210073471069,NA,
IEM_MED-CovidProject/2020-12-28-IEM_MED-CovidProject.parquet,TRUE,0,70.60841727256775,NA,
IowaStateLW-STEM/2020-07-05-IowaStateLW-STEM.parquet,TRUE,0,34.45624613761902,NA,
JHU_IDD-CovidSP/2020-08-02-JHU_IDD-CovidSP.parquet,TRUE,0,691.3951327800751,NA,
JHU_UNC_GAS-StatMechPool/2021-10-10-JHU_UNC_GAS-StatMechPool.parquet,TRUE,0,476.4776065349579,NA,
JHUAPL-SLPHospEns/2021-02-22-JHUAPL-SLPHospEns.parquet,TRUE,0,61.70274209976196,NA,
Karlen-pypm/2022-10-02-Karlen-pypm.parquet,TRUE,0,83.65502738952637,NA,
LANL-GrowthRate/2021-03-15-LANL-GrowthRate.parquet,TRUE,0,854.6908867359161,NA,
Microsoft-DeepSTIA/2022-02-07-Microsoft-DeepSTIA.parquet,TRUE,0,122.49760603904724,NA,
MIT_ISOLAT-Mixtures/2022-05-09-MIT_ISOLAT-Mixtures.parquet,TRUE,0,9.574029445648192,NA,
MOBS-GLEAM_COVID/2021-03-15-MOBS-GLEAM_COVID.parquet,TRUE,0,71.2543432712555,NA,
MUNI-ARIMA/2022-02-14-MUNI-ARIMA.parquet,TRUE,0,68.23972177505493,NA,
OneQuietNight-ML/2021-03-07-OneQuietNight-ML.parquet,TRUE,0,520.3507914543152,NA,
PSI-DICE/2022-12-26-PSI-DICE.parquet,TRUE,0,56.17350387573242,NA,
PSI-DRAFT/2022-11-21-PSI-DRAFT.parquet,TRUE,0,8.552501440048218,NA,
RobertWalraven-ESG/2021-10-11-RobertWalraven-ESG.parquet,TRUE,0,20.884350538253784,NA,
SGroup-RandomForest/2024-01-01-SGroup-RandomForest.parquet,TRUE,0,30.500144720077515,NA,
TTU-squider/2020-09-13-TTU-squider.parquet,TRUE,0,7.752851247787476,NA,
UA-EpiCovDA/2021-10-04-UA-EpiCovDA.parquet,TRUE,0,12.103749752044678,NA,
UCM_MESALab-FoGSEIR/2020-08-16-UCM_MESALab-FoGSEIR.parquet,TRUE,0,5.7348856925964355,NA,
UMass-gbq/2023-01-23-UMass-gbq.parquet,TRUE,0,53.54083299636841,NA,
UMass-sarix/2023-02-20-UMass-sarix.parquet,TRUE,0,45.54484963417053,NA,
UMich-RidgeTfReg/2020-12-07-UMich-RidgeTfReg.parquet,TRUE,0,7.206712484359741,NA,
USC-SI_kJalpha/2021-12-12-USC-SI_kJalpha.parquet,TRUE,0,421.0175290107727,NA,
UT-Osiris/2023-09-11-UT-Osiris.parquet,TRUE,0,19.213966846466064,NA,
WalmartLabsML-LogForecasting/2021-02-07-WalmartLabsML-LogForecasting.parquet,TRUE,0,11.68755841255188,NA,
AIpert-pwllnod/2021-05-31-AIpert-pwllnod.parquet,FALSE,1,20.877699613571167,"?: Required task ID/output type/output type ID combinations missing.  
 See `missing` attribute for details.",
BPagano-RtDriven/2023-01-01-BPagano-RtDriven.parquet,TRUE,0,73.94182634353638,NA,
cfa-wwrenewal/2024-02-05-cfa-wwrenewal.parquet,TRUE,0,20.07722330093384,NA,
Columbia_UNC-SurvCon/2020-10-11-Columbia_UNC-SurvCon.parquet,TRUE,0,12.028036832809448,NA,
CovidAnalytics-DELPHI/2022-05-02-CovidAnalytics-DELPHI.parquet,TRUE,0,27.586255073547363,NA,
COVIDhub_CDC-ensemble/2023-12-25-COVIDhub_CDC-ensemble.parquet,TRUE,0,30.29759740829468,NA,
COVIDhub-4_week_ensemble/2023-10-16-COVIDhub-4_week_ensemble.parquet,TRUE,0,30.61961817741394,NA,
COVIDhub-baseline/2023-07-17-COVIDhub-baseline.parquet,TRUE,0,30.826387405395508,NA,
COVIDhub-ensemble/2023-05-01-COVIDhub-ensemble.parquet,TRUE,0,16.614160776138306,NA,
COVIDhub-trained_ensemble/2024-02-05-COVIDhub-trained_ensemble.parquet,TRUE,0,30.518356561660767,NA,
CU-scenario_high/2020-06-21-CU-scenario_high.parquet,TRUE,0,9.495055913925173,NA,
CU-scenario_low/2022-03-06-CU-scenario_low.parquet,TRUE,0,814.7912244796753,NA,
CU-scenario_mid/2022-09-25-CU-scenario_mid.parquet,TRUE,0,767.1658103466034,NA,
CUB_PopCouncil-SLSTM/2022-03-06-CUB_PopCouncil-SLSTM.parquet,TRUE,0,52.014312744140625,NA,
DDS-NBDS/2021-04-26-DDS-NBDS.parquet,TRUE,0,11.6361243724823,NA,
FAIR-NRAR/2021-02-22-FAIR-NRAR.parquet,TRUE,0,472.8268277645111,NA,
FAIR-NRAR/2021-11-04-FAIR-NRAR.parquet,TRUE,0,475.2067074775696,NA,
Geneva-DetGrowth/2021-05-16-Geneva-DetGrowth.parquet,TRUE,0,4.747443437576294,NA,
GT-DeepCOVID/2022-01-03-GT-DeepCOVID.parquet,TRUE,0,55.10672092437744,NA,
IEM_MED-CovidProject/2021-01-04-IEM_MED-CovidProject.parquet,TRUE,0,70.55210280418396,NA,
IowaStateLW-STEM/2020-07-12-IowaStateLW-STEM.parquet,TRUE,0,35.29946255683899,NA,
JHU_IDD-CovidSP/2020-08-09-JHU_IDD-CovidSP.parquet,TRUE,0,700.6294674873352,NA,
JHU_UNC_GAS-StatMechPool/2021-10-24-JHU_UNC_GAS-StatMechPool.parquet,TRUE,0,476.86844635009766,NA,
JHUAPL-SLPHospEns/2021-03-01-JHUAPL-SLPHospEns.parquet,TRUE,0,59.25113320350647,NA,
Karlen-pypm/2022-10-09-Karlen-pypm.parquet,TRUE,0,78.01925086975098,NA,
LANL-GrowthRate/2021-03-22-LANL-GrowthRate.parquet,TRUE,0,866.5409100055695,NA,
Microsoft-DeepSTIA/2022-02-14-Microsoft-DeepSTIA.parquet,TRUE,0,122.61105632781982,NA,
MIT_ISOLAT-Mixtures/2022-05-16-MIT_ISOLAT-Mixtures.parquet,TRUE,0,10.720757722854614,NA,
MOBS-GLEAM_COVID/2021-03-22-MOBS-GLEAM_COVID.parquet,TRUE,0,74.54404354095459,NA,
MUNI-ARIMA/2022-02-21-MUNI-ARIMA.parquet,TRUE,0,69.62785959243774,NA,
PandemicCentral-COVIDForest/2021-04-17-PandemicCentral-COVIDForest.parquet,TRUE,0,497.7759509086609,NA,
PSI-DICE/2023-01-03-PSI-DICE.parquet,TRUE,0,57.21079874038696,NA,
PSI-DRAFT/2022-11-28-PSI-DRAFT.parquet,TRUE,0,8.524815082550049,NA,
RobertWalraven-ESG/2021-10-18-RobertWalraven-ESG.parquet,TRUE,0,20.482711791992188,NA,
SGroup-RandomForest/2024-01-08-SGroup-RandomForest.parquet,TRUE,0,30.600545406341553,NA,
TTU-squider/2020-09-27-TTU-squider.parquet,TRUE,0,8.061976671218872,NA,
UA-EpiCovDA/2021-10-11-UA-EpiCovDA.parquet,TRUE,0,12.373991012573242,NA,
UCM_MESALab-FoGSEIR/2020-08-23-UCM_MESALab-FoGSEIR.parquet,TRUE,0,5.625284671783447,NA,
UMass-gbq/2023-01-30-UMass-gbq.parquet,TRUE,0,56.44855523109436,NA,
UMass-sarix/2023-02-27-UMass-sarix.parquet,TRUE,0,47.20121359825134,NA,
UMich-RidgeTfReg/2020-12-14-UMich-RidgeTfReg.parquet,TRUE,0,7.685862064361572,NA,
USC-SI_kJalpha/2021-12-19-USC-SI_kJalpha.parquet,TRUE,0,431.1096630096435,NA,
UT-Osiris/2023-09-18-UT-Osiris.parquet,TRUE,0,19.374731302261353,NA,
WalmartLabsML-LogForecasting/2021-02-14-WalmartLabsML-LogForecasting.parquet,TRUE,0,12.101578950881958,NA,
AIpert-pwllnod/2021-06-07-AIpert-pwllnod.parquet,FALSE,1,20.84418487548828,"?: Required task ID/output type/output type ID combinations missing.  
 See `missing` attribute for details.",
BPagano-RtDriven/2023-01-08-BPagano-RtDriven.parquet,TRUE,0,74.16773629188538,NA,
cfa-wwrenewal/2024-02-12-cfa-wwrenewal.parquet,TRUE,0,20.1112060546875,NA,
Columbia_UNC-SurvCon/2020-10-18-Columbia_UNC-SurvCon.parquet,TRUE,0,17.78981852531433,NA,
CovidAnalytics-DELPHI/2022-05-09-CovidAnalytics-DELPHI.parquet,TRUE,0,26.115932941436768,NA,
COVIDhub_CDC-ensemble/2024-01-01-COVIDhub_CDC-ensemble.parquet,TRUE,0,29.73288083076477,NA,
COVIDhub-4_week_ensemble/2023-10-23-COVIDhub-4_week_ensemble.parquet,TRUE,0,30.173152685165405,NA,
COVIDhub-baseline/2023-07-24-COVIDhub-baseline.parquet,TRUE,0,30.238664388656616,NA,
COVIDhub-ensemble/2023-05-08-COVIDhub-ensemble.parquet,TRUE,0,16.38627862930298,NA,
COVIDhub-trained_ensemble/2024-02-12-COVIDhub-trained_ensemble.parquet,TRUE,0,30.669529676437374,NA,
CU-scenario_high/2020-06-25-CU-scenario_high.parquet,TRUE,0,7.805459022521973,NA,
CU-scenario_low/2022-03-13-CU-scenario_low.parquet,TRUE,0,808.8755016326904,NA,
CU-scenario_mid/2022-10-02-CU-scenario_mid.parquet,TRUE,0,774.6076574325562,NA,
CUB_PopCouncil-SLSTM/2022-03-13-CUB_PopCouncil-SLSTM.parquet,TRUE,0,51.56680607795715,NA,
DDS-NBDS/2021-05-03-DDS-NBDS.parquet,TRUE,0,11.57067584991455,NA,
FAIR-NRAR/2021-02-23-FAIR-NRAR.parquet,TRUE,0,474.31799697875977,NA,
FAIR-NRAR/2021-11-05-FAIR-NRAR.parquet,TRUE,0,472.6402850151062,NA,
Geneva-DetGrowth/2021-05-23-Geneva-DetGrowth.parquet,TRUE,0,4.747502565383911,NA,
GT-DeepCOVID/2022-01-10-GT-DeepCOVID.parquet,TRUE,0,59.3652446269989,NA,
IEM_MED-CovidProject/2021-01-11-IEM_MED-CovidProject.parquet,TRUE,0,69.83097434043884,NA,
IowaStateLW-STEM/2020-07-19-IowaStateLW-STEM.parquet,TRUE,0,35.18447709083557,NA,
JHU_IDD-CovidSP/2020-08-16-JHU_IDD-CovidSP.parquet,TRUE,0,692.9895761013031,NA,
JHU_UNC_GAS-StatMechPool/2021-11-07-JHU_UNC_GAS-StatMechPool.parquet,TRUE,0,503.373708486557,NA,
JHUAPL-SLPHospEns/2021-03-08-JHUAPL-SLPHospEns.parquet,TRUE,0,61.11909580230713,NA,
Karlen-pypm/2022-10-16-Karlen-pypm.parquet,TRUE,0,82.90663504600525,NA,
LANL-GrowthRate/2021-03-29-LANL-GrowthRate.parquet,TRUE,0,814.6959047317505,NA,
Microsoft-DeepSTIA/2022-02-21-Microsoft-DeepSTIA.parquet,TRUE,0,122.37181115150452,NA,
MIT_ISOLAT-Mixtures/2022-05-23-MIT_ISOLAT-Mixtures.parquet,TRUE,0,10.18057370185852,NA,
MOBS-GLEAM_COVID/2021-03-29-MOBS-GLEAM_COVID.parquet,TRUE,0,73.79690194129944,NA,
MUNI-ARIMA/2022-03-14-MUNI-ARIMA.parquet,TRUE,0,73.66472029685974,NA,
PandemicCentral-COVIDForest/2021-04-25-PandemicCentral-COVIDForest.parquet,TRUE,0,484.50122332572937,NA,
PSI-DICE/2023-01-09-PSI-DICE.parquet,TRUE,0,56.13373851776123,NA,
PSI-DRAFT/2022-12-05-PSI-DRAFT.parquet,TRUE,0,8.693409204483032,NA,
RobertWalraven-ESG/2021-10-25-RobertWalraven-ESG.parquet,TRUE,0,20.923974752426147,NA,
SGroup-RandomForest/2024-01-15-SGroup-RandomForest.parquet,TRUE,0,29.85909390449524,NA,
TTU-squider/2020-10-04-TTU-squider.parquet,TRUE,0,7.697467565536499,NA,
UCF-AEM/2020-11-15-UCF-AEM.parquet,TRUE,0,5.940136671066284,NA,
UCM_MESALab-FoGSEIR/2020-08-30-UCM_MESALab-FoGSEIR.parquet,TRUE,0,5.725199222564697,NA,
UMass-gbq/2023-02-06-UMass-gbq.parquet,TRUE,0,55.90896511077881,NA,
UMass-sarix/2023-03-06-UMass-sarix.parquet,TRUE,0,21.16795134544373,NA,
UMich-RidgeTfReg/2020-12-21-UMich-RidgeTfReg.parquet,TRUE,0,19.271300792694092,NA,
USC-SI_kJalpha/2021-12-26-USC-SI_kJalpha.parquet,TRUE,0,429.93635082244873,NA,
UT-Osiris/2023-09-25-UT-Osiris.parquet,TRUE,0,20.08725070953369,NA,
WalmartLabsML-LogForecasting/2021-02-21-WalmartLabsML-LogForecasting.parquet,TRUE,0,12.403403997421265,NA,
AIpert-pwllnod/2021-06-14-AIpert-pwllnod.parquet,FALSE,1,21.07868719100952,"?: Required task ID/output type/output type ID combinations missing.  
 See `missing` attribute for details.",
BPagano-RtDriven/2023-01-15-BPagano-RtDriven.parquet,TRUE,0,71.89120411872864,NA,
cfa-wwrenewal/2024-02-19-cfa-wwrenewal.parquet,TRUE,0,20.25113320350647,NA,
Columbia_UNC-SurvCon/2020-10-25-Columbia_UNC-SurvCon.parquet,TRUE,0,18.322710037231445,NA,
CovidAnalytics-DELPHI/2022-05-23-CovidAnalytics-DELPHI.parquet,TRUE,0,26.950108766555783,NA,
COVIDhub_CDC-ensemble/2024-01-08-COVIDhub_CDC-ensemble.parquet,TRUE,0,30.348445415496823,NA,
COVIDhub-4_week_ensemble/2023-10-30-COVIDhub-4_week_ensemble.parquet,TRUE,0,30.208614110946655,NA,
COVIDhub-baseline/2023-07-31-COVIDhub-baseline.parquet,TRUE,0,30.326932191848755,NA,
COVIDhub-ensemble/2023-05-15-COVIDhub-ensemble.parquet,TRUE,0,16.455540657043457,NA,
COVIDhub-trained_ensemble/2024-02-19-COVIDhub-trained_ensemble.parquet,TRUE,0,30.147427320480347,NA,
CU-scenario_high/2020-06-28-CU-scenario_high.parquet,TRUE,0,9.403432607650757,NA,
CU-scenario_low/2022-03-20-CU-scenario_low.parquet,TRUE,0,808.1575541496277,NA,
CU-scenario_mid/2022-10-09-CU-scenario_mid.parquet,TRUE,0,785.3526940345764,NA,
CUB_PopCouncil-SLSTM/2022-03-20-CUB_PopCouncil-SLSTM.parquet,TRUE,0,51.888996601104736,NA,
DDS-NBDS/2021-05-10-DDS-NBDS.parquet,TRUE,0,12.408576488494871,NA,
FAIR-NRAR/2021-02-24-FAIR-NRAR.parquet,TRUE,0,481.30493783950806,NA,
FAIR-NRAR/2021-11-06-FAIR-NRAR.parquet,TRUE,0,511.8362755775452,NA,
Geneva-DetGrowth/2021-05-30-Geneva-DetGrowth.parquet,TRUE,0,4.7485105991363525,NA,
GT-DeepCOVID/2022-01-17-GT-DeepCOVID.parquet,TRUE,0,62.409634828567505,NA,
IEM_MED-CovidProject/2021-01-18-IEM_MED-CovidProject.parquet,TRUE,0,67.8649172782898,NA,
IowaStateLW-STEM/2020-07-26-IowaStateLW-STEM.parquet,TRUE,0,1019.2072129249572,NA,
JHU_IDD-CovidSP/2020-08-23-JHU_IDD-CovidSP.parquet,TRUE,0,688.3752639293671,NA,
JHU_UNC_GAS-StatMechPool/2021-11-21-JHU_UNC_GAS-StatMechPool.parquet,TRUE,0,485.5012786388397,NA,
JHUAPL-SLPHospEns/2021-03-15-JHUAPL-SLPHospEns.parquet,TRUE,0,61.9635705947876,NA,
Karlen-pypm/2022-10-23-Karlen-pypm.parquet,TRUE,0,78.36452889442444,NA,
LANL-GrowthRate/2021-04-01-LANL-GrowthRate.parquet,TRUE,0,826.6606984138489,NA,
Microsoft-DeepSTIA/2022-02-28-Microsoft-DeepSTIA.parquet,TRUE,0,130.584618806839,NA,
MIT_ISOLAT-Mixtures/2022-05-30-MIT_ISOLAT-Mixtures.parquet,TRUE,0,12.260036945343018,NA,
MOBS-GLEAM_COVID/2021-04-05-MOBS-GLEAM_COVID.parquet,TRUE,0,70.78597807884216,NA,
MUNI-ARIMA/2022-03-21-MUNI-ARIMA.parquet,TRUE,0,67.61388158798218,NA,
PandemicCentral-COVIDForest/2021-05-01-PandemicCentral-COVIDForest.parquet,TRUE,0,493.78031849861145,NA,
PSI-DICE/2023-01-16-PSI-DICE.parquet,TRUE,0,63.04395890235901,NA,
PSI-DRAFT/2022-12-12-PSI-DRAFT.parquet,TRUE,0,9.403121709823608,NA,
RobertWalraven-ESG/2021-11-01-RobertWalraven-ESG.parquet,TRUE,0,24.61258363723755,NA,
SGroup-RandomForest/2024-01-22-SGroup-RandomForest.parquet,TRUE,0,35.02529311180115,NA,
TTU-squider/2020-10-11-TTU-squider.parquet,TRUE,0,8.821868181228638,NA,
UCF-AEM/2020-11-22-UCF-AEM.parquet,TRUE,0,6.288464307785034,NA,
UCM_MESALab-FoGSEIR/2020-09-06-UCM_MESALab-FoGSEIR.parquet,TRUE,0,6.113434314727783,NA,
UMass-gbq/2023-02-13-UMass-gbq.parquet,TRUE,0,61.13977336883545,NA,
UMass-sarix/2023-03-13-UMass-sarix.parquet,TRUE,0,23.583617210388184,NA,
UMich-RidgeTfReg/2020-12-28-UMich-RidgeTfReg.parquet,TRUE,0,21.75537943840027,NA,
USC-SI_kJalpha/2022-01-02-USC-SI_kJalpha.parquet,TRUE,0,404.46833848953247,NA,
UT-Osiris/2023-10-02-UT-Osiris.parquet,TRUE,0,18.84715890884399,NA,
WalmartLabsML-LogForecasting/2021-03-07-WalmartLabsML-LogForecasting.parquet,TRUE,0,11.32813000679016,NA,
AIpert-pwllnod/2021-06-21-AIpert-pwllnod.parquet,FALSE,1,20.59537649154663,"?: Required task ID/output type/output type ID combinations missing.  
 See `missing` attribute for details.",
BPagano-RtDriven/2023-01-22-BPagano-RtDriven.parquet,TRUE,0,68.1491756439209,NA,
cfa-wwrenewal/2024-02-26-cfa-wwrenewal.parquet,TRUE,0,19.56788110733032,NA,
Columbia_UNC-SurvCon/2020-11-01-Columbia_UNC-SurvCon.parquet,TRUE,0,17.707343101501465,NA,
CovidAnalytics-DELPHI/2022-05-30-CovidAnalytics-DELPHI.parquet,TRUE,0,27.2899067401886,NA,
COVIDhub_CDC-ensemble/2024-01-15-COVIDhub_CDC-ensemble.parquet,TRUE,0,30.37289786338806,NA,
COVIDhub-4_week_ensemble/2023-11-06-COVIDhub-4_week_ensemble.parquet,TRUE,0,30.424720764160156,NA,
COVIDhub-baseline/2023-08-07-COVIDhub-baseline.parquet,TRUE,0,30.434086799621586,NA,
COVIDhub-ensemble/2023-05-22-COVIDhub-ensemble.parquet,TRUE,0,16.31644558906555,NA,
COVIDhub-trained_ensemble/2024-02-26-COVIDhub-trained_ensemble.parquet,TRUE,0,30.50795865058899,NA,
CU-scenario_high/2020-07-02-CU-scenario_high.parquet,TRUE,0,9.380564451217651,NA,
CU-scenario_low/2022-03-27-CU-scenario_low.parquet,TRUE,0,749.7554421424866,NA,
CU-scenario_mid/2022-10-16-CU-scenario_mid.parquet,TRUE,0,749.863118648529,NA,
CUB_PopCouncil-SLSTM/2022-03-27-CUB_PopCouncil-SLSTM.parquet,TRUE,0,57.89006018638611,NA,
DDS-NBDS/2021-05-17-DDS-NBDS.parquet,TRUE,0,11.26388669013977,NA,
FAIR-NRAR/2021-02-25-FAIR-NRAR.parquet,TRUE,0,474.5852580070496,NA,
FAIR-NRAR/2021-11-07-FAIR-NRAR.parquet,TRUE,0,473.65740728378296,NA,
Geneva-DetGrowth/2021-06-06-Geneva-DetGrowth.parquet,TRUE,0,4.559675455093384,NA,
GT-DeepCOVID/2022-01-24-GT-DeepCOVID.parquet,TRUE,0,56.63349270820618,NA,
IEM_MED-CovidProject/2021-01-25-IEM_MED-CovidProject.parquet,TRUE,0,67.47747278213501,NA,
IowaStateLW-STEM/2020-08-02-IowaStateLW-STEM.parquet,TRUE,0,1003.0910158157347,NA,
JHU_IDD-CovidSP/2020-08-30-JHU_IDD-CovidSP.parquet,TRUE,0,681.0917973518372,NA,
JHU_UNC_GAS-StatMechPool/2021-11-28-JHU_UNC_GAS-StatMechPool.parquet,TRUE,0,463.59578466415405,NA,
JHUAPL-SLPHospEns/2021-03-22-JHUAPL-SLPHospEns.parquet,TRUE,0,59.44420623779297,NA,
Karlen-pypm/2022-10-30-Karlen-pypm.parquet,TRUE,0,76.88951468467712,NA,
LANL-GrowthRate/2021-04-05-LANL-GrowthRate.parquet,TRUE,0,799.855461359024,NA,
Microsoft-DeepSTIA/2022-03-07-Microsoft-DeepSTIA.parquet,TRUE,0,119.22383666038512,NA,
MIT_ISOLAT-Mixtures/2022-06-06-MIT_ISOLAT-Mixtures.parquet,TRUE,0,11.633559942245483,NA,
MOBS-GLEAM_COVID/2021-04-12-MOBS-GLEAM_COVID.parquet,TRUE,0,68.25234889984131,NA,
MUNI-ARIMA/2022-04-04-MUNI-ARIMA.parquet,TRUE,0,66.07068753242493,NA,
PandemicCentral-COVIDForest/2021-05-09-PandemicCentral-COVIDForest.parquet,TRUE,0,481.8350594043732,NA,
PSI-DICE/2023-01-23-PSI-DICE.parquet,TRUE,0,55.81976842880249,NA,
PSI-DRAFT/2022-12-19-PSI-DRAFT.parquet,TRUE,0,8.573493480682373,NA,
RobertWalraven-ESG/2021-11-08-RobertWalraven-ESG.parquet,TRUE,0,21.047551155090332,NA,
SGroup-RandomForest/2024-01-29-SGroup-RandomForest.parquet,TRUE,0,30.60103225708008,NA,
TTU-squider/2020-10-18-TTU-squider.parquet,TRUE,0,7.5756988525390625,NA,
UCF-AEM/2020-11-29-UCF-AEM.parquet,TRUE,0,5.56879997253418,NA,
UCM_MESALab-FoGSEIR/2020-09-13-UCM_MESALab-FoGSEIR.parquet,TRUE,0,5.654842853546143,NA,
UMass-gbq/2023-02-20-UMass-gbq.parquet,TRUE,0,55.97489786148071,NA,
UMass-sarix/2023-03-20-UMass-sarix.parquet,TRUE,0,20.34538102149963,NA,
UMich-RidgeTfReg/2021-01-04-UMich-RidgeTfReg.parquet,TRUE,0,19.12834215164185,NA,
USC-SI_kJalpha/2022-01-09-USC-SI_kJalpha.parquet,FALSE,1,434.1713533401489,"?: Quantile or cdf `value` values do not all increase when ordered by `output_type_id`. 
 See `error_tbl` attribute for details.",
UT-Osiris/2023-10-09-UT-Osiris.parquet,TRUE,0,19.385398864746097,NA,
WalmartLabsML-LogForecasting/2021-03-14-WalmartLabsML-LogForecasting.parquet,TRUE,0,12.265232801437378,NA,
AIpert-pwllnod/2021-06-28-AIpert-pwllnod.parquet,FALSE,1,20.670774459838867,"?: Required task ID/output type/output type ID combinations missing.  
 See `missing` attribute for details.",
BPagano-RtDriven/2023-01-29-BPagano-RtDriven.parquet,TRUE,0,68.23537802696228,NA,
cfa-wwrenewal/2024-03-04-cfa-wwrenewal.parquet,TRUE,0,19.67785906791687,NA,
Columbia_UNC-SurvCon/2020-11-08-Columbia_UNC-SurvCon.parquet,TRUE,0,17.886229991912842,NA,
CovidAnalytics-DELPHI/2022-06-06-CovidAnalytics-DELPHI.parquet,TRUE,0,25.546550989151,NA,
COVIDhub_CDC-ensemble/2024-01-22-COVIDhub_CDC-ensemble.parquet,TRUE,0,29.732409954071045,NA,
COVIDhub-4_week_ensemble/2023-11-13-COVIDhub-4_week_ensemble.parquet,TRUE,0,30.136515140533447,NA,
COVIDhub-baseline/2023-08-14-COVIDhub-baseline.parquet,TRUE,0,30.143617630004883,NA,
COVIDhub-ensemble/2023-05-29-COVIDhub-ensemble.parquet,TRUE,0,16.545626640319824,NA,
COVIDhub-trained_ensemble/2024-03-04-COVIDhub-trained_ensemble.parquet,TRUE,0,30.537545442581177,NA,
CU-scenario_high/2020-07-05-CU-scenario_high.parquet,TRUE,0,9.455034732818604,NA,
CU-scenario_low/2022-04-10-CU-scenario_low.parquet,TRUE,0,772.7213823795319,NA,
CU-scenario_mid/2022-10-23-CU-scenario_mid.parquet,TRUE,0,757.2377429008484,NA,
CUB_PopCouncil-SLSTM/2022-04-03-CUB_PopCouncil-SLSTM.parquet,TRUE,0,60.49827241897583,NA,
DDS-NBDS/2021-05-24-DDS-NBDS.parquet,TRUE,0,12.105481147766112,NA,
FAIR-NRAR/2021-02-28-FAIR-NRAR.parquet,TRUE,0,487.2723128795624,NA,
FAIR-NRAR/2021-11-08-FAIR-NRAR.parquet,TRUE,0,485.3407633304596,NA,
Geneva-DetGrowth/2021-06-13-Geneva-DetGrowth.parquet,TRUE,0,4.514732360839844,NA,
GT-DeepCOVID/2022-01-31-GT-DeepCOVID.parquet,TRUE,0,57.50883913040161,NA,
IEM_MED-CovidProject/2021-02-01-IEM_MED-CovidProject.parquet,TRUE,0,68.6155333518982,NA,
IowaStateLW-STEM/2020-08-16-IowaStateLW-STEM.parquet,TRUE,0,983.7577345371246,NA,
JHU_IDD-CovidSP/2020-09-06-JHU_IDD-CovidSP.parquet,TRUE,0,791.0424225330353,NA,
JHU_UNC_GAS-StatMechPool/2021-12-05-JHU_UNC_GAS-StatMechPool.parquet,TRUE,0,452.8228132724762,NA,
JHUAPL-SLPHospEns/2021-03-29-JHUAPL-SLPHospEns.parquet,TRUE,0,58.04060339927673,NA,
Karlen-pypm/2022-11-06-Karlen-pypm.parquet,TRUE,0,79.40027022361755,NA,
LANL-GrowthRate/2021-04-08-LANL-GrowthRate.parquet,TRUE,0,795.5262310504913,NA,
Microsoft-DeepSTIA/2022-03-28-Microsoft-DeepSTIA.parquet,TRUE,0,123.0510392189026,NA,
MIT_ISOLAT-Mixtures/2022-06-13-MIT_ISOLAT-Mixtures.parquet,TRUE,0,12.275569677352903,NA,
MOBS-GLEAM_COVID/2021-04-19-MOBS-GLEAM_COVID.parquet,TRUE,0,76.20941019058228,NA,
MUNI-ARIMA/2022-04-11-MUNI-ARIMA.parquet,TRUE,0,68.70447850227356,NA,
PandemicCentral-COVIDForest/2021-05-16-PandemicCentral-COVIDForest.parquet,TRUE,0,488.2753803730011,NA,
PSI-DICE/2023-01-30-PSI-DICE.parquet,TRUE,0,54.76012969017029,NA,
PSI-DRAFT/2022-12-26-PSI-DRAFT.parquet,TRUE,0,8.433189392089844,NA,
RobertWalraven-ESG/2021-11-15-RobertWalraven-ESG.parquet,TRUE,0,20.89222478866577,NA,
SGroup-RandomForest/2024-02-05-SGroup-RandomForest.parquet,TRUE,0,30.30844759941101,NA,
TTU-squider/2020-10-25-TTU-squider.parquet,TRUE,0,7.805445671081543,NA,
UCF-AEM/2020-12-07-UCF-AEM.parquet,TRUE,0,5.7327070236206055,NA,
UCM_MESALab-FoGSEIR/2020-09-20-UCM_MESALab-FoGSEIR.parquet,TRUE,0,5.633155107498169,NA,
UMass-gbq/2023-02-27-UMass-gbq.parquet,TRUE,0,55.7183780670166,NA,
UMass-sarix/2023-03-27-UMass-sarix.parquet,TRUE,0,21.3128182888031,NA,
UMich-RidgeTfReg/2021-01-11-UMich-RidgeTfReg.parquet,TRUE,0,20.275513887405396,NA,
USC-SI_kJalpha/2022-01-16-USC-SI_kJalpha.parquet,TRUE,0,418.1113529205322,NA,
UT-Osiris/2023-10-16-UT-Osiris.parquet,TRUE,0,17.518451929092407,NA,
WalmartLabsML-LogForecasting/2021-03-21-WalmartLabsML-LogForecasting.parquet,TRUE,0,11.07925796508789,NA,
AIpert-pwllnod/2021-07-05-AIpert-pwllnod.parquet,FALSE,1,20.375224351882935,"?: Required task ID/output type/output type ID combinations missing.  
 See `missing` attribute for details.",
BPagano-RtDriven/2023-02-05-BPagano-RtDriven.parquet,TRUE,0,70.54523754119873,NA,
cfa-wwrenewal/2024-03-11-cfa-wwrenewal.parquet,TRUE,0,19.607107162475582,NA,
Columbia_UNC-SurvCon/2020-11-15-Columbia_UNC-SurvCon.parquet,TRUE,0,17.80776023864746,NA,
CovidAnalytics-DELPHI/2022-06-13-CovidAnalytics-DELPHI.parquet,TRUE,0,26.16978764533997,NA,
COVIDhub_CDC-ensemble/2024-01-29-COVIDhub_CDC-ensemble.parquet,TRUE,0,29.90864658355713,NA,
COVIDhub-4_week_ensemble/2023-11-20-COVIDhub-4_week_ensemble.parquet,TRUE,0,29.907755136489868,NA,
COVIDhub-baseline/2023-08-21-COVIDhub-baseline.parquet,TRUE,0,29.917208194732662,NA,
COVIDhub-ensemble/2023-06-05-COVIDhub-ensemble.parquet,TRUE,0,16.23303747177124,NA,
COVIDhub-trained_ensemble/2024-03-11-COVIDhub-trained_ensemble.parquet,TRUE,0,29.82575011253357,NA,
CU-scenario_high/2020-07-12-CU-scenario_high.parquet,TRUE,0,9.451056241989136,NA,
CU-scenario_low/2022-04-17-CU-scenario_low.parquet,TRUE,0,777.6513741016388,NA,
CU-scenario_mid/2022-10-30-CU-scenario_mid.parquet,TRUE,0,795.9421417713165,NA,
CUB_PopCouncil-SLSTM/2022-04-10-CUB_PopCouncil-SLSTM.parquet,TRUE,0,61.11889386177063,NA,
DDS-NBDS/2021-05-31-DDS-NBDS.parquet,TRUE,0,12.356918811798096,NA,
FAIR-NRAR/2021-03-01-FAIR-NRAR.parquet,TRUE,0,476.4182415008545,NA,
FAIR-NRAR/2021-11-09-FAIR-NRAR.parquet,TRUE,0,470.9105339050293,NA,
Geneva-DetGrowth/2021-06-20-Geneva-DetGrowth.parquet,TRUE,0,4.812515735626221,NA,
GT-DeepCOVID/2022-02-07-GT-DeepCOVID.parquet,TRUE,0,42.89205241203308,NA,
IEM_MED-CovidProject/2021-02-08-IEM_MED-CovidProject.parquet,TRUE,0,70.35853147506714,NA,
IowaStateLW-STEM/2020-08-23-IowaStateLW-STEM.parquet,TRUE,0,989.2179596424104,NA,
JHU_IDD-CovidSP/2020-09-13-JHU_IDD-CovidSP.parquet,TRUE,0,799.6076302528381,NA,
JHU_UNC_GAS-StatMechPool/2021-12-12-JHU_UNC_GAS-StatMechPool.parquet,TRUE,0,458.85202288627625,NA,
JHUAPL-SLPHospEns/2021-04-05-JHUAPL-SLPHospEns.parquet,TRUE,0,59.134716272354126,NA,
Karlen-pypm/2022-11-20-Karlen-pypm.parquet,TRUE,0,76.34481596946716,NA,
LANL-GrowthRate/2021-04-12-LANL-GrowthRate.parquet,TRUE,0,808.787397146225,NA,
Microsoft-DeepSTIA/2022-04-04-Microsoft-DeepSTIA.parquet,TRUE,0,121.06457495689392,NA,
MIT_ISOLAT-Mixtures/2022-06-20-MIT_ISOLAT-Mixtures.parquet,TRUE,0,12.213982582092283,NA,
MOBS-GLEAM_COVID/2021-04-26-MOBS-GLEAM_COVID.parquet,TRUE,0,70.25715351104736,NA,
MUNI-ARIMA/2022-04-18-MUNI-ARIMA.parquet,TRUE,0,68.5686993598938,NA,
PandemicCentral-COVIDForest/2021-05-23-PandemicCentral-COVIDForest.parquet,TRUE,0,444.4835615158081,NA,
PSI-DICE/2023-02-06-PSI-DICE.parquet,TRUE,0,56.55318832397461,NA,
PSI-DRAFT/2023-01-02-PSI-DRAFT.parquet,TRUE,0,8.086611986160278,NA,
RobertWalraven-ESG/2021-11-22-RobertWalraven-ESG.parquet,TRUE,0,20.626492977142338,NA,
SGroup-RandomForest/2024-02-12-SGroup-RandomForest.parquet,TRUE,0,30.17329216003418,NA,
TTU-squider/2020-11-01-TTU-squider.parquet,TRUE,0,7.7338035106658944,NA,
UCF-AEM/2020-12-13-UCF-AEM.parquet,TRUE,0,5.756392002105713,NA,
UCM_MESALab-FoGSEIR/2020-09-27-UCM_MESALab-FoGSEIR.parquet,TRUE,0,5.539386510848999,NA,
UMass-gbq/2023-03-06-UMass-gbq.parquet,TRUE,0,31.028865098953247,NA,
UMass-sarix/2023-04-03-UMass-sarix.parquet,TRUE,0,21.24126172065735,NA,
UMich-RidgeTfReg/2021-01-18-UMich-RidgeTfReg.parquet,TRUE,0,19.110705137252808,NA,
USC-SI_kJalpha/2022-01-23-USC-SI_kJalpha.parquet,TRUE,0,413.1423389911651,NA,
UT-Osiris/2023-10-23-UT-Osiris.parquet,TRUE,0,18.56060242652893,NA,
WalmartLabsML-LogForecasting/2021-03-28-WalmartLabsML-LogForecasting.parquet,TRUE,0,11.632301330566406,NA,
AIpert-pwllnod/2021-07-12-AIpert-pwllnod.parquet,FALSE,1,20.6800320148468,"?: Required task ID/output type/output type ID combinations missing.  
 See `missing` attribute for details.",
BPagano-RtDriven/2023-02-12-BPagano-RtDriven.parquet,TRUE,0,68.19010066986084,NA,
cfa-wwrenewal/2024-03-18-cfa-wwrenewal.parquet,TRUE,0,19.53015613555908,NA,
Columbia_UNC-SurvCon/2020-11-22-Columbia_UNC-SurvCon.parquet,TRUE,0,17.93781352043152,NA,
CovidAnalytics-DELPHI/2022-06-20-CovidAnalytics-DELPHI.parquet,TRUE,0,26.789411783218384,NA,
COVIDhub_CDC-ensemble/2024-02-05-COVIDhub_CDC-ensemble.parquet,TRUE,0,29.776418924331665,NA,
COVIDhub-4_week_ensemble/2023-11-27-COVIDhub-4_week_ensemble.parquet,TRUE,0,30.05971956253052,NA,
COVIDhub-baseline/2023-08-28-COVIDhub-baseline.parquet,TRUE,0,30.264833211898804,NA,
COVIDhub-ensemble/2023-06-12-COVIDhub-ensemble.parquet,TRUE,0,16.275773525238037,NA,
COVIDhub-trained_ensemble/2024-03-18-COVIDhub-trained_ensemble.parquet,TRUE,0,29.98915934562683,NA,
CU-scenario_high/2020-07-19-CU-scenario_high.parquet,TRUE,0,9.564565181732178,NA,
CU-scenario_low/2022-04-24-CU-scenario_low.parquet,TRUE,0,760.522536277771,NA,
CU-scenario_mid/2022-11-06-CU-scenario_mid.parquet,TRUE,0,758.581788778305,NA,
CUB_PopCouncil-SLSTM/2022-04-17-CUB_PopCouncil-SLSTM.parquet,TRUE,0,59.243189334869385,NA,
DDS-NBDS/2021-06-07-DDS-NBDS.parquet,TRUE,0,12.057846784591677,NA,
FAIR-NRAR/2021-03-02-FAIR-NRAR.parquet,TRUE,0,469.3941898345947,NA,
FAIR-NRAR/2021-11-10-FAIR-NRAR.parquet,TRUE,0,464.5567498207092,NA,
Geneva-DetGrowth/2021-06-27-Geneva-DetGrowth.parquet,TRUE,0,4.66645622253418,NA,
GT-DeepCOVID/2022-02-14-GT-DeepCOVID.parquet,TRUE,0,53.19404745101929,NA,
IEM_MED-CovidProject/2021-02-15-IEM_MED-CovidProject.parquet,TRUE,0,69.50964140892029,NA,
IowaStateLW-STEM/2020-08-30-IowaStateLW-STEM.parquet,TRUE,0,965.2181322574615,NA,
JHU_IDD-CovidSP/2020-09-20-JHU_IDD-CovidSP.parquet,TRUE,0,810.5965127944946,NA,
JHU_UNC_GAS-StatMechPool/2021-12-19-JHU_UNC_GAS-StatMechPool.parquet,TRUE,0,456.93271374702454,NA,
JHUAPL-SLPHospEns/2021-04-12-JHUAPL-SLPHospEns.parquet,TRUE,0,58.82211875915527,NA,
Karlen-pypm/2022-11-27-Karlen-pypm.parquet,TRUE,0,76.22439670562744,NA,
LANL-GrowthRate/2021-04-15-LANL-GrowthRate.parquet,TRUE,0,803.4726428985596,NA,
Microsoft-DeepSTIA/2022-04-11-Microsoft-DeepSTIA.parquet,TRUE,0,125.3800630569458,NA,
MIT_ISOLAT-Mixtures/2022-06-27-MIT_ISOLAT-Mixtures.parquet,TRUE,0,11.1712167263031,NA,
MOBS-GLEAM_COVID/2021-05-10-MOBS-GLEAM_COVID.parquet,TRUE,0,61.75519585609436,NA,
MUNI-ARIMA/2022-04-25-MUNI-ARIMA.parquet,TRUE,0,66.99610352516174,NA,
PandemicCentral-COVIDForest/2021-05-31-PandemicCentral-COVIDForest.parquet,TRUE,0,452.7060511112213,NA,
PSI-DICE/2023-02-13-PSI-DICE.parquet,TRUE,0,55.59940266609192,NA,
PSI-DRAFT/2023-01-09-PSI-DRAFT.parquet,TRUE,0,8.29123568534851,NA,
RobertWalraven-ESG/2021-11-29-RobertWalraven-ESG.parquet,TRUE,0,20.603506803512573,NA,
SGroup-RandomForest/2024-02-19-SGroup-RandomForest.parquet,TRUE,0,29.79375672340393,NA,
TTU-squider/2020-11-08-TTU-squider.parquet,TRUE,0,7.662995100021362,NA,
UCF-AEM/2020-12-20-UCF-AEM.parquet,TRUE,0,5.641156435012817,NA,
UCM_MESALab-FoGSEIR/2020-10-04-UCM_MESALab-FoGSEIR.parquet,TRUE,0,5.419000625610352,NA,
UMass-gbq/2023-03-12-UMass-gbq.parquet,TRUE,0,29.764143228530884,NA,
UMass-sarix/2023-04-10-UMass-sarix.parquet,TRUE,0,20.041316509246823,NA,
UMich-RidgeTfReg/2021-01-25-UMich-RidgeTfReg.parquet,TRUE,0,19.30319595336914,NA,
USC-SI_kJalpha/2022-01-30-USC-SI_kJalpha.parquet,TRUE,0,427.99061155319214,NA,
UT-Osiris/2023-10-30-UT-Osiris.parquet,TRUE,0,20.02916121482849,NA,
WalmartLabsML-LogForecasting/2021-04-04-WalmartLabsML-LogForecasting.parquet,TRUE,0,12.425702810287476,NA,
AIpert-pwllnod/2021-07-19-AIpert-pwllnod.parquet,TRUE,0,20.2960262298584,NA,
BPagano-RtDriven/2023-02-19-BPagano-RtDriven.parquet,TRUE,0,71.23183178901672,NA,
cfa-wwrenewal/2024-03-25-cfa-wwrenewal.parquet,TRUE,0,19.66010570526123,NA,
Columbia_UNC-SurvCon/2020-11-29-Columbia_UNC-SurvCon.parquet,TRUE,0,18.07055425643921,NA,
CovidAnalytics-DELPHI/2022-06-27-CovidAnalytics-DELPHI.parquet,TRUE,0,26.38793396949768,NA,
COVIDhub_CDC-ensemble/2024-02-12-COVIDhub_CDC-ensemble.parquet,TRUE,0,30.090962171554565,NA,
COVIDhub-4_week_ensemble/2023-12-04-COVIDhub-4_week_ensemble.parquet,TRUE,0,30.144086360931396,NA,
COVIDhub-baseline/2023-09-04-COVIDhub-baseline.parquet,TRUE,0,30.222931623458862,NA,
COVIDhub-ensemble/2023-06-26-COVIDhub-ensemble.parquet,TRUE,0,16.47933077812195,NA,
COVIDhub-trained_ensemble/2024-03-25-COVIDhub-trained_ensemble.parquet,TRUE,0,30.096813678741455,NA,
CU-scenario_high/2020-07-26-CU-scenario_high.parquet,TRUE,0,738.0453674793243,NA,
CU-scenario_low/2022-05-01-CU-scenario_low.parquet,TRUE,0,778.6898684501648,NA,
CU-scenario_mid/2022-11-13-CU-scenario_mid.parquet,TRUE,0,789.048529624939,NA,
CUB_PopCouncil-SLSTM/2022-04-24-CUB_PopCouncil-SLSTM.parquet,TRUE,0,60.11269021034241,NA,
DDS-NBDS/2021-06-21-DDS-NBDS.parquet,TRUE,0,11.962076902389526,NA,
FAIR-NRAR/2021-03-03-FAIR-NRAR.parquet,TRUE,0,495.77513217926025,NA,
FAIR-NRAR/2021-11-18-FAIR-NRAR.parquet,TRUE,0,470.29776072502136,NA,
Geneva-DetGrowth/2021-07-04-Geneva-DetGrowth.parquet,TRUE,0,4.800776720046997,NA,
GT-DeepCOVID/2022-02-21-GT-DeepCOVID.parquet,TRUE,0,58.88461875915527,NA,
IEM_MED-CovidProject/2021-02-22-IEM_MED-CovidProject.parquet,TRUE,0,65.04371619224548,NA,
IowaStateLW-STEM/2020-09-06-IowaStateLW-STEM.parquet,TRUE,0,967.2990698814392,NA,
JHU_IDD-CovidSP/2020-09-27-JHU_IDD-CovidSP.parquet,TRUE,0,793.2690131664276,NA,
JHU_UNC_GAS-StatMechPool/2022-01-16-JHU_UNC_GAS-StatMechPool.parquet,TRUE,0,473.78893184661865,NA,
JHUAPL-SLPHospEns/2021-04-19-JHUAPL-SLPHospEns.parquet,TRUE,0,57.30153703689575,NA,
Karlen-pypm/2022-12-04-Karlen-pypm.parquet,TRUE,0,74.66544938087463,NA,
LANL-GrowthRate/2021-04-19-LANL-GrowthRate.parquet,TRUE,0,814.8488583564758,NA,
Microsoft-DeepSTIA/2022-04-18-Microsoft-DeepSTIA.parquet,TRUE,0,120.18364238739014,NA,
MIT_ISOLAT-Mixtures/2022-07-04-MIT_ISOLAT-Mixtures.parquet,TRUE,0,11.765272855758669,NA,
MOBS-GLEAM_COVID/2021-05-17-MOBS-GLEAM_COVID.parquet,TRUE,0,67.66686820983887,NA,
MUNI-ARIMA/2022-05-02-MUNI-ARIMA.parquet,TRUE,0,66.16294527053833,NA,
PandemicCentral-COVIDForest/2021-06-06-PandemicCentral-COVIDForest.parquet,TRUE,0,438.77406573295593,NA,
PSI-DICE/2023-02-20-PSI-DICE.parquet,TRUE,0,50.57296919822693,NA,
PSI-DRAFT/2023-01-16-PSI-DRAFT.parquet,TRUE,0,7.817723035812378,NA,
RobertWalraven-ESG/2021-12-06-RobertWalraven-ESG.parquet,TRUE,0,19.515379428863525,NA,
SGroup-RandomForest/2024-02-26-SGroup-RandomForest.parquet,TRUE,0,28.231248140335083,NA,
TTU-squider/2020-11-15-TTU-squider.parquet,TRUE,0,7.121798515319824,NA,
UCF-AEM/2020-12-27-UCF-AEM.parquet,TRUE,0,5.265718460083008,NA,
UCM_MESALab-FoGSEIR/2020-10-11-UCM_MESALab-FoGSEIR.parquet,TRUE,0,5.33813214302063,NA,
UMass-gbq/2023-03-20-UMass-gbq.parquet,TRUE,0,28.284135818481445,NA,
UMass-sarix/2023-04-17-UMass-sarix.parquet,TRUE,0,20.380021572113037,NA,
UMich-RidgeTfReg/2021-02-01-UMich-RidgeTfReg.parquet,TRUE,0,18.267017126083378,NA,
USC-SI_kJalpha/2022-02-06-USC-SI_kJalpha.parquet,TRUE,0,379.2765154838562,NA,
UT-Osiris/2023-11-06-UT-Osiris.parquet,TRUE,0,18.55429983139038,NA,
Yu_Group-CLEP/2020-08-08-Yu_Group-CLEP.parquet,TRUE,0,26.63784456253052,NA,
AIpert-pwllnod/2021-07-26-AIpert-pwllnod.parquet,TRUE,0,20.189533948898315,NA,
BPagano-RtDriven/2023-02-26-BPagano-RtDriven.parquet,TRUE,0,61.19595551490784,NA,
cfa-wwrenewal/2024-04-01-cfa-wwrenewal.parquet,TRUE,0,19.5882465839386,NA,
Columbia_UNC-SurvCon/2020-12-06-Columbia_UNC-SurvCon.parquet,TRUE,0,17.746461868286133,NA,
CovidAnalytics-DELPHI/2022-07-04-CovidAnalytics-DELPHI.parquet,TRUE,0,26.410996198654175,NA,
COVIDhub_CDC-ensemble/2024-02-19-COVIDhub_CDC-ensemble.parquet,TRUE,0,30.02347183227539,NA,
COVIDhub-4_week_ensemble/2023-12-11-COVIDhub-4_week_ensemble.parquet,TRUE,0,29.92300081253052,NA,
COVIDhub-baseline/2023-09-11-COVIDhub-baseline.parquet,TRUE,0,30.09665036201477,NA,
COVIDhub-ensemble/2023-07-03-COVIDhub-ensemble.parquet,TRUE,0,16.46301007270813,NA,
COVIDhub-trained_ensemble/2024-04-01-COVIDhub-trained_ensemble.parquet,TRUE,0,30.034353971481323,NA,
CU-scenario_high/2020-08-02-CU-scenario_high.parquet,TRUE,0,744.527295589447,NA,
CU-scenario_low/2022-05-08-CU-scenario_low.parquet,TRUE,0,743.1672625541687,NA,
CU-scenario_mid/2022-11-27-CU-scenario_mid.parquet,TRUE,0,779.8522472381592,NA,
CUB_PopCouncil-SLSTM/2022-05-01-CUB_PopCouncil-SLSTM.parquet,TRUE,0,59.64101004600525,NA,
DDS-NBDS/2021-06-28-DDS-NBDS.parquet,TRUE,0,11.81214690208435,NA,
FAIR-NRAR/2021-03-04-FAIR-NRAR.parquet,TRUE,0,466.3972520828247,NA,
FAIR-NRAR/2021-11-19-FAIR-NRAR.parquet,TRUE,0,472.67927527427673,NA,
Geneva-DetGrowth/2021-07-11-Geneva-DetGrowth.parquet,TRUE,0,4.564466238021851,NA,
GT-DeepCOVID/2022-02-28-GT-DeepCOVID.parquet,TRUE,0,64.53818440437317,NA,
IEM_MED-CovidProject/2021-03-01-IEM_MED-CovidProject.parquet,TRUE,0,68.64356207847595,NA,
IowaStateLW-STEM/2020-09-13-IowaStateLW-STEM.parquet,TRUE,0,998.8323788642884,NA,
JHU_IDD-CovidSP/2020-10-04-JHU_IDD-CovidSP.parquet,TRUE,0,786.8024916648865,NA,
JHU_UNC_GAS-StatMechPool/2022-02-13-JHU_UNC_GAS-StatMechPool.parquet,TRUE,0,453.4882900714874,NA,
JHUAPL-SLPHospEns/2021-04-26-JHUAPL-SLPHospEns.parquet,TRUE,0,56.43724060058594,NA,
Karlen-pypm/2022-12-18-Karlen-pypm.parquet,TRUE,0,73.80373239517212,NA,
LANL-GrowthRate/2021-04-22-LANL-GrowthRate.parquet,TRUE,0,797.0774590969086,NA,
Microsoft-DeepSTIA/2022-05-09-Microsoft-DeepSTIA.parquet,TRUE,0,119.92340922355652,NA,
MIT_ISOLAT-Mixtures/2022-07-11-MIT_ISOLAT-Mixtures.parquet,TRUE,0,11.10560941696167,NA,
MOBS-GLEAM_COVID/2021-05-24-MOBS-GLEAM_COVID.parquet,TRUE,0,67.48384165763855,NA,
MUNI-ARIMA/2022-05-09-MUNI-ARIMA.parquet,TRUE,0,66.46143388748169,NA,
PandemicCentral-COVIDForest/2021-06-14-PandemicCentral-COVIDForest.parquet,TRUE,0,460.0426881313324,NA,
PSI-DICE/2023-02-27-PSI-DICE.parquet,TRUE,0,51.32426071166992,NA,
PSI-DRAFT/2023-01-23-PSI-DRAFT.parquet,TRUE,0,7.908382177352905,NA,
RobertWalraven-ESG/2021-12-13-RobertWalraven-ESG.parquet,TRUE,0,19.48310661315918,NA,
SGroup-RandomForest/2024-03-04-SGroup-RandomForest.parquet,TRUE,0,28.145753383636475,NA,
TTU-squider/2020-11-22-TTU-squider.parquet,TRUE,0,7.220310688018799,NA,
UCF-AEM/2021-01-03-UCF-AEM.parquet,TRUE,0,5.272015333175659,NA,
UCM_MESALab-FoGSEIR/2020-10-18-UCM_MESALab-FoGSEIR.parquet,TRUE,0,5.410067558288574,NA,
UMass-gbq/2023-03-27-UMass-gbq.parquet,TRUE,0,28.44440507888794,NA,
UMass-sarix/2023-04-24-UMass-sarix.parquet,TRUE,0,19.29473352432251,NA,
UMich-RidgeTfReg/2021-02-08-UMich-RidgeTfReg.parquet,TRUE,0,17.923465967178345,NA,
USC-SI_kJalpha/2022-02-13-USC-SI_kJalpha.parquet,TRUE,0,386.1714255809784,NA,
UT-Osiris/2023-11-13-UT-Osiris.parquet,TRUE,0,18.544188261032104,NA,
Yu_Group-CLEP/2020-08-15-Yu_Group-CLEP.parquet,TRUE,0,73.83582830429077,NA,
AIpert-pwllnod/2021-08-02-AIpert-pwllnod.parquet,TRUE,0,20.51169276237488,NA,
BPagano-RtDriven/2023-03-05-BPagano-RtDriven.parquet,TRUE,0,62.96527361869812,NA,
cfa-wwrenewal/2024-04-08-cfa-wwrenewal.parquet,TRUE,0,19.930958032608032,NA,
Columbia_UNC-SurvCon/2020-12-13-Columbia_UNC-SurvCon.parquet,TRUE,0,18.495813369750977,NA,
CovidAnalytics-DELPHI/2022-07-11-CovidAnalytics-DELPHI.parquet,TRUE,0,26.791313409805294,NA,
COVIDhub_CDC-ensemble/2024-02-26-COVIDhub_CDC-ensemble.parquet,TRUE,0,30.35901665687561,NA,
COVIDhub-4_week_ensemble/2023-12-18-COVIDhub-4_week_ensemble.parquet,TRUE,0,30.987773656845093,NA,
COVIDhub-baseline/2023-09-18-COVIDhub-baseline.parquet,TRUE,0,32.943907499313354,NA,
COVIDhub-ensemble/2023-07-10-COVIDhub-ensemble.parquet,TRUE,0,18.308407068252563,NA,
COVIDhub-trained_ensemble/2024-04-08-COVIDhub-trained_ensemble.parquet,TRUE,0,33.86069893836975,NA,
CU-scenario_high/2020-08-06-CU-scenario_high.parquet,TRUE,0,805.0046815872192,NA,
CU-scenario_low/2022-05-15-CU-scenario_low.parquet,TRUE,0,788.3497066497803,NA,
CU-scenario_mid/2022-12-04-CU-scenario_mid.parquet,TRUE,0,779.9585673809052,NA,
CUB_PopCouncil-SLSTM/2022-05-08-CUB_PopCouncil-SLSTM.parquet,TRUE,0,63.597291231155396,NA,
DDS-NBDS/2021-07-05-DDS-NBDS.parquet,TRUE,0,12.76896595954895,NA,
FAIR-NRAR/2021-03-05-FAIR-NRAR.parquet,TRUE,0,479.76793694496155,NA,
FAIR-NRAR/2021-11-24-FAIR-NRAR.parquet,TRUE,0,480.4173541069031,NA,
Geneva-DetGrowth/2021-07-18-Geneva-DetGrowth.parquet,TRUE,0,4.72926664352417,NA,
GT-DeepCOVID/2022-03-07-GT-DeepCOVID.parquet,TRUE,0,63.462615966796875,NA,
IEM_MED-CovidProject/2021-03-08-IEM_MED-CovidProject.parquet,TRUE,0,67.24179697036743,NA,
IowaStateLW-STEM/2020-09-20-IowaStateLW-STEM.parquet,TRUE,0,993.715398311615,NA,
JHU_IDD-CovidSP/2020-10-11-JHU_IDD-CovidSP.parquet,TRUE,0,822.205246925354,NA,
JHUAPL-Bucky/2020-08-31-JHUAPL-Bucky.parquet,TRUE,0,492.58808517456055,NA,
JHUAPL-SLPHospEns/2021-05-03-JHUAPL-SLPHospEns.parquet,TRUE,0,58.57026124000549,NA,
Karlen-pypm/2023-01-01-Karlen-pypm.parquet,TRUE,0,79.2472517490387,NA,
LANL-GrowthRate/2021-04-26-LANL-GrowthRate.parquet,TRUE,0,826.4502017498016,NA,
Microsoft-DeepSTIA/2022-05-16-Microsoft-DeepSTIA.parquet,TRUE,0,122.87290501594543,NA,
MIT_ISOLAT-Mixtures/2022-07-18-MIT_ISOLAT-Mixtures.parquet,TRUE,0,10.652488231658936,NA,
MOBS-GLEAM_COVID/2021-05-31-MOBS-GLEAM_COVID.parquet,TRUE,0,68.82038140296936,NA,
MUNI-ARIMA/2022-05-16-MUNI-ARIMA.parquet,TRUE,0,67.13150119781494,NA,
PandemicCentral-COVIDForest/2021-06-22-PandemicCentral-COVIDForest.parquet,TRUE,0,471.96123218536377,NA,
PSI-DICE/2023-03-06-PSI-DICE.parquet,TRUE,0,30.59920835494995,NA,
PSI-DRAFT/2023-01-30-PSI-DRAFT.parquet,TRUE,0,8.66608190536499,NA,
RobertWalraven-ESG/2021-12-20-RobertWalraven-ESG.parquet,TRUE,0,20.53676748275757,NA,
SGroup-RandomForest/2024-03-11-SGroup-RandomForest.parquet,TRUE,0,30.51845145225525,NA,
TTU-squider/2020-11-29-TTU-squider.parquet,TRUE,0,7.47268009185791,NA,
UCF-AEM/2021-01-10-UCF-AEM.parquet,TRUE,0,5.592239618301392,NA,
UCM_MESALab-FoGSEIR/2020-10-25-UCM_MESALab-FoGSEIR.parquet,TRUE,0,5.770463228225708,NA,
UMass-gbq/2023-04-03-UMass-gbq.parquet,TRUE,0,30.127241134643555,NA,
UMass-sarix/2023-05-01-UMass-sarix.parquet,TRUE,0,20.697330236434937,NA,
UMich-RidgeTfReg/2021-02-15-UMich-RidgeTfReg.parquet,TRUE,0,18.533271074295044,NA,
USC-SI_kJalpha/2022-02-20-USC-SI_kJalpha.parquet,TRUE,0,414.1936230659485,NA,
UT-Osiris/2023-11-27-UT-Osiris.parquet,TRUE,0,19.195313215255737,NA,
Yu_Group-CLEP/2020-08-30-Yu_Group-CLEP.parquet,TRUE,0,79.68132138252258,NA,
AIpert-pwllnod/2021-08-09-AIpert-pwllnod.parquet,TRUE,0,20.51700711250305,NA,
Caltech-CS156/2020-11-01-Caltech-CS156.parquet,TRUE,0,4.47951340675354,NA,
cfa-wwrenewal/2024-04-15-cfa-wwrenewal.parquet,TRUE,0,21.146751642227173,NA,
Columbia_UNC-SurvCon/2020-12-20-Columbia_UNC-SurvCon.parquet,TRUE,0,18.72306108474731,NA,
COVIDhub_CDC-ensemble/2020-04-13-COVIDhub_CDC-ensemble.parquet,FALSE,1,8.09014630317688,"?: Required task ID/output type/output type ID combinations missing.  
 See `missing` attribute for details.",
COVIDhub_CDC-ensemble/2024-03-04-COVIDhub_CDC-ensemble.parquet,TRUE,0,29.973442792892456,NA,
COVIDhub-4_week_ensemble/2023-12-25-COVIDhub-4_week_ensemble.parquet,TRUE,0,29.72908115386963,NA,
COVIDhub-baseline/2023-09-25-COVIDhub-baseline.parquet,TRUE,0,30.85987424850464,NA,
COVIDhub-ensemble/2023-07-17-COVIDhub-ensemble.parquet,TRUE,0,16.502309799194336,NA,
COVIDhub-trained_ensemble/2024-04-15-COVIDhub-trained_ensemble.parquet,TRUE,0,30.842634439468384,NA,
CU-scenario_high/2020-08-09-CU-scenario_high.parquet,TRUE,0,819.326860666275,NA,
CU-scenario_low/2022-05-22-CU-scenario_low.parquet,TRUE,0,779.4891483783722,NA,
CU-scenario_mid/2022-12-11-CU-scenario_mid.parquet,TRUE,0,775.1669805049896,NA,
CUB_PopCouncil-SLSTM/2022-05-15-CUB_PopCouncil-SLSTM.parquet,TRUE,0,61.59693384170532,NA,
DDS-NBDS/2021-07-12-DDS-NBDS.parquet,TRUE,0,11.952041387557983,NA,
FAIR-NRAR/2021-03-07-FAIR-NRAR.parquet,TRUE,0,499.90149331092834,NA,
FAIR-NRAR/2021-11-25-FAIR-NRAR.parquet,TRUE,0,502.3842260837555,NA,
Geneva-DetGrowth/2021-07-25-Geneva-DetGrowth.parquet,TRUE,0,4.670334100723267,NA,
GT-DeepCOVID/2022-03-14-GT-DeepCOVID.parquet,TRUE,0,64.91793775558472,NA,
IEM_MED-CovidProject/2021-03-15-IEM_MED-CovidProject.parquet,TRUE,0,68.69207334518433,NA,
IowaStateLW-STEM/2020-09-27-IowaStateLW-STEM.parquet,TRUE,0,990.3474805355072,NA,
JHU_IDD-CovidSP/2020-10-18-JHU_IDD-CovidSP.parquet,TRUE,0,820.1437902450562,NA,
JHUAPL-Bucky/2020-09-07-JHUAPL-Bucky.parquet,TRUE,0,494.8888759613037,NA,
JHUAPL-SLPHospEns/2021-05-10-JHUAPL-SLPHospEns.parquet,TRUE,0,59.50969457626343,NA,
Karlen-pypm/2023-01-08-Karlen-pypm.parquet,TRUE,0,76.23124718666077,NA,
LANL-GrowthRate/2021-04-29-LANL-GrowthRate.parquet,TRUE,0,824.699141740799,NA,
Microsoft-DeepSTIA/2022-05-23-Microsoft-DeepSTIA.parquet,TRUE,0,123.55479550361632,NA,
MIT_ISOLAT-Mixtures/2022-07-25-MIT_ISOLAT-Mixtures.parquet,TRUE,0,11.661373376846312,NA,
MOBS-GLEAM_COVID/2021-06-07-MOBS-GLEAM_COVID.parquet,TRUE,0,71.44028735160828,NA,
MUNI-ARIMA/2022-05-23-MUNI-ARIMA.parquet,TRUE,0,66.40543293952942,NA,
PandemicCentral-COVIDForest/2021-06-27-PandemicCentral-COVIDForest.parquet,TRUE,0,481.8089554309845,NA,
PSI-DICE/2023-03-13-PSI-DICE.parquet,TRUE,0,30.527430057525635,NA,
PSI-DRAFT/2023-02-06-PSI-DRAFT.parquet,TRUE,0,8.511257410049438,NA,
RobertWalraven-ESG/2021-12-27-RobertWalraven-ESG.parquet,TRUE,0,20.87663960456848,NA,
SGroup-RandomForest/2024-03-18-SGroup-RandomForest.parquet,TRUE,0,30.44234299659729,NA,
TTU-squider/2020-12-06-TTU-squider.parquet,TRUE,0,7.715871572494507,NA,
UCF-AEM/2021-01-17-UCF-AEM.parquet,TRUE,0,5.658644199371338,NA,
UCM_MESALab-FoGSEIR/2020-11-01-UCM_MESALab-FoGSEIR.parquet,TRUE,0,5.555663347244263,NA,
UMass-gbq/2023-04-10-UMass-gbq.parquet,TRUE,0,29.396533012390137,NA,
UMass-sarix/2023-05-08-UMass-sarix.parquet,TRUE,0,20.221219301223755,NA,
UMich-RidgeTfReg/2021-02-22-UMich-RidgeTfReg.parquet,TRUE,0,16.697832345962524,NA,
USC-SI_kJalpha/2022-02-27-USC-SI_kJalpha.parquet,TRUE,0,414.1302423477173,NA,
UT-Osiris/2023-12-04-UT-Osiris.parquet,TRUE,0,19.105717182159424,NA,
Yu_Group-CLEP/2020-09-06-Yu_Group-CLEP.parquet,TRUE,0,104.8832356929779,NA,
AIpert-pwllnod/2021-08-15-AIpert-pwllnod.parquet,TRUE,0,20.517735481262207,NA,
Caltech-CS156/2020-11-08-Caltech-CS156.parquet,TRUE,0,4.644116401672363,NA,
cfa-wwrenewal/2024-04-22-cfa-wwrenewal.parquet,TRUE,0,20.946782112121586,NA,
Columbia_UNC-SurvCon/2020-12-27-Columbia_UNC-SurvCon.parquet,TRUE,0,19.62814688682556,NA,
COVIDhub_CDC-ensemble/2020-04-27-COVIDhub_CDC-ensemble.parquet,TRUE,0,6.620302677154541,NA,
COVIDhub_CDC-ensemble/2024-03-11-COVIDhub_CDC-ensemble.parquet,TRUE,0,30.504483938217163,NA,
COVIDhub-4_week_ensemble/2024-01-01-COVIDhub-4_week_ensemble.parquet,TRUE,0,30.343384265899655,NA,
COVIDhub-baseline/2023-10-02-COVIDhub-baseline.parquet,TRUE,0,31.40060806274414,NA,
COVIDhub-ensemble/2023-07-24-COVIDhub-ensemble.parquet,TRUE,0,16.98752236366272,NA,
COVIDhub-trained_ensemble/2024-04-22-COVIDhub-trained_ensemble.parquet,TRUE,0,31.235785722732544,NA,
CU-scenario_high/2020-08-13-CU-scenario_high.parquet,TRUE,0,832.0688638687134,NA,
CU-scenario_low/2022-05-29-CU-scenario_low.parquet,TRUE,0,766.4484672546387,NA,
CU-scenario_mid/2022-12-18-CU-scenario_mid.parquet,TRUE,0,767.1024248600006,NA,
CUB_PopCouncil-SLSTM/2022-05-22-CUB_PopCouncil-SLSTM.parquet,TRUE,0,59.541584968566895,NA,
DDS-NBDS/2021-07-19-DDS-NBDS.parquet,TRUE,0,11.618999481201172,NA,
FAIR-NRAR/2021-03-08-FAIR-NRAR.parquet,TRUE,0,473.5729551315307,NA,
FAIR-NRAR/2021-11-26-FAIR-NRAR.parquet,TRUE,0,478.84072947502136,NA,
Geneva-DetGrowth/2021-08-01-Geneva-DetGrowth.parquet,TRUE,0,4.76783013343811,NA,
GT-DeepCOVID/2022-03-21-GT-DeepCOVID.parquet,TRUE,0,64.30696392059326,NA,
IEM_MED-CovidProject/2021-03-22-IEM_MED-CovidProject.parquet,TRUE,0,77.90923047065735,NA,
IowaStateLW-STEM/2020-10-04-IowaStateLW-STEM.parquet,TRUE,0,996.4352543354034,NA,
JHU_IDD-CovidSP/2020-10-25-JHU_IDD-CovidSP.parquet,TRUE,0,821.9371490478516,NA,
JHUAPL-Bucky/2020-09-14-JHUAPL-Bucky.parquet,TRUE,0,754.2931005954742,NA,
JHUAPL-SLPHospEns/2021-05-17-JHUAPL-SLPHospEns.parquet,TRUE,0,60.27707576751709,NA,
Karlen-pypm/2023-01-15-Karlen-pypm.parquet,TRUE,0,83.1552255153656,NA,
LANL-GrowthRate/2021-05-03-LANL-GrowthRate.parquet,TRUE,0,818.7507462501526,NA,
Microsoft-DeepSTIA/2022-05-30-Microsoft-DeepSTIA.parquet,TRUE,0,125.69833421707152,NA,
MIT_ISOLAT-Mixtures/2022-08-15-MIT_ISOLAT-Mixtures.parquet,TRUE,0,12.258499145507812,NA,
MOBS-GLEAM_COVID/2021-06-14-MOBS-GLEAM_COVID.parquet,TRUE,0,71.2506685256958,NA,
MUNI-ARIMA/2022-05-30-MUNI-ARIMA.parquet,TRUE,0,73.61926984786987,NA,
PandemicCentral-COVIDForest/2021-07-05-PandemicCentral-COVIDForest.parquet,TRUE,0,468.181077003479,NA,
PSI-DICE/2023-03-20-PSI-DICE.parquet,TRUE,0,30.065195322036743,NA,
PSI-DRAFT/2023-02-13-PSI-DRAFT.parquet,TRUE,0,8.609026432037354,NA,
RobertWalraven-ESG/2022-01-03-RobertWalraven-ESG.parquet,TRUE,0,21.016783237457275,NA,
SGroup-RandomForest/2024-03-25-SGroup-RandomForest.parquet,TRUE,0,30.664801120758057,NA,
TTU-squider/2020-12-13-TTU-squider.parquet,TRUE,0,7.886659860610962,NA,
UCF-AEM/2021-01-24-UCF-AEM.parquet,TRUE,0,5.575157642364502,NA,
UCM_MESALab-FoGSEIR/2020-11-08-UCM_MESALab-FoGSEIR.parquet,TRUE,0,5.713921546936035,NA,
UMass-gbq/2023-04-17-UMass-gbq.parquet,TRUE,0,30.194618940353394,NA,
UMass-sarix/2023-05-15-UMass-sarix.parquet,TRUE,0,21.06925106048584,NA,
UMich-RidgeTfReg/2021-03-01-UMich-RidgeTfReg.parquet,TRUE,0,16.726969718933105,NA,
USC-SI_kJalpha/2022-03-06-USC-SI_kJalpha.parquet,TRUE,0,411.8816118240357,NA,
UT-Osiris/2023-12-11-UT-Osiris.parquet,TRUE,0,17.577933311462402,NA,
Yu_Group-CLEP/2020-09-13-Yu_Group-CLEP.parquet,TRUE,0,93.51151895523073,NA,
AIpert-pwllnod/2021-08-23-AIpert-pwllnod.parquet,TRUE,0,20.56757354736328,NA,
Caltech-CS156/2020-11-15-Caltech-CS156.parquet,TRUE,0,4.64095139503479,NA,
cfa-wwrenewal/2024-04-29-cfa-wwrenewal.parquet,TRUE,0,21.04288077354431,NA,3
Columbia_UNC-SurvCon/2021-01-03-Columbia_UNC-SurvCon.parquet,TRUE,0,19.82590675354004,NA,
COVIDhub_CDC-ensemble/2020-05-04-COVIDhub_CDC-ensemble.parquet,TRUE,0,6.517953157424927,NA,
COVIDhub_CDC-ensemble/2024-03-18-COVIDhub_CDC-ensemble.parquet,TRUE,0,30.54939222335815,NA,
COVIDhub-4_week_ensemble/2024-01-08-COVIDhub-4_week_ensemble.parquet,TRUE,0,30.9443519115448,NA,
COVIDhub-baseline/2023-10-09-COVIDhub-baseline.parquet,TRUE,0,31.604264974594116,NA,
COVIDhub-ensemble/2023-07-31-COVIDhub-ensemble.parquet,TRUE,0,16.940510034561157,NA,
COVIDhub-trained_ensemble/2024-04-29-COVIDhub-trained_ensemble.parquet,TRUE,0,31.556814193725582,NA,
CU-scenario_high/2020-08-16-CU-scenario_high.parquet,TRUE,0,807.955783367157,NA,
CU-scenario_low/2022-06-05-CU-scenario_low.parquet,TRUE,0,780.6001827716827,NA,
CU-scenario_mid/2022-12-25-CU-scenario_mid.parquet,TRUE,0,777.345644235611,NA,
CUB_PopCouncil-SLSTM/2022-05-29-CUB_PopCouncil-SLSTM.parquet,TRUE,0,59.866899490356445,NA,
DDS-NBDS/2021-07-26-DDS-NBDS.parquet,TRUE,0,11.609282732009888,NA,
FAIR-NRAR/2021-03-09-FAIR-NRAR.parquet,TRUE,0,502.48777198791504,NA,
FAIR-NRAR/2021-11-27-FAIR-NRAR.parquet,TRUE,0,479.8473823070526,NA,
Geneva-DetGrowth/2021-08-08-Geneva-DetGrowth.parquet,TRUE,0,4.779875755310059,NA,
GT-DeepCOVID/2022-03-28-GT-DeepCOVID.parquet,TRUE,0,65.33252382278442,NA,
IEM_MED-CovidProject/2021-03-29-IEM_MED-CovidProject.parquet,TRUE,0,17.225740432739258,NA,
IowaStateLW-STEM/2020-10-11-IowaStateLW-STEM.parquet,TRUE,0,985.2662453651428,NA,
JHU_IDD-CovidSP/2020-11-01-JHU_IDD-CovidSP.parquet,TRUE,0,810.5187876224518,NA,
JHUAPL-Bucky/2020-09-21-JHUAPL-Bucky.parquet,TRUE,0,829.561217546463,NA,
JHUAPL-SLPHospEns/2021-05-24-JHUAPL-SLPHospEns.parquet,TRUE,0,60.62196755409241,NA,
Karlen-pypm/2023-01-22-Karlen-pypm.parquet,TRUE,0,79.79621767997742,NA,
LANL-GrowthRate/2021-05-06-LANL-GrowthRate.parquet,TRUE,0,826.2262859344482,NA,
Microsoft-DeepSTIA/2022-06-06-Microsoft-DeepSTIA.parquet,TRUE,0,127.0838587284088,NA,
MIT_ISOLAT-Mixtures/2022-08-22-MIT_ISOLAT-Mixtures.parquet,TRUE,0,12.873599529266356,NA,
MOBS-GLEAM_COVID/2021-06-21-MOBS-GLEAM_COVID.parquet,TRUE,0,72.67880606651306,NA,
MUNI-ARIMA/2022-06-06-MUNI-ARIMA.parquet,TRUE,0,69.79960322380066,NA,
PandemicCentral-COVIDForest/2021-07-17-PandemicCentral-COVIDForest.parquet,TRUE,0,471.4573051929474,NA,
PSI-DICE/2023-03-27-PSI-DICE.parquet,TRUE,0,30.532247304916385,NA,
PSI-DRAFT/2023-02-20-PSI-DRAFT.parquet,TRUE,0,8.44907259941101,NA,
RobertWalraven-ESG/2022-01-10-RobertWalraven-ESG.parquet,TRUE,0,21.074385404586792,NA,
SGroup-RandomForest/2024-04-01-SGroup-RandomForest.parquet,TRUE,0,30.911406993865967,NA,
TTU-squider/2020-12-20-TTU-squider.parquet,TRUE,0,7.630272388458252,NA,
UCF-AEM/2021-01-31-UCF-AEM.parquet,TRUE,0,5.329592704772949,NA,
UCM_MESALab-FoGSEIR/2020-11-15-UCM_MESALab-FoGSEIR.parquet,TRUE,0,5.671067714691162,NA,
UMass-gbq/2023-04-24-UMass-gbq.parquet,TRUE,0,30.90782475471497,NA,
UMass-sarix/2023-05-22-UMass-sarix.parquet,TRUE,0,21.072012901306152,NA,
UMich-RidgeTfReg/2021-03-08-UMich-RidgeTfReg.parquet,TRUE,0,19.017180919647217,NA,
USC-SI_kJalpha/2022-03-13-USC-SI_kJalpha.parquet,TRUE,0,401.4852821826935,NA,
UT-Osiris/2023-12-18-UT-Osiris.parquet,TRUE,0,17.71033811569214,NA,
Yu_Group-CLEP/2020-09-20-Yu_Group-CLEP.parquet,TRUE,0,72.21086263656616,NA,
AIpert-pwllnod/2021-08-30-AIpert-pwllnod.parquet,TRUE,0,20.41518926620483,NA,
Caltech-CS156/2020-11-22-Caltech-CS156.parquet,TRUE,0,4.603413105010986,NA,
CMU-TimeSeries/2020-07-20-CMU-TimeSeries.parquet,TRUE,0,6.200111627578735,NA,
Columbia_UNC-SurvCon/2021-01-10-Columbia_UNC-SurvCon.parquet,TRUE,0,5.94852089881897,NA,
COVIDhub_CDC-ensemble/2020-05-11-COVIDhub_CDC-ensemble.parquet,TRUE,0,6.51422643661499,NA,
COVIDhub_CDC-ensemble/2024-03-25-COVIDhub_CDC-ensemble.parquet,TRUE,0,30.856181144714355,NA,
COVIDhub-4_week_ensemble/2024-01-15-COVIDhub-4_week_ensemble.parquet,TRUE,0,29.56949520111084,NA,
COVIDhub-baseline/2023-10-16-COVIDhub-baseline.parquet,TRUE,0,30.098963737487793,NA,
COVIDhub-ensemble/2023-08-07-COVIDhub-ensemble.parquet,TRUE,0,16.63817572593689,NA,
CU-nochange/2020-04-12-CU-nochange.parquet,TRUE,0,7.766639947891235,NA,
CU-scenario_high/2020-08-20-CU-scenario_high.parquet,TRUE,0,790.4523079395294,NA,
CU-scenario_low/2022-06-12-CU-scenario_low.parquet,TRUE,0,767.1702897548676,NA,
CU-scenario_mid/2023-01-01-CU-scenario_mid.parquet,TRUE,0,767.2498183250427,NA,
CUB_PopCouncil-SLSTM/2022-06-05-CUB_PopCouncil-SLSTM.parquet,TRUE,0,56.277508020401,NA,
DDS-NBDS/2021-08-02-DDS-NBDS.parquet,TRUE,0,11.625878095626833,NA,
FAIR-NRAR/2021-03-10-FAIR-NRAR.parquet,TRUE,0,467.7935872077942,NA,
FAIR-NRAR/2021-11-28-FAIR-NRAR.parquet,TRUE,0,471.94366216659546,NA,
Geneva-DetGrowth/2021-08-15-Geneva-DetGrowth.parquet,TRUE,0,4.6670567989349365,NA,
GT-DeepCOVID/2022-04-04-GT-DeepCOVID.parquet,TRUE,0,62.469313859939575,NA,
IEM_MED-CovidProject/2021-04-05-IEM_MED-CovidProject.parquet,TRUE,0,16.552082538604736,NA,
IowaStateLW-STEM/2020-10-18-IowaStateLW-STEM.parquet,TRUE,0,986.523405790329,NA,
JHU_IDD-CovidSP/2020-11-08-JHU_IDD-CovidSP.parquet,TRUE,0,15.542933225631714,NA,
JHUAPL-Bucky/2020-09-28-JHUAPL-Bucky.parquet,TRUE,0,824.845470905304,NA,
JHUAPL-SLPHospEns/2021-05-31-JHUAPL-SLPHospEns.parquet,TRUE,0,58.8020932674408,NA,
Karlen-pypm/2023-01-29-Karlen-pypm.parquet,TRUE,0,75.72261476516724,NA,
LANL-GrowthRate/2021-05-10-LANL-GrowthRate.parquet,TRUE,0,827.8922822475433,NA,
Microsoft-DeepSTIA/2022-06-13-Microsoft-DeepSTIA.parquet,TRUE,0,123.406596660614,NA,
MIT_ISOLAT-Mixtures/2022-08-29-MIT_ISOLAT-Mixtures.parquet,TRUE,0,12.607828378677368,NA,
MOBS-GLEAM_COVID/2021-06-28-MOBS-GLEAM_COVID.parquet,TRUE,0,71.54947066307068,NA,
MUNI-ARIMA/2022-06-13-MUNI-ARIMA.parquet,TRUE,0,70.42442917823792,NA,
PandemicCentral-COVIDForest/2021-07-25-PandemicCentral-COVIDForest.parquet,TRUE,0,483.89187145233154,NA,
PSI-DICE/2023-04-03-PSI-DICE.parquet,TRUE,0,30.742960929870605,NA,
PSI-DRAFT/2023-02-27-PSI-DRAFT.parquet,TRUE,0,8.334832668304443,NA,
RobertWalraven-ESG/2022-01-17-RobertWalraven-ESG.parquet,TRUE,0,20.650894165039062,NA,
SGroup-RandomForest/2024-04-08-SGroup-RandomForest.parquet,TRUE,0,31.087164640426636,NA,
TTU-squider/2020-12-27-TTU-squider.parquet,TRUE,0,7.7399938106536865,NA,
UCF-AEM/2021-02-07-UCF-AEM.parquet,TRUE,0,5.662617206573486,NA,
UCM_MESALab-FoGSEIR/2020-11-22-UCM_MESALab-FoGSEIR.parquet,TRUE,0,5.473355770111084,NA,
UMass-gbq/2023-05-01-UMass-gbq.parquet,TRUE,0,29.841506481170654,NA,
UMass-sarix/2023-05-29-UMass-sarix.parquet,TRUE,0,20.67097568511963,NA,
UMich-RidgeTfReg/2021-03-15-UMich-RidgeTfReg.parquet,TRUE,0,18.92555832862854,NA,
USC-SI_kJalpha/2022-03-20-USC-SI_kJalpha.parquet,TRUE,0,425.89600586891174,NA,
UT-Osiris/2023-12-25-UT-Osiris.parquet,TRUE,0,20.757846355438232,NA,
Yu_Group-CLEP/2020-09-27-Yu_Group-CLEP.parquet,TRUE,0,62.800405502319336,NA,
AIpert-pwllnod/2021-09-13-AIpert-pwllnod.parquet,TRUE,0,20.590155124664307,NA,
Caltech-CS156/2020-11-29-Caltech-CS156.parquet,TRUE,0,4.616338729858398,NA,
CMU-TimeSeries/2020-07-27-CMU-TimeSeries.parquet,TRUE,0,8.513477325439453,NA,
Columbia_UNC-SurvCon/2021-01-17-Columbia_UNC-SurvCon.parquet,TRUE,0,19.713468074798584,NA,
COVIDhub_CDC-ensemble/2020-05-18-COVIDhub_CDC-ensemble.parquet,TRUE,0,6.697037696838379,NA,
COVIDhub_CDC-ensemble/2024-04-01-COVIDhub_CDC-ensemble.parquet,TRUE,0,30.697582721710205,NA,
COVIDhub-4_week_ensemble/2024-01-22-COVIDhub-4_week_ensemble.parquet,TRUE,0,30.369587182998657,NA,
COVIDhub-baseline/2023-10-23-COVIDhub-baseline.parquet,TRUE,0,30.75152587890625,NA,
COVIDhub-ensemble/2023-08-14-COVIDhub-ensemble.parquet,TRUE,0,16.6243097782135,NA,
CU-nochange/2020-04-16-CU-nochange.parquet,TRUE,0,7.186257839202881,NA,
CU-scenario_high/2020-08-23-CU-scenario_high.parquet,TRUE,0,816.4674701690674,NA,
CU-scenario_low/2022-06-19-CU-scenario_low.parquet,TRUE,0,791.428719997406,NA,
CU-scenario_mid/2023-01-15-CU-scenario_mid.parquet,TRUE,0,814.8749535083771,NA,
CUB_PopCouncil-SLSTM/2022-06-12-CUB_PopCouncil-SLSTM.parquet,TRUE,0,61.96669816970825,NA,
DDS-NBDS/2021-08-09-DDS-NBDS.parquet,TRUE,0,12.605664253234863,NA,
FAIR-NRAR/2021-03-11-FAIR-NRAR.parquet,TRUE,0,493.2711696624756,NA,
FAIR-NRAR/2021-11-29-FAIR-NRAR.parquet,TRUE,0,491.31186509132385,NA,
Geneva-DetGrowth/2021-08-22-Geneva-DetGrowth.parquet,TRUE,0,4.833217620849609,NA,
GT-DeepCOVID/2022-04-11-GT-DeepCOVID.parquet,TRUE,0,66.19798564910889,NA,
IEM_MED-CovidProject/2021-04-12-IEM_MED-CovidProject.parquet,TRUE,0,17.683666706085205,NA,
IowaStateLW-STEM/2020-10-25-IowaStateLW-STEM.parquet,TRUE,0,1001.9082751274108,NA,
JHU_IDD-CovidSP/2020-11-15-JHU_IDD-CovidSP.parquet,TRUE,0,825.1021213531494,NA,
JHUAPL-Bucky/2020-10-05-JHUAPL-Bucky.parquet,TRUE,0,837.9099564552307,NA,
JHUAPL-SLPHospEns/2021-06-07-JHUAPL-SLPHospEns.parquet,TRUE,0,61.000046491622925,NA,
Karlen-pypm/2023-02-12-Karlen-pypm.parquet,TRUE,0,80.76183915138245,NA,
LANL-GrowthRate/2021-05-13-LANL-GrowthRate.parquet,TRUE,0,842.1545917987823,NA,
Microsoft-DeepSTIA/2022-06-20-Microsoft-DeepSTIA.parquet,TRUE,0,125.09131121635436,NA,
MIT_ISOLAT-Mixtures/2022-09-05-MIT_ISOLAT-Mixtures.parquet,TRUE,0,11.314120769500732,NA,
MOBS-GLEAM_COVID/2021-07-05-MOBS-GLEAM_COVID.parquet,TRUE,0,70.33644890785217,NA,
MUNI-ARIMA/2022-06-20-MUNI-ARIMA.parquet,TRUE,0,67.98826217651367,NA,
PandemicCentral-COVIDForest/2021-07-31-PandemicCentral-COVIDForest.parquet,TRUE,0,448.0566635131836,NA,
PSI-DICE/2023-04-10-PSI-DICE.parquet,TRUE,0,29.534905672073364,NA,
QJHong-Encounter/2020-07-01-QJHong-Encounter.parquet,FALSE,1,3.061701774597168,"?: Required task ID/output type/output type ID combinations missing.  
 See `missing` attribute for details.",
RobertWalraven-ESG/2022-01-24-RobertWalraven-ESG.parquet,TRUE,0,20.18177318572998,NA,
SGroup-RandomForest/2024-04-15-SGroup-RandomForest.parquet,TRUE,0,29.786146640777588,NA,
TTU-squider/2021-01-03-TTU-squider.parquet,TRUE,0,7.462129831314087,NA,
UCF-AEM/2021-02-14-UCF-AEM.parquet,TRUE,0,5.589371681213379,NA,
UCM_MESALab-FoGSEIR/2020-11-29-UCM_MESALab-FoGSEIR.parquet,TRUE,0,5.641216516494751,NA,
UMass-gbq/2023-05-08-UMass-gbq.parquet,TRUE,0,28.65077829360962,NA,
UMass-sarix/2023-06-05-UMass-sarix.parquet,TRUE,0,20.33532190322876,NA,
UMich-RidgeTfReg/2021-03-22-UMich-RidgeTfReg.parquet,TRUE,0,18.71980857849121,NA,
USC-SI_kJalpha/2022-03-27-USC-SI_kJalpha.parquet,FALSE,1,403.3103141784668,"?: Quantile or cdf `value` values do not all increase when ordered by `output_type_id`. 
 See `error_tbl` attribute for details.",
UT-Osiris/2024-01-01-UT-Osiris.parquet,TRUE,0,19.440717935562137,NA,
Yu_Group-CLEP/2020-10-11-Yu_Group-CLEP.parquet,TRUE,0,12.983137607574465,NA,
AIpert-pwllnod/2021-09-20-AIpert-pwllnod.parquet,TRUE,0,20.572869062423703,NA,
Caltech-CS156/2020-12-06-Caltech-CS156.parquet,TRUE,0,4.547730445861816,NA,
CMU-TimeSeries/2020-08-02-CMU-TimeSeries.parquet,TRUE,0,8.407762050628662,NA,
Columbia_UNC-SurvCon/2021-01-24-Columbia_UNC-SurvCon.parquet,TRUE,0,20.152924060821533,NA,
COVIDhub_CDC-ensemble/2020-05-25-COVIDhub_CDC-ensemble.parquet,TRUE,0,6.429599285125732,NA,
COVIDhub_CDC-ensemble/2024-04-08-COVIDhub_CDC-ensemble.parquet,TRUE,0,29.851000547409058,NA,
COVIDhub-4_week_ensemble/2024-01-29-COVIDhub-4_week_ensemble.parquet,TRUE,0,30.137342929840088,NA,
COVIDhub-baseline/2023-10-30-COVIDhub-baseline.parquet,TRUE,0,30.408982753753666,NA,
COVIDhub-ensemble/2023-08-21-COVIDhub-ensemble.parquet,TRUE,0,16.750559329986572,NA,
CU-nochange/2020-04-19-CU-nochange.parquet,TRUE,0,7.886134624481201,NA,
CU-scenario_high/2020-08-30-CU-scenario_high.parquet,TRUE,0,770.9393787384033,NA,
CU-scenario_low/2022-06-26-CU-scenario_low.parquet,TRUE,0,749.9978649616241,NA,
CU-scenario_mid/2023-01-22-CU-scenario_mid.parquet,TRUE,0,796.6135151386261,NA,
CUB_PopCouncil-SLSTM/2022-06-19-CUB_PopCouncil-SLSTM.parquet,TRUE,0,60.34740352630615,NA,
DDS-NBDS/2021-08-16-DDS-NBDS.parquet,TRUE,0,11.66937255859375,NA,
FAIR-NRAR/2021-03-12-FAIR-NRAR.parquet,TRUE,0,477.47925329208374,NA,
FAIR-NRAR/2021-11-30-FAIR-NRAR.parquet,TRUE,0,477.2583510875702,NA,
Geneva-DetGrowth/2021-08-29-Geneva-DetGrowth.parquet,TRUE,0,4.71438455581665,NA,
GT-DeepCOVID/2022-04-18-GT-DeepCOVID.parquet,TRUE,0,65.14571118354797,NA,
IEM_MED-CovidProject/2021-04-19-IEM_MED-CovidProject.parquet,TRUE,0,17.201653242111206,NA,
IowaStateLW-STEM/2020-11-01-IowaStateLW-STEM.parquet,TRUE,0,987.7151877880096,NA,
JHU_IDD-CovidSP/2020-11-22-JHU_IDD-CovidSP.parquet,TRUE,0,806.1376118659973,NA,
JHUAPL-Bucky/2020-10-12-JHUAPL-Bucky.parquet,TRUE,0,1155.2146062850952,NA,
JHUAPL-SLPHospEns/2021-06-14-JHUAPL-SLPHospEns.parquet,TRUE,0,56.59286117553711,NA,
Karlen-pypm/2023-02-19-Karlen-pypm.parquet,TRUE,0,65.19294953346252,NA,
LANL-GrowthRate/2021-05-17-LANL-GrowthRate.parquet,TRUE,0,804.098415851593,NA,
Microsoft-DeepSTIA/2022-06-27-Microsoft-DeepSTIA.parquet,TRUE,0,124.62943601608276,NA,
MIT_ISOLAT-Mixtures/2022-09-12-MIT_ISOLAT-Mixtures.parquet,TRUE,0,12.39786171913147,NA,
MOBS-GLEAM_COVID/2021-07-12-MOBS-GLEAM_COVID.parquet,TRUE,0,71.13003945350647,NA,
MUNI-ARIMA/2022-06-27-MUNI-ARIMA.parquet,TRUE,0,70.24301338195801,NA,
PandemicCentral-COVIDForest/2021-08-08-PandemicCentral-COVIDForest.parquet,TRUE,0,491.16570687294006,NA,
PSI-DICE/2023-04-17-PSI-DICE.parquet,TRUE,0,30.881417751312256,NA,
QJHong-Encounter/2020-07-03-QJHong-Encounter.parquet,FALSE,1,3.26538348197937,"?: Required task ID/output type/output type ID combinations missing.  
 See `missing` attribute for details.",
RobertWalraven-ESG/2022-01-31-RobertWalraven-ESG.parquet,TRUE,0,21.192408084869385,NA,
SGroup-RandomForest/2024-04-22-SGroup-RandomForest.parquet,TRUE,0,30.726376056671143,NA,
TTU-squider/2021-01-10-TTU-squider.parquet,TRUE,0,8.2708892822265625,NA,
UCF-AEM/2021-02-21-UCF-AEM.parquet,TRUE,0,5.804030656814575,NA,
UCM_MESALab-FoGSEIR/2020-12-06-UCM_MESALab-FoGSEIR.parquet,TRUE,0,5.858743190765381,NA,
UMass-gbq/2023-05-15-UMass-gbq.parquet,TRUE,0,31.901604890823364,NA,
UMass-sarix/2023-06-12-UMass-sarix.parquet,TRUE,0,21.577446699142456,NA,
UMich-RidgeTfReg/2021-03-29-UMich-RidgeTfReg.parquet,TRUE,0,19.775102138519287,NA,
USC-SI_kJalpha/2022-04-03-USC-SI_kJalpha.parquet,TRUE,0,416.16540455818176,NA,
UT-Osiris/2024-01-08-UT-Osiris.parquet,TRUE,0,18.9289128780365,NA,
Yu_Group-CLEP/2020-11-17-Yu_Group-CLEP.parquet,TRUE,0,26.87355661392212,NA,
AIpert-pwllnod/2021-09-27-AIpert-pwllnod.parquet,TRUE,0,20.62261724472046,NA,
Caltech-CS156/2020-12-13-Caltech-CS156.parquet,TRUE,0,4.566784381866455,NA,
CMU-TimeSeries/2020-08-10-CMU-TimeSeries.parquet,TRUE,0,38.386229276657104,NA,
Columbia_UNC-SurvCon/2021-01-31-Columbia_UNC-SurvCon.parquet,TRUE,0,6.037643194198608,NA,
COVIDhub_CDC-ensemble/2020-06-01-COVIDhub_CDC-ensemble.parquet,TRUE,0,6.456189870834351,NA,
COVIDhub_CDC-ensemble/2024-04-15-COVIDhub_CDC-ensemble.parquet,TRUE,0,30.694111585617065,NA,
COVIDhub-4_week_ensemble/2024-02-05-COVIDhub-4_week_ensemble.parquet,TRUE,0,30.894731521606445,NA,
COVIDhub-baseline/2023-11-06-COVIDhub-baseline.parquet,TRUE,0,31.06363868713379,NA,
COVIDhub-ensemble/2023-08-28-COVIDhub-ensemble.parquet,TRUE,0,16.648623943328857,NA,
CU-nochange/2020-04-23-CU-nochange.parquet,TRUE,0,7.292264223098755,NA,
CU-scenario_high/2020-09-03-CU-scenario_high.parquet,TRUE,0,779.2810454368591,NA,
CU-scenario_low/2022-07-03-CU-scenario_low.parquet,TRUE,0,787.8044543266296,NA,
CU-scenario_mid/2023-01-29-CU-scenario_mid.parquet,TRUE,0,804.360696554184,NA,
CUB_PopCouncil-SLSTM/2022-06-26-CUB_PopCouncil-SLSTM.parquet,TRUE,0,60.46954941749573,NA,
DDS-NBDS/2021-08-23-DDS-NBDS.parquet,TRUE,0,12.226521015167236,NA,
FAIR-NRAR/2021-03-13-FAIR-NRAR.parquet,TRUE,0,489.3547334671021,NA,
FAIR-NRAR/2021-12-01-FAIR-NRAR.parquet,TRUE,0,483.24007654190063,NA,
Geneva-DetGrowth/2021-09-05-Geneva-DetGrowth.parquet,TRUE,0,4.752587556838989,NA,
GT-DeepCOVID/2022-04-25-GT-DeepCOVID.parquet,TRUE,0,63.609455823898315,NA,
IEM_MED-CovidProject/2021-04-26-IEM_MED-CovidProject.parquet,TRUE,0,17.554314374923706,NA,
IowaStateLW-STEM/2020-11-08-IowaStateLW-STEM.parquet,TRUE,0,1006.7333171367644,NA,
JHU_IDD-CovidSP/2020-11-29-JHU_IDD-CovidSP.parquet,TRUE,0,830.5368990898132,NA,
JHUAPL-Bucky/2020-10-19-JHUAPL-Bucky.parquet,TRUE,0,1111.5134737491608,NA,
JHUAPL-SLPHospEns/2021-06-21-JHUAPL-SLPHospEns.parquet,TRUE,0,58.17397975921631,NA,
KITmetricslab-select_ensemble/2021-04-19-KITmetricslab-select_ensemble.parquet,TRUE,0,19.31700134277344,NA,
LANL-GrowthRate/2021-05-20-LANL-GrowthRate.parquet,TRUE,0,810.8133838176727,NA,
Microsoft-DeepSTIA/2022-07-04-Microsoft-DeepSTIA.parquet,TRUE,0,124.94009780883788,NA,
MIT_ISOLAT-Mixtures/2022-09-19-MIT_ISOLAT-Mixtures.parquet,TRUE,0,10.384166717529297,NA,
MOBS-GLEAM_COVID/2021-07-19-MOBS-GLEAM_COVID.parquet,TRUE,0,72.96556901931763,NA,
MUNI-ARIMA/2022-07-04-MUNI-ARIMA.parquet,TRUE,0,68.56590151786804,NA,
PandemicCentral-COVIDForest/2021-08-15-PandemicCentral-COVIDForest.parquet,TRUE,0,464.9856333732605,NA,
PSI-DICE/2023-04-24-PSI-DICE.parquet,TRUE,0,31.225104331970215,NA,
QJHong-Encounter/2020-07-08-QJHong-Encounter.parquet,FALSE,1,3.3231682777404785,"?: Required task ID/output type/output type ID combinations missing.  
 See `missing` attribute for details.",
RobertWalraven-ESG/2022-02-07-RobertWalraven-ESG.parquet,TRUE,0,21.314980268478394,NA,
SGroup-RandomForest/2024-04-29-SGroup-RandomForest.parquet,TRUE,0,32.02202224731445,NA,3
TTU-squider/2021-01-17-TTU-squider.parquet,TRUE,0,8.194312572479248,NA,
UCF-AEM/2021-02-28-UCF-AEM.parquet,TRUE,0,5.851791620254517,NA,
UCM_MESALab-FoGSEIR/2020-12-13-UCM_MESALab-FoGSEIR.parquet,TRUE,0,5.820483684539795,NA,
UMass-gbq/2023-05-22-UMass-gbq.parquet,TRUE,0,31.943968057632446,NA,
UMass-sarix/2023-06-26-UMass-sarix.parquet,TRUE,0,21.83129596710205,NA,
UMich-RidgeTfReg/2021-04-05-UMich-RidgeTfReg.parquet,TRUE,0,20.132588624954224,NA,
USC-SI_kJalpha/2022-04-10-USC-SI_kJalpha.parquet,TRUE,0,419.64181113243103,NA,
UT-Osiris/2024-01-15-UT-Osiris.parquet,TRUE,0,19.124755859375,NA,
YYG-ParamSearch/2020-04-13-YYG-ParamSearch.parquet,TRUE,0,12.773090839385986,NA,
AIpert-pwllnod/2021-10-04-AIpert-pwllnod.parquet,TRUE,0,20.474658012390137,NA,
Caltech-CS156/2020-12-20-Caltech-CS156.parquet,TRUE,0,4.5503294467926025,NA,
CMU-TimeSeries/2020-08-17-CMU-TimeSeries.parquet,TRUE,0,37.898075103759766,NA,
Columbia_UNC-SurvCon/2021-02-07-Columbia_UNC-SurvCon.parquet,TRUE,0,18.60954761505127,NA,
COVIDhub_CDC-ensemble/2020-06-08-COVIDhub_CDC-ensemble.parquet,TRUE,0,9.78217601776123,NA,
COVIDhub_CDC-ensemble/2024-04-22-COVIDhub_CDC-ensemble.parquet,TRUE,0,29.874125957489017,NA,
COVIDhub-4_week_ensemble/2024-02-12-COVIDhub-4_week_ensemble.parquet,TRUE,0,30.095954418182373,NA,
COVIDhub-baseline/2023-11-13-COVIDhub-baseline.parquet,TRUE,0,30.205787897109985,NA,
COVIDhub-ensemble/2023-09-04-COVIDhub-ensemble.parquet,TRUE,0,16.745782375335693,NA,
CU-nochange/2020-04-26-CU-nochange.parquet,TRUE,0,8.006909608840942,NA,
CU-scenario_high/2020-09-06-CU-scenario_high.parquet,TRUE,0,768.9294140338898,NA,
CU-scenario_low/2022-07-17-CU-scenario_low.parquet,TRUE,0,744.0311586856842,NA,
CU-scenario_mid/2023-02-05-CU-scenario_mid.parquet,TRUE,0,758.0228283405304,NA,
CUB_PopCouncil-SLSTM/2022-07-02-CUB_PopCouncil-SLSTM.parquet,TRUE,0,59.5595006942749,NA,
DDS-NBDS/2021-08-30-DDS-NBDS.parquet,TRUE,0,11.61246418952942,NA,
FAIR-NRAR/2021-03-15-FAIR-NRAR.parquet,TRUE,0,474.3564932346344,NA,
FAIR-NRAR/2021-12-02-FAIR-NRAR.parquet,TRUE,0,474.9442975521088,NA,
Google_Harvard-CPF/2020-08-13-Google_Harvard-CPF.parquet,TRUE,0,6.320169448852539,NA,
GT-DeepCOVID/2022-05-02-GT-DeepCOVID.parquet,TRUE,0,63.01489615440369,NA,
IEM_MED-CovidProject/2021-05-03-IEM_MED-CovidProject.parquet,TRUE,0,16.992144346237183,NA,
IowaStateLW-STEM/2020-11-15-IowaStateLW-STEM.parquet,TRUE,0,1002.4264245033264,NA,
JHU_IDD-CovidSP/2020-12-06-JHU_IDD-CovidSP.parquet,TRUE,0,824.1467192173004,NA,
JHUAPL-Bucky/2020-10-26-JHUAPL-Bucky.parquet,TRUE,0,1095.378144979477,NA,
JHUAPL-SLPHospEns/2021-06-28-JHUAPL-SLPHospEns.parquet,TRUE,0,56.088042974472046,NA,
KITmetricslab-select_ensemble/2021-04-26-KITmetricslab-select_ensemble.parquet,TRUE,0,19.136842012405396,NA,
LANL-GrowthRate/2021-05-24-LANL-GrowthRate.parquet,TRUE,0,858.5050518512726,NA,
Microsoft-DeepSTIA/2022-07-11-Microsoft-DeepSTIA.parquet,TRUE,0,123.58426809310912,NA,
MIT_ISOLAT-Mixtures/2022-09-26-MIT_ISOLAT-Mixtures.parquet,TRUE,0,11.166635513305664,NA,
MOBS-GLEAM_COVID/2021-07-26-MOBS-GLEAM_COVID.parquet,TRUE,0,71.08593153953552,NA,
MUNI-ARIMA/2022-07-11-MUNI-ARIMA.parquet,TRUE,0,70.62623286247253,NA,
PandemicCentral-COVIDForest/2021-08-29-PandemicCentral-COVIDForest.parquet,TRUE,0,460.27758407592773,NA,
PSI-DICE/2023-05-01-PSI-DICE.parquet,TRUE,0,30.408549547195435,NA,
QJHong-Encounter/2020-07-10-QJHong-Encounter.parquet,FALSE,1,3.199401617050171,"?: Required task ID/output type/output type ID combinations missing.  
 See `missing` attribute for details.",
RobertWalraven-ESG/2022-02-14-RobertWalraven-ESG.parquet,TRUE,0,21.275022983551025,NA,
SigSci-TS/2021-01-11-SigSci-TS.parquet,TRUE,0,5.559217929840088,NA,
TTU-squider/2021-01-24-TTU-squider.parquet,TRUE,0,7.868826866149902,NA,
UCF-AEM/2021-03-07-UCF-AEM.parquet,TRUE,0,5.693590402603149,NA,
UCM_MESALab-FoGSEIR/2020-12-20-UCM_MESALab-FoGSEIR.parquet,TRUE,0,5.567334413528442,NA,
UMass-gbq/2023-06-05-UMass-gbq.parquet,TRUE,0,31.312572240829468,NA,
UMass-sarix/2023-07-03-UMass-sarix.parquet,TRUE,0,21.27219581604004,NA,
UMich-RidgeTfReg/2021-04-12-UMich-RidgeTfReg.parquet,TRUE,0,18.931676387786865,NA,
USC-SI_kJalpha/2022-04-17-USC-SI_kJalpha.parquet,TRUE,0,425.2376425266266,NA,
UT-Osiris/2024-01-22-UT-Osiris.parquet,TRUE,0,19.156972646713257,NA,
YYG-ParamSearch/2020-04-14-YYG-ParamSearch.parquet,TRUE,0,13.484313488006592,NA,
AIpert-pwllnod/2021-10-18-AIpert-pwllnod.parquet,TRUE,0,20.70368266105652,NA,
Caltech-CS156/2020-12-27-Caltech-CS156.parquet,TRUE,0,4.564898252487183,NA,
CMU-TimeSeries/2020-08-24-CMU-TimeSeries.parquet,TRUE,0,38.67437672615051,NA,
Columbia_UNC-SurvCon/2021-02-14-Columbia_UNC-SurvCon.parquet,FALSE,1,18.962868690490723,"?: Required task ID/output type/output type ID combinations missing.  
 See `missing` attribute for details.",
COVIDhub_CDC-ensemble/2020-06-15-COVIDhub_CDC-ensemble.parquet,TRUE,0,9.961345911026,NA,
COVIDhub_CDC-ensemble/2024-04-29-COVIDhub_CDC-ensemble.parquet,TRUE,0,30.55698800086975,NA,
COVIDhub-4_week_ensemble/2024-02-19-COVIDhub-4_week_ensemble.parquet,TRUE,0,30.665897846221924,NA,
COVIDhub-baseline/2023-11-20-COVIDhub-baseline.parquet,TRUE,0,30.689414262771606,NA,
COVIDhub-ensemble/2023-09-11-COVIDhub-ensemble.parquet,TRUE,0,17.35241723060608,NA,
CU-nochange/2020-05-31-CU-nochange.parquet,TRUE,0,6.517794132232666,NA,
CU-scenario_high/2020-09-13-CU-scenario_high.parquet,TRUE,0,798.1202328205109,NA,
CU-scenario_low/2022-07-24-CU-scenario_low.parquet,TRUE,0,808.6914966106415,NA,
CU-scenario_mid/2023-02-12-CU-scenario_mid.parquet,TRUE,0,830.299334526062,NA,
CUB_PopCouncil-SLSTM/2022-07-09-CUB_PopCouncil-SLSTM.parquet,TRUE,0,65.26799440383911,NA,
DDS-NBDS/2021-09-06-DDS-NBDS.parquet,TRUE,0,12.797858476638794,NA,
FAIR-NRAR/2021-03-17-FAIR-NRAR.parquet,TRUE,0,510.13421535491943,NA,
FAIR-NRAR/2021-12-03-FAIR-NRAR.parquet,TRUE,0,501.72827887535095,NA,
Google_Harvard-CPF/2020-08-16-Google_Harvard-CPF.parquet,TRUE,0,7.164597511291504,NA,
GT-DeepCOVID/2022-05-09-GT-DeepCOVID.parquet,TRUE,0,63.43600034713745,NA,
IEM_MED-CovidProject/2021-05-10-IEM_MED-CovidProject.parquet,TRUE,0,17.71541666984558,NA,
IowaStateLW-STEM/2020-11-22-IowaStateLW-STEM.parquet,TRUE,0,1043.3442227840424,NA,
JHU_IDD-CovidSP/2020-12-13-JHU_IDD-CovidSP.parquet,TRUE,0,825.3445937633514,NA,
JHUAPL-Bucky/2020-11-02-JHUAPL-Bucky.parquet,TRUE,0,1144.0030751228333,NA,
JHUAPL-SLPHospEns/2021-07-05-JHUAPL-SLPHospEns.parquet,TRUE,0,62.65904140472412,NA,
KITmetricslab-select_ensemble/2021-05-03-KITmetricslab-select_ensemble.parquet,TRUE,0,20.252915859222412,NA,
LANL-GrowthRate/2021-05-27-LANL-GrowthRate.parquet,TRUE,0,891.8243978023529,NA,
Microsoft-DeepSTIA/2022-07-18-Microsoft-DeepSTIA.parquet,TRUE,0,134.77394819259644,NA,
MIT_ISOLAT-Mixtures/2022-10-03-MIT_ISOLAT-Mixtures.parquet,TRUE,0,11.23914885520935,NA,
MOBS-GLEAM_COVID/2021-08-02-MOBS-GLEAM_COVID.parquet,TRUE,0,77.00471711158752,NA,
MUNI-ARIMA/2022-07-18-MUNI-ARIMA.parquet,TRUE,0,70.23894929885864,NA,
PandemicCentral-COVIDForest/2021-09-06-PandemicCentral-COVIDForest.parquet,TRUE,0,482.1423764228821,NA,
PSI-DICE/2023-05-08-PSI-DICE.parquet,TRUE,0,30.046474933624268,NA,
QJHong-Encounter/2020-07-11-QJHong-Encounter.parquet,FALSE,1,3.172097682952881,"?: Required task ID/output type/output type ID combinations missing.  
 See `missing` attribute for details.",
RobertWalraven-ESG/2022-02-21-RobertWalraven-ESG.parquet,TRUE,0,21.13369083404541,NA,
SigSci-TS/2021-01-18-SigSci-TS.parquet,TRUE,0,5.4346559047698975,NA,
TTU-squider/2021-01-31-TTU-squider.parquet,TRUE,0,7.683653116226196,NA,
UCF-AEM/2021-03-14-UCF-AEM.parquet,TRUE,0,5.315646409988403,NA,
UCM_MESALab-FoGSEIR/2020-12-27-UCM_MESALab-FoGSEIR.parquet,TRUE,0,5.25457501411438,NA,
UMass-gbq/2023-06-12-UMass-gbq.parquet,TRUE,0,29.993242740631104,NA,
UMass-sarix/2023-07-10-UMass-sarix.parquet,TRUE,0,21.36991262435913,NA,
UMich-RidgeTfReg/2021-04-19-UMich-RidgeTfReg.parquet,TRUE,0,18.813535928726196,NA,
USC-SI_kJalpha/2022-04-24-USC-SI_kJalpha.parquet,TRUE,0,449.148841381073,NA,
UT-Osiris/2024-01-29-UT-Osiris.parquet,TRUE,0,21.31619668006897,NA,
YYG-ParamSearch/2020-04-15-YYG-ParamSearch.parquet,TRUE,0,15.087471961975098,NA,
AIpert-pwllnod/2021-10-25-AIpert-pwllnod.parquet,TRUE,0,20.271791219711304,NA,
Caltech-CS156/2021-01-03-Caltech-CS156.parquet,TRUE,0,4.533995866775513,NA,
CMU-TimeSeries/2020-08-31-CMU-TimeSeries.parquet,TRUE,0,37.34634733200073,NA,
Columbia_UNC-SurvCon/2021-02-21-Columbia_UNC-SurvCon.parquet,TRUE,0,18.207252025604248,NA,
COVIDhub_CDC-ensemble/2020-06-22-COVIDhub_CDC-ensemble.parquet,TRUE,0,9.68227481842041,NA,
COVIDhub-4_week_ensemble/2020-04-13-COVIDhub-4_week_ensemble.parquet,FALSE,1,7.764794111251831,"?: Required task ID/output type/output type ID combinations missing.  
 See `missing` attribute for details.",
COVIDhub-4_week_ensemble/2024-02-26-COVIDhub-4_week_ensemble.parquet,TRUE,0,29.79712677001953,NA,
COVIDhub-baseline/2023-11-27-COVIDhub-baseline.parquet,TRUE,0,30.09567952156067,NA,
COVIDhub-ensemble/2023-09-18-COVIDhub-ensemble.parquet,TRUE,0,16.57349395751953,NA,
CU-nochange/2020-06-04-CU-nochange.parquet,TRUE,0,5.420683860778809,NA,
CU-scenario_high/2020-09-20-CU-scenario_high.parquet,TRUE,0,738.008472442627,NA,
CU-scenario_low/2022-07-31-CU-scenario_low.parquet,TRUE,0,724.977215051651,NA,
CU-scenario_mid/2023-02-19-CU-scenario_mid.parquet,TRUE,0,761.2619724273682,NA,
CUB_PopCouncil-SLSTM/2022-07-16-CUB_PopCouncil-SLSTM.parquet,TRUE,0,58.10155534744263,NA,
DDS-NBDS/2021-09-20-DDS-NBDS.parquet,TRUE,0,11.357189178466797,NA,
FAIR-NRAR/2021-03-19-FAIR-NRAR.parquet,TRUE,0,484.38826966285706,NA,
FAIR-NRAR/2021-12-04-FAIR-NRAR.parquet,TRUE,0,463.63795471191406,NA,
Google_Harvard-CPF/2020-08-23-Google_Harvard-CPF.parquet,TRUE,0,7.106001615524292,NA,
GT-DeepCOVID/2022-05-16-GT-DeepCOVID.parquet,TRUE,0,57.10036301612854,NA,
IEM_MED-CovidProject/2021-05-17-IEM_MED-CovidProject.parquet,TRUE,0,16.949899673461914,NA,
IowaStateLW-STEM/2020-11-29-IowaStateLW-STEM.parquet,TRUE,0,957.5469508171082,NA,
JHU_IDD-CovidSP/2020-12-20-JHU_IDD-CovidSP.parquet,TRUE,0,802.7113432884216,NA,
JHUAPL-Bucky/2020-11-09-JHUAPL-Bucky.parquet,TRUE,0,1123.7802517414093,NA,
JHUAPL-SLPHospEns/2021-07-12-JHUAPL-SLPHospEns.parquet,TRUE,0,54.736159801483154,NA,
KITmetricslab-select_ensemble/2021-05-10-KITmetricslab-select_ensemble.parquet,TRUE,0,18.34690642356873,NA,
LANL-GrowthRate/2021-06-03-LANL-GrowthRate.parquet,TRUE,0,790.6948788166046,NA,
Microsoft-DeepSTIA/2022-07-25-Microsoft-DeepSTIA.parquet,TRUE,0,91.94809532165527,NA,
MIT_ISOLAT-Mixtures/2022-10-10-MIT_ISOLAT-Mixtures.parquet,TRUE,0,11.23553228378296,NA,
MOBS-GLEAM_COVID/2021-08-09-MOBS-GLEAM_COVID.parquet,TRUE,0,69.51664328575134,NA,
MUNI-ARIMA/2022-07-25-MUNI-ARIMA.parquet,TRUE,0,66.97538900375366,NA,
PandemicCentral-COVIDForest/2021-09-12-PandemicCentral-COVIDForest.parquet,TRUE,0,476.50233340263367,NA,
PSI-DICE/2023-05-15-PSI-DICE.parquet,TRUE,0,30.40100646018982,NA,
QJHong-Encounter/2020-07-18-QJHong-Encounter.parquet,FALSE,1,3.3361685276031494,"?: Required task ID/output type/output type ID combinations missing.  
 See `missing` attribute for details.",
RobertWalraven-ESG/2022-02-28-RobertWalraven-ESG.parquet,TRUE,0,21.00267744064331,NA,
SigSci-TS/2021-01-25-SigSci-TS.parquet,TRUE,0,5.534748792648315,NA,
TTU-squider/2021-02-07-TTU-squider.parquet,TRUE,0,7.578244209289551,NA,
UCF-AEM/2021-03-21-UCF-AEM.parquet,TRUE,0,5.4726879596710205,NA,
UCM_MESALab-FoGSEIR/2021-01-03-UCM_MESALab-FoGSEIR.parquet,TRUE,0,5.31146502494812,NA,
UMass-gbq/2023-06-26-UMass-gbq.parquet,TRUE,0,31.114214181900024,NA,
UMass-sarix/2023-07-17-UMass-sarix.parquet,TRUE,0,21.03563165664673,NA,
UMich-RidgeTfReg/2021-04-26-UMich-RidgeTfReg.parquet,TRUE,0,18.34375309944153,NA,
USC-SI_kJalpha/2022-05-01-USC-SI_kJalpha.parquet,TRUE,0,423.165488243103,NA,
UT-Osiris/2024-02-05-UT-Osiris.parquet,TRUE,0,18.963459491729736,NA,
YYG-ParamSearch/2020-04-16-YYG-ParamSearch.parquet,TRUE,0,12.259108781814575,NA,
AIpert-pwllnod/2021-11-01-AIpert-pwllnod.parquet,TRUE,0,20.35767889022827,NA,
Caltech-CS156/2021-01-10-Caltech-CS156.parquet,TRUE,0,4.545428037643433,NA,
CMU-TimeSeries/2020-09-07-CMU-TimeSeries.parquet,TRUE,0,37.37214756011963,NA,
Columbia_UNC-SurvCon/2021-02-28-Columbia_UNC-SurvCon.parquet,TRUE,0,18.527806758880615,NA,
COVIDhub_CDC-ensemble/2020-06-29-COVIDhub_CDC-ensemble.parquet,TRUE,0,9.83070683479309,NA,
COVIDhub-4_week_ensemble/2020-04-27-COVIDhub-4_week_ensemble.parquet,TRUE,0,6.2347798347473145,NA,
COVIDhub-4_week_ensemble/2024-03-04-COVIDhub-4_week_ensemble.parquet,TRUE,0,29.956864833831787,NA,
COVIDhub-baseline/2023-12-04-COVIDhub-baseline.parquet,TRUE,0,30.203445196151733,NA,
COVIDhub-ensemble/2023-09-25-COVIDhub-ensemble.parquet,TRUE,0,16.726216077804565,NA,
CU-nochange/2020-06-07-CU-nochange.parquet,TRUE,0,6.1086201667785645,NA,
CU-scenario_high/2020-09-24-CU-scenario_high.parquet,TRUE,0,737.6858940124512,NA,
CU-scenario_low/2022-08-07-CU-scenario_low.parquet,TRUE,0,745.4123570919037,NA,
CU-scenario_mid/2023-02-26-CU-scenario_mid.parquet,TRUE,0,756.1959025859833,NA,
CUB_PopCouncil-SLSTM/2022-07-23-CUB_PopCouncil-SLSTM.parquet,TRUE,0,59.453510999679565,NA,
DDS-NBDS/2021-09-27-DDS-NBDS.parquet,TRUE,0,11.8658185005188,NA,
FAIR-NRAR/2021-03-20-FAIR-NRAR.parquet,TRUE,0,480.9755063056946,NA,
FAIR-NRAR/2021-12-05-FAIR-NRAR.parquet,TRUE,0,481.09097385406494,NA,
Google_Harvard-CPF/2020-08-30-Google_Harvard-CPF.parquet,TRUE,0,8.405750751495361,NA,
GT-DeepCOVID/2022-05-23-GT-DeepCOVID.parquet,TRUE,0,59.021206855773926,NA,
IEM_MED-CovidProject/2021-05-24-IEM_MED-CovidProject.parquet,TRUE,0,16.695387840270996,NA,
IowaStateLW-STEM/2020-12-06-IowaStateLW-STEM.parquet,TRUE,0,1004.7970607280732,NA,
JHU_IDD-CovidSP/2020-12-27-JHU_IDD-CovidSP.parquet,TRUE,0,793.3936431407928,NA,
JHUAPL-Bucky/2020-11-16-JHUAPL-Bucky.parquet,TRUE,0,1129.577122926712,NA,
JHUAPL-SLPHospEns/2021-07-19-JHUAPL-SLPHospEns.parquet,TRUE,0,56.389538288116455,NA,
KITmetricslab-select_ensemble/2021-05-17-KITmetricslab-select_ensemble.parquet,TRUE,0,19.72808599472046,NA,
LANL-GrowthRate/2021-06-07-LANL-GrowthRate.parquet,TRUE,0,825.8350813388824,NA,
Microsoft-DeepSTIA/2022-08-08-Microsoft-DeepSTIA.parquet,TRUE,0,121.1865496635437,NA,
MIT_ISOLAT-Mixtures/2022-10-17-MIT_ISOLAT-Mixtures.parquet,TRUE,0,9.93156385421753,NA,
MOBS-GLEAM_COVID/2021-08-16-MOBS-GLEAM_COVID.parquet,TRUE,0,75.31412863731384,NA,
MUNI-ARIMA/2022-08-01-MUNI-ARIMA.parquet,TRUE,0,68.60784029960632,NA,
PandemicCentral-COVIDForest/2021-09-19-PandemicCentral-COVIDForest.parquet,TRUE,0,471.65779662132263,NA,
PSI-DICE/2023-05-22-PSI-DICE.parquet,TRUE,0,30.486501932144165,NA,
QJHong-Encounter/2020-07-25-QJHong-Encounter.parquet,FALSE,1,3.4567103385925293,"?: Required task ID/output type/output type ID combinations missing.  
 See `missing` attribute for details.",
RobertWalraven-ESG/2022-03-07-RobertWalraven-ESG.parquet,TRUE,0,21.87100195884705,NA,
SigSci-TS/2021-02-01-SigSci-TS.parquet,TRUE,0,19.738478422164917,NA,
TTU-squider/2021-02-14-TTU-squider.parquet,TRUE,0,8.01672911643982,NA,
UCF-AEM/2021-03-28-UCF-AEM.parquet,TRUE,0,5.695873022079468,NA,
UCM_MESALab-FoGSEIR/2021-01-10-UCM_MESALab-FoGSEIR.parquet,TRUE,0,5.466513395309448,NA,
UMass-gbq/2023-07-03-UMass-gbq.parquet,TRUE,0,32.18937301635742,NA,
UMass-sarix/2023-07-24-UMass-sarix.parquet,TRUE,0,21.72243642807007,NA,
UMich-RidgeTfReg/2021-05-03-UMich-RidgeTfReg.parquet,TRUE,0,20.28439044952393,NA,
USC-SI_kJalpha/2022-05-08-USC-SI_kJalpha.parquet,TRUE,0,236.24868083000183,NA,
UT-Osiris/2024-02-12-UT-Osiris.parquet,TRUE,0,19.698694467544556,NA,
YYG-ParamSearch/2020-04-17-YYG-ParamSearch.parquet,TRUE,0,13.066192626953123,NA,
AIpert-pwllnod/2021-11-08-AIpert-pwllnod.parquet,TRUE,0,20.668967723846436,NA,
Caltech-CS156/2021-01-17-Caltech-CS156.parquet,TRUE,0,4.583248615264893,NA,
CMU-TimeSeries/2020-09-14-CMU-TimeSeries.parquet,TRUE,0,39.544501304626465,NA,
Columbia_UNC-SurvCon/2021-03-07-Columbia_UNC-SurvCon.parquet,TRUE,0,17.11183500289917,NA,
COVIDhub_CDC-ensemble/2020-07-06-COVIDhub_CDC-ensemble.parquet,TRUE,0,10.341065883636476,NA,
COVIDhub-4_week_ensemble/2020-05-04-COVIDhub-4_week_ensemble.parquet,TRUE,0,6.523026466369629,NA,
COVIDhub-4_week_ensemble/2024-03-11-COVIDhub-4_week_ensemble.parquet,TRUE,0,32.104522943496704,NA,
COVIDhub-baseline/2023-12-11-COVIDhub-baseline.parquet,TRUE,0,32.01202034950256,NA,
COVIDhub-ensemble/2023-10-02-COVIDhub-ensemble.parquet,TRUE,0,17.6324360370636,NA,
CU-nochange/2020-06-11-CU-nochange.parquet,TRUE,0,5.807157039642334,NA,
CU-scenario_high/2020-09-27-CU-scenario_high.parquet,TRUE,0,813.408998966217,NA,
CU-scenario_low/2022-08-14-CU-scenario_low.parquet,TRUE,0,780.1755652427673,NA,
CU-scenario_mid/2023-03-05-CU-scenario_mid.parquet,TRUE,0,804.286331653595,NA,
CUB_PopCouncil-SLSTM/2022-07-30-CUB_PopCouncil-SLSTM.parquet,TRUE,0,61.512394428253174,NA,
DDS-NBDS/2021-10-04-DDS-NBDS.parquet,TRUE,0,11.69708013534546,NA,
FAIR-NRAR/2021-03-21-FAIR-NRAR.parquet,TRUE,0,505.0693597793579,NA,
FAIR-NRAR/2021-12-06-FAIR-NRAR.parquet,TRUE,0,503.5216751098633,NA,
Google_Harvard-CPF/2020-09-06-Google_Harvard-CPF.parquet,TRUE,0,8.45697546005249,NA,
GT-DeepCOVID/2022-05-30-GT-DeepCOVID.parquet,TRUE,0,61.94193887710571,NA,
IEM_MED-CovidProject/2021-05-31-IEM_MED-CovidProject.parquet,TRUE,0,18.20736265182495,NA,
IowaStateLW-STEM/2020-12-13-IowaStateLW-STEM.parquet,TRUE,0,1042.7410762310028,NA,
JHU_IDD-CovidSP/2021-01-03-JHU_IDD-CovidSP.parquet,TRUE,0,836.7350838184357,NA,
JHUAPL-Bucky/2020-11-23-JHUAPL-Bucky.parquet,TRUE,0,1161.062479019165,NA,
JHUAPL-SLPHospEns/2021-07-26-JHUAPL-SLPHospEns.parquet,TRUE,0,59.628639221191406,NA,
KITmetricslab-select_ensemble/2021-05-24-KITmetricslab-select_ensemble.parquet,TRUE,0,19.842913150787354,NA,
LANL-GrowthRate/2021-06-14-LANL-GrowthRate.parquet,TRUE,0,122.08799409866332,NA,
Microsoft-DeepSTIA/2022-08-15-Microsoft-DeepSTIA.parquet,TRUE,0,133.09407258033752,NA,
MIT_ISOLAT-Mixtures/2022-10-24-MIT_ISOLAT-Mixtures.parquet,TRUE,0,12.642560482025146,NA,
MOBS-GLEAM_COVID/2021-08-23-MOBS-GLEAM_COVID.parquet,TRUE,0,75.07576608657837,NA,
MUNI-ARIMA/2022-08-08-MUNI-ARIMA.parquet,TRUE,0,72.04440927505493,NA,
PandemicCentral-COVIDForest/2021-09-25-PandemicCentral-COVIDForest.parquet,TRUE,0,504.66049551963806,NA,
PSI-DICE/2023-05-29-PSI-DICE.parquet,TRUE,0,31.727378606796265,NA,
QJHong-Encounter/2020-07-27-QJHong-Encounter.parquet,FALSE,1,5.803469896316528,"?: Required task ID/output type/output type ID combinations missing.  
 See `missing` attribute for details.",
RobertWalraven-ESG/2022-03-14-RobertWalraven-ESG.parquet,TRUE,0,21.339083433151245,NA,
SigSci-TS/2021-02-08-SigSci-TS.parquet,TRUE,0,15.52851676940918,NA,
TTU-squider/2021-02-21-TTU-squider.parquet,TRUE,0,7.237606763839722,NA,
UCF-AEM/2021-04-04-UCF-AEM.parquet,TRUE,0,5.3930158615112305,NA,
UCM_MESALab-FoGSEIR/2021-01-17-UCM_MESALab-FoGSEIR.parquet,TRUE,0,5.179401397705078,NA,
UMass-gbq/2023-07-10-UMass-gbq.parquet,TRUE,0,29.68452262878418,NA,
UMass-sarix/2023-07-31-UMass-sarix.parquet,TRUE,0,21.223467350006104,NA,
UMich-RidgeTfReg/2021-05-10-UMich-RidgeTfReg.parquet,TRUE,0,18.06364274024963,NA,
USC-SI_kJalpha/2022-05-15-USC-SI_kJalpha.parquet,TRUE,0,226.5239291191101,NA,
UT-Osiris/2024-02-19-UT-Osiris.parquet,TRUE,0,19.24703812599182,NA,
YYG-ParamSearch/2020-04-18-YYG-ParamSearch.parquet,TRUE,0,12.70785427093506,NA,
AIpert-pwllnod/2021-11-15-AIpert-pwllnod.parquet,TRUE,0,20.412616729736328,NA,
Caltech-CS156/2021-01-31-Caltech-CS156.parquet,TRUE,0,4.575148105621338,NA,
CMU-TimeSeries/2020-09-21-CMU-TimeSeries.parquet,TRUE,0,38.23688983917236,NA,
Columbia_UNC-SurvCon/2021-03-14-Columbia_UNC-SurvCon.parquet,TRUE,0,5.6725077629089355,NA,
COVIDhub_CDC-ensemble/2020-07-13-COVIDhub_CDC-ensemble.parquet,TRUE,0,9.894198894500732,NA,
COVIDhub-4_week_ensemble/2020-05-11-COVIDhub-4_week_ensemble.parquet,TRUE,0,6.330384731292725,NA,
COVIDhub-4_week_ensemble/2024-03-18-COVIDhub-4_week_ensemble.parquet,TRUE,0,31.13519406318665,NA,
COVIDhub-baseline/2023-12-18-COVIDhub-baseline.parquet,TRUE,0,31.285836935043335,NA,
COVIDhub-ensemble/2023-10-09-COVIDhub-ensemble.parquet,TRUE,0,17.07090711593628,NA,
CU-nochange/2020-06-14-CU-nochange.parquet,TRUE,0,6.3946568965911865,NA,
CU-scenario_high/2020-10-04-CU-scenario_high.parquet,TRUE,0,779.7183299064636,NA,
CU-scenario_low/2022-08-21-CU-scenario_low.parquet,TRUE,0,750.8479826450348,NA,
CU-select/2020-04-12-CU-select.parquet,TRUE,0,7.852125883102417,NA,
CUB_PopCouncil-SLSTM/2022-08-06-CUB_PopCouncil-SLSTM.parquet,TRUE,0,60.075642347335815,NA,
DDS-NBDS/2021-10-11-DDS-NBDS.parquet,TRUE,0,11.784225463867188,NA,
FAIR-NRAR/2021-03-22-FAIR-NRAR.parquet,TRUE,0,466.3262994289398,NA,
FAIR-NRAR/2021-12-07-FAIR-NRAR.parquet,TRUE,0,487.3080544471741,NA,
Google_Harvard-CPF/2020-09-13-Google_Harvard-CPF.parquet,TRUE,0,7.880810499191284,NA,
GT-DeepCOVID/2022-06-06-GT-DeepCOVID.parquet,TRUE,0,68.6118540763855,NA,
IEM_MED-CovidProject/2021-06-07-IEM_MED-CovidProject.parquet,TRUE,0,17.129631280899048,NA,
IowaStateLW-STEM/2020-12-20-IowaStateLW-STEM.parquet,TRUE,0,1028.0688598155975,NA,
JHU_IDD-CovidSP/2021-01-10-JHU_IDD-CovidSP.parquet,TRUE,0,868.5309734344482,NA,
JHUAPL-Bucky/2020-11-30-JHUAPL-Bucky.parquet,TRUE,0,1084.8294925689695,NA,
JHUAPL-SLPHospEns/2021-08-02-JHUAPL-SLPHospEns.parquet,TRUE,0,58.51480722427368,NA,
KITmetricslab-select_ensemble/2021-05-31-KITmetricslab-select_ensemble.parquet,TRUE,0,20.049647331237793,NA,
LANL-GrowthRate/2021-06-21-LANL-GrowthRate.parquet,TRUE,0,857.8290579319,NA,
Microsoft-DeepSTIA/2022-08-29-Microsoft-DeepSTIA.parquet,TRUE,0,124.90455508232117,NA,
MIT_ISOLAT-Mixtures/2022-10-31-MIT_ISOLAT-Mixtures.parquet,TRUE,0,10.892806768417358,NA,
MOBS-GLEAM_COVID/2021-08-30-MOBS-GLEAM_COVID.parquet,TRUE,0,80.79682898521423,NA,
MUNI-ARIMA/2022-08-15-MUNI-ARIMA.parquet,TRUE,0,68.5467324256897,NA,
PandemicCentral-COVIDForest/2021-10-03-PandemicCentral-COVIDForest.parquet,TRUE,0,474.3825931549072,NA,
PSI-DICE/2023-06-05-PSI-DICE.parquet,TRUE,0,30.989346027374268,NA,
QJHong-Encounter/2020-08-03-QJHong-Encounter.parquet,FALSE,1,5.509401321411133,"?: Required task ID/output type/output type ID combinations missing.  
 See `missing` attribute for details.",
RobertWalraven-ESG/2022-03-21-RobertWalraven-ESG.parquet,TRUE,0,20.573240995407104,NA,
SigSci-TS/2021-02-15-SigSci-TS.parquet,TRUE,0,19.535817623138428,NA,
TTU-squider/2021-02-28-TTU-squider.parquet,TRUE,0,7.996597766876221,NA,
UCF-AEM/2021-04-11-UCF-AEM.parquet,TRUE,0,5.864414215087891,NA,
UCM_MESALab-FoGSEIR/2021-01-24-UCM_MESALab-FoGSEIR.parquet,TRUE,0,5.712958097457886,NA,
UMass-gbq/2023-07-17-UMass-gbq.parquet,TRUE,0,32.444172859191895,NA,
UMass-sarix/2023-08-07-UMass-sarix.parquet,TRUE,0,22.12506651878357,NA,
UMich-RidgeTfReg/2021-05-17-UMich-RidgeTfReg.parquet,TRUE,0,20.2049081325531,NA,
USC-SI_kJalpha/2022-05-22-USC-SI_kJalpha.parquet,TRUE,0,224.027498960495,NA,
UT-Osiris/2024-02-26-UT-Osiris.parquet,TRUE,0,19.281979084014893,NA,
YYG-ParamSearch/2020-04-19-YYG-ParamSearch.parquet,TRUE,0,12.842018842697144,NA,
AIpert-pwllnod/2021-11-22-AIpert-pwllnod.parquet,TRUE,0,20.38059663772583,NA,
Caltech-CS156/2021-02-07-Caltech-CS156.parquet,TRUE,0,4.599979639053345,NA,
CMU-TimeSeries/2020-09-28-CMU-TimeSeries.parquet,TRUE,0,38.4077570438385,NA,
Columbia_UNC-SurvCon/2021-03-21-Columbia_UNC-SurvCon.parquet,TRUE,0,5.682182312011719,NA,
COVIDhub_CDC-ensemble/2020-07-20-COVIDhub_CDC-ensemble.parquet,TRUE,0,9.713885068893433,NA,
COVIDhub-4_week_ensemble/2020-05-18-COVIDhub-4_week_ensemble.parquet,TRUE,0,6.3926568031311035,NA,
COVIDhub-4_week_ensemble/2024-03-25-COVIDhub-4_week_ensemble.parquet,TRUE,0,31.095228672027588,NA,
COVIDhub-baseline/2023-12-25-COVIDhub-baseline.parquet,TRUE,0,31.451747179031372,NA,
COVIDhub-ensemble/2023-10-16-COVIDhub-ensemble.parquet,TRUE,0,17.096219301223755,NA,
CU-nochange/2020-06-18-CU-nochange.parquet,TRUE,0,5.526534557342529,NA,
CU-scenario_high/2020-10-08-CU-scenario_high.parquet,TRUE,0,782.414101600647,NA,
CU-scenario_low/2022-08-28-CU-scenario_low.parquet,TRUE,0,749.2291662693024,NA,
CU-select/2020-04-16-CU-select.parquet,TRUE,0,7.045658588409424,NA,
CUB_PopCouncil-SLSTM/2022-08-13-CUB_PopCouncil-SLSTM.parquet,TRUE,0,60.203221797943115,NA,
DDS-NBDS/2021-10-18-DDS-NBDS.parquet,TRUE,0,11.499948740005491,NA,
FAIR-NRAR/2021-03-24-FAIR-NRAR.parquet,TRUE,0,473.5063006877899,NA,
FAIR-NRAR/2021-12-08-FAIR-NRAR.parquet,TRUE,0,473.34715485572815,NA,
Google_Harvard-CPF/2020-09-20-Google_Harvard-CPF.parquet,TRUE,0,8.356256484985352,NA,
GT-DeepCOVID/2022-06-13-GT-DeepCOVID.parquet,TRUE,0,58.046961307525635,NA,
IEM_MED-CovidProject/2021-06-14-IEM_MED-CovidProject.parquet,TRUE,0,16.640824556350708,NA,
IowaStateLW-STEM/2020-12-27-IowaStateLW-STEM.parquet,TRUE,0,994.2426223754884,NA,
JHU_IDD-CovidSP/2021-01-17-JHU_IDD-CovidSP.parquet,TRUE,0,802.189391374588,NA,
JHUAPL-Bucky/2020-12-07-JHUAPL-Bucky.parquet,TRUE,0,1128.3601231575012,NA,
JHUAPL-SLPHospEns/2021-08-09-JHUAPL-SLPHospEns.parquet,TRUE,0,57.565019369125366,NA,
KITmetricslab-select_ensemble/2021-06-07-KITmetricslab-select_ensemble.parquet,TRUE,0,19.264161348342896,NA,
LANL-GrowthRate/2021-06-28-LANL-GrowthRate.parquet,TRUE,0,820.8662931919098,NA,
Microsoft-DeepSTIA/2022-09-05-Microsoft-DeepSTIA.parquet,TRUE,0,122.89724922180176,NA,
MIT_ISOLAT-Mixtures/2022-11-14-MIT_ISOLAT-Mixtures.parquet,TRUE,0,10.136590719223022,NA,
MOBS-GLEAM_COVID/2021-09-06-MOBS-GLEAM_COVID.parquet,TRUE,0,72.92894339561462,NA,
MUNI-ARIMA/2022-08-22-MUNI-ARIMA.parquet,TRUE,0,70.91781830787659,NA,
PandemicCentral-COVIDForest/2021-10-08-PandemicCentral-COVIDForest.parquet,TRUE,0,511.1530327796936,NA,
PSI-DICE/2023-06-12-PSI-DICE.parquet,TRUE,0,31.144160509109497,NA,
QJHong-Encounter/2020-08-10-QJHong-Encounter.parquet,FALSE,1,5.744058847427368,"?: Required task ID/output type/output type ID combinations missing.  
 See `missing` attribute for details.",
RobertWalraven-ESG/2022-03-28-RobertWalraven-ESG.parquet,TRUE,0,21.37559986114502,NA,
SigSci-TS/2021-02-22-SigSci-TS.parquet,TRUE,0,19.19987964630127,NA,
TTU-squider/2021-03-07-TTU-squider.parquet,TRUE,0,7.9772515296936035,NA,
UCF-AEM/2021-04-18-UCF-AEM.parquet,TRUE,0,5.732382535934448,NA,
UCM_MESALab-FoGSEIR/2021-01-31-UCM_MESALab-FoGSEIR.parquet,TRUE,0,5.348731517791748,NA,
UMass-gbq/2023-07-24-UMass-gbq.parquet,TRUE,0,31.56749176979065,NA,
UMass-sarix/2023-08-14-UMass-sarix.parquet,TRUE,0,21.257560968399048,NA,
UMich-RidgeTfReg/2021-05-24-UMich-RidgeTfReg.parquet,TRUE,0,19.495837211608887,NA,
USC-SI_kJalpha/2022-05-29-USC-SI_kJalpha.parquet,TRUE,0,224.469922542572,NA,
UT-Osiris/2024-03-04-UT-Osiris.parquet,TRUE,0,20.93655514717102,NA,
YYG-ParamSearch/2020-04-20-YYG-ParamSearch.parquet,TRUE,0,14.093247652053831,NA,
AIpert-pwllnod/2021-11-29-AIpert-pwllnod.parquet,TRUE,0,20.404781103134155,NA,
Caltech-CS156/2021-02-21-Caltech-CS156.parquet,TRUE,0,4.479794979095459,NA,
CMU-TimeSeries/2020-10-05-CMU-TimeSeries.parquet,TRUE,0,38.09688425064087,NA,
Columbia_UNC-SurvCon/2021-03-28-Columbia_UNC-SurvCon.parquet,TRUE,0,11.852545738220217,NA,
COVIDhub_CDC-ensemble/2020-07-27-COVIDhub_CDC-ensemble.parquet,TRUE,0,492.56316900253296,NA,
COVIDhub-4_week_ensemble/2020-05-25-COVIDhub-4_week_ensemble.parquet,TRUE,0,6.4501519203186035,NA,
COVIDhub-4_week_ensemble/2024-04-01-COVIDhub-4_week_ensemble.parquet,TRUE,0,30.031360387802124,NA,
COVIDhub-baseline/2024-01-01-COVIDhub-baseline.parquet,TRUE,0,30.14033341407776,NA,
COVIDhub-ensemble/2023-10-23-COVIDhub-ensemble.parquet,TRUE,0,16.469157457351685,NA,
CU-nochange/2020-06-21-CU-nochange.parquet,TRUE,0,9.397840976715088,NA,
CU-scenario_high/2020-10-11-CU-scenario_high.parquet,TRUE,0,761.8234732151031,NA,
CU-scenario_low/2022-09-04-CU-scenario_low.parquet,TRUE,0,765.0988717079163,NA,
CU-select/2020-04-19-CU-select.parquet,TRUE,0,7.678783178329468,NA,
CUB_PopCouncil-SLSTM/2022-08-20-CUB_PopCouncil-SLSTM.parquet,TRUE,0,59.08265423774719,NA,
DDS-NBDS/2021-10-25-DDS-NBDS.parquet,TRUE,0,11.709158658981323,NA,
FAIR-NRAR/2021-03-25-FAIR-NRAR.parquet,TRUE,0,497.7455041408539,NA,
FAIR-NRAR/2021-12-09-FAIR-NRAR.parquet,TRUE,0,511.4824404716492,NA,
Google_Harvard-CPF/2020-09-27-Google_Harvard-CPF.parquet,TRUE,0,161.7291944026947,NA,
GT-DeepCOVID/2022-06-20-GT-DeepCOVID.parquet,TRUE,0,63.95518779754639,NA,
IEM_MED-CovidProject/2021-06-21-IEM_MED-CovidProject.parquet,TRUE,0,18.836392641067505,NA,
IowaStateLW-STEM/2021-01-03-IowaStateLW-STEM.parquet,TRUE,0,1000.7491390705108,NA,
JHU_IDD-CovidSP/2021-01-24-JHU_IDD-CovidSP.parquet,TRUE,0,793.6006729602814,NA,
JHUAPL-Bucky/2020-12-14-JHUAPL-Bucky.parquet,TRUE,0,1115.0431089401245,NA,
JHUAPL-SLPHospEns/2021-08-23-JHUAPL-SLPHospEns.parquet,TRUE,0,57.495853900909424,NA,
KITmetricslab-select_ensemble/2021-06-14-KITmetricslab-select_ensemble.parquet,TRUE,0,19.631622314453125,NA,
LANL-GrowthRate/2021-07-05-LANL-GrowthRate.parquet,TRUE,0,862.189822435379,NA,
Microsoft-DeepSTIA/2022-09-12-Microsoft-DeepSTIA.parquet,TRUE,0,126.37217140197754,NA,
MIT_ISOLAT-Mixtures/2022-11-21-MIT_ISOLAT-Mixtures.parquet,TRUE,0,9.266400337219238,NA,
MOBS-GLEAM_COVID/2021-09-13-MOBS-GLEAM_COVID.parquet,TRUE,0,73.04237961769104,NA,
MUNI-ARIMA/2022-08-29-MUNI-ARIMA.parquet,TRUE,0,67.73252415657043,NA,
PandemicCentral-COVIDForest/2021-10-10-PandemicCentral-COVIDForest.parquet,TRUE,0,466.0191068649292,NA,
PSI-DICE/2023-07-03-PSI-DICE.parquet,TRUE,0,30.815069913864136,NA,
QJHong-Encounter/2020-08-17-QJHong-Encounter.parquet,FALSE,1,5.401169538497925,"?: Required task ID/output type/output type ID combinations missing.  
 See `missing` attribute for details.",
RobertWalraven-ESG/2022-04-04-RobertWalraven-ESG.parquet,TRUE,0,20.44713973999023,NA,
SigSci-TS/2021-03-01-SigSci-TS.parquet,TRUE,0,18.85159659385681,NA,
TTU-squider/2021-03-14-TTU-squider.parquet,TRUE,0,7.798718452453613,NA,
UCF-AEM/2021-04-25-UCF-AEM.parquet,TRUE,0,5.5645153522491455,NA,
UCM_MESALab-FoGSEIR/2021-02-07-UCM_MESALab-FoGSEIR.parquet,TRUE,0,5.51261305809021,NA,
UMass-gbq/2023-07-31-UMass-gbq.parquet,TRUE,0,30.976405143737793,NA,
UMass-sarix/2023-08-21-UMass-sarix.parquet,TRUE,0,21.080166816711422,NA,
UMich-RidgeTfReg/2021-05-31-UMich-RidgeTfReg.parquet,TRUE,0,19.82403254508972,NA,
USC-SI_kJalpha/2022-06-05-USC-SI_kJalpha.parquet,TRUE,0,222.57249093055725,NA,
UT-Osiris/2024-03-11-UT-Osiris.parquet,TRUE,0,19.26272988319397,NA,
YYG-ParamSearch/2020-04-21-YYG-ParamSearch.parquet,TRUE,0,12.88596487045288,NA,
AIpert-pwllnod/2021-12-06-AIpert-pwllnod.parquet,TRUE,0,20.431514978408813,NA,
Caltech-CS156/2021-02-28-Caltech-CS156.parquet,TRUE,0,4.597933292388916,NA,
CMU-TimeSeries/2020-10-12-CMU-TimeSeries.parquet,TRUE,0,38.69893217086792,NA,
Columbia_UNC-SurvCon/2021-04-04-Columbia_UNC-SurvCon.parquet,TRUE,0,11.82970142364502,NA,
COVIDhub_CDC-ensemble/2020-08-03-COVIDhub_CDC-ensemble.parquet,TRUE,0,501.8229458332062,NA,
COVIDhub-4_week_ensemble/2020-06-01-COVIDhub-4_week_ensemble.parquet,TRUE,0,6.468105316162109,NA,
COVIDhub-4_week_ensemble/2024-04-08-COVIDhub-4_week_ensemble.parquet,TRUE,0,30.333250045776367,NA,
COVIDhub-baseline/2024-01-08-COVIDhub-baseline.parquet,TRUE,0,30.769662380218502,NA,
COVIDhub-ensemble/2023-10-30-COVIDhub-ensemble.parquet,TRUE,0,16.605093479156494,NA,
CU-nochange/2020-06-25-CU-nochange.parquet,TRUE,0,7.9461729526519775,NA,
CU-scenario_high/2020-10-15-CU-scenario_high.parquet,TRUE,0,770.3155484199524,NA,
CU-scenario_low/2022-09-11-CU-scenario_low.parquet,TRUE,0,746.7833817005157,NA,
CU-select/2020-04-23-CU-select.parquet,TRUE,0,6.931758403778076,NA,
CUB_PopCouncil-SLSTM/2022-08-27-CUB_PopCouncil-SLSTM.parquet,TRUE,0,60.19454741477966,NA,
DDS-NBDS/2021-11-01-DDS-NBDS.parquet,TRUE,0,11.660306453704834,NA,
FAIR-NRAR/2021-03-26-FAIR-NRAR.parquet,TRUE,0,461.1352164745331,NA,
FAIR-NRAR/2021-12-10-FAIR-NRAR.parquet,TRUE,0,470.0064408779144,NA,
Google_Harvard-CPF/2020-10-04-Google_Harvard-CPF.parquet,TRUE,0,110.03840613365172,NA,
GT-DeepCOVID/2022-06-27-GT-DeepCOVID.parquet,TRUE,0,59.68323302268982,NA,
IEM_MED-CovidProject/2021-06-28-IEM_MED-CovidProject.parquet,TRUE,0,16.65985369682312,NA,
IowaStateLW-STEM/2021-01-10-IowaStateLW-STEM.parquet,TRUE,0,1009.4404079914092,NA,
JHU_IDD-CovidSP/2021-01-31-JHU_IDD-CovidSP.parquet,TRUE,0,858.236599445343,NA,
JHUAPL-Bucky/2020-12-21-JHUAPL-Bucky.parquet,TRUE,0,1136.4761655330658,NA,
JHUAPL-SLPHospEns/2021-08-30-JHUAPL-SLPHospEns.parquet,TRUE,0,58.66529583930969,NA,
KITmetricslab-select_ensemble/2021-06-21-KITmetricslab-select_ensemble.parquet,TRUE,0,19.764091968536377,NA,
LANL-GrowthRate/2021-07-12-LANL-GrowthRate.parquet,TRUE,0,832.7758800983429,NA,
Microsoft-DeepSTIA/2022-09-19-Microsoft-DeepSTIA.parquet,TRUE,0,125.0648353099823,NA,
MIT_ISOLAT-Mixtures/2022-11-28-MIT_ISOLAT-Mixtures.parquet,TRUE,0,9.508690595626833,NA,
MOBS-GLEAM_COVID/2021-09-20-MOBS-GLEAM_COVID.parquet,TRUE,0,75.64257168769836,NA,
MUNI-ARIMA/2022-09-05-MUNI-ARIMA.parquet,TRUE,0,69.41806387901306,NA,
PandemicCentral-COVIDForest/2021-10-16-PandemicCentral-COVIDForest.parquet,TRUE,0,490.71614718437195,NA,
PSI-DICE/2023-07-10-PSI-DICE.parquet,TRUE,0,29.591307878494263,NA,
QJHong-Encounter/2020-08-23-QJHong-Encounter.parquet,FALSE,1,5.709999322891235,"?: Required task ID/output type/output type ID combinations missing.  
 See `missing` attribute for details.",
RobertWalraven-ESG/2022-04-11-RobertWalraven-ESG.parquet,TRUE,0,21.016809225082397,NA,
SigSci-TS/2021-03-08-SigSci-TS.parquet,TRUE,0,19.26154351234436,NA,
TTU-squider/2021-03-21-TTU-squider.parquet,TRUE,0,7.724034786224365,NA,
UCF-AEM/2021-05-02-UCF-AEM.parquet,TRUE,0,5.424046993255615,NA,
UCM_MESALab-FoGSEIR/2021-02-14-UCM_MESALab-FoGSEIR.parquet,TRUE,0,5.333933353424072,NA,
UMass-gbq/2023-08-07-UMass-gbq.parquet,TRUE,0,29.879106998443604,NA,
UMass-sarix/2023-08-28-UMass-sarix.parquet,TRUE,0,17.228636503219604,NA,
UMich-RidgeTfReg/2021-06-07-UMich-RidgeTfReg.parquet,TRUE,0,18.851224660873413,NA,
USC-SI_kJalpha/2022-06-12-USC-SI_kJalpha.parquet,TRUE,0,233.58594346046448,NA,
UT-Osiris/2024-03-18-UT-Osiris.parquet,TRUE,0,20.338602542877197,NA,
YYG-ParamSearch/2020-04-22-YYG-ParamSearch.parquet,TRUE,0,13.740654468536375,NA,
AIpert-pwllnod/2021-12-13-AIpert-pwllnod.parquet,TRUE,0,20.513644695281982,NA,
Caltech-CS156/2021-03-07-Caltech-CS156.parquet,TRUE,0,4.63430118560791,NA,
CMU-TimeSeries/2020-10-19-CMU-TimeSeries.parquet,TRUE,0,38.91026163101196,NA,
Columbia_UNC-SurvCon/2021-04-11-Columbia_UNC-SurvCon.parquet,TRUE,0,11.890124559402466,NA,
COVIDhub_CDC-ensemble/2020-08-10-COVIDhub_CDC-ensemble.parquet,TRUE,0,497.5738434791565,NA,
COVIDhub-4_week_ensemble/2020-06-08-COVIDhub-4_week_ensemble.parquet,TRUE,0,9.983484506607056,NA,
COVIDhub-4_week_ensemble/2024-04-15-COVIDhub-4_week_ensemble.parquet,TRUE,0,30.352925539016724,NA,
COVIDhub-baseline/2024-01-15-COVIDhub-baseline.parquet,TRUE,0,30.19034218788147,NA,
COVIDhub-ensemble/2023-11-06-COVIDhub-ensemble.parquet,TRUE,0,16.59457015991211,NA,
CU-nochange/2020-06-28-CU-nochange.parquet,TRUE,0,9.615842342376707,NA,
CU-scenario_high/2020-10-18-CU-scenario_high.parquet,TRUE,0,769.2154874801636,NA,
CU-scenario_low/2022-09-18-CU-scenario_low.parquet,TRUE,0,774.62064909935,NA,
CU-select/2020-04-26-CU-select.parquet,TRUE,0,8.020836591720581,NA,
CUB_PopCouncil-SLSTM/2022-09-03-CUB_PopCouncil-SLSTM.parquet,TRUE,0,62.59526777267456,NA,
DDS-NBDS/2021-11-08-DDS-NBDS.parquet,TRUE,0,12.401778936386108,NA,
FAIR-NRAR/2021-03-27-FAIR-NRAR.parquet,TRUE,0,475.36780071258545,NA,
FAIR-NRAR/2021-12-11-FAIR-NRAR.parquet,TRUE,0,508.1046075820923,NA,
Google_Harvard-CPF/2020-10-11-Google_Harvard-CPF.parquet,TRUE,0,553.9708364009857,NA,
GT-DeepCOVID/2022-07-04-GT-DeepCOVID.parquet,TRUE,0,60.92632508277893,NA,
IEM_MED-CovidProject/2021-07-05-IEM_MED-CovidProject.parquet,TRUE,0,17.122061014175415,NA,
IowaStateLW-STEM/2021-01-17-IowaStateLW-STEM.parquet,TRUE,0,1009.4327523708344,NA,
JHU_IDD-CovidSP/2021-02-07-JHU_IDD-CovidSP.parquet,TRUE,0,843.0169775485992,NA,
JHUAPL-Bucky/2020-12-28-JHUAPL-Bucky.parquet,TRUE,0,1132.5500223636627,NA,
JHUAPL-SLPHospEns/2021-09-06-JHUAPL-SLPHospEns.parquet,TRUE,0,65.07086277008057,NA,
KITmetricslab-select_ensemble/2021-06-28-KITmetricslab-select_ensemble.parquet,TRUE,0,21.158183097839355,NA,
LANL-GrowthRate/2021-07-19-LANL-GrowthRate.parquet,TRUE,0,832.1485414505005,NA,
Microsoft-DeepSTIA/2022-09-26-Microsoft-DeepSTIA.parquet,TRUE,0,126.98881340026855,NA,
MIT_ISOLAT-Mixtures/2022-12-05-MIT_ISOLAT-Mixtures.parquet,TRUE,0,10.665194749832152,NA,
MOBS-GLEAM_COVID/2021-09-27-MOBS-GLEAM_COVID.parquet,TRUE,0,72.30584359169006,NA,
MUNI-ARIMA/2022-09-12-MUNI-ARIMA.parquet,TRUE,0,69.57179641723633,NA,
PandemicCentral-COVIDForest/2021-10-23-PandemicCentral-COVIDForest.parquet,TRUE,0,464.6932487487793,NA,
PSI-DICE/2023-07-17-PSI-DICE.parquet,TRUE,0,27.45899534225464,NA,
QJHong-Encounter/2020-08-30-QJHong-Encounter.parquet,FALSE,1,5.333104848861694,"?: Required task ID/output type/output type ID combinations missing.  
 See `missing` attribute for details.",
RobertWalraven-ESG/2022-04-18-RobertWalraven-ESG.parquet,TRUE,0,19.63969898223877,NA,
SigSci-TS/2021-03-15-SigSci-TS.parquet,TRUE,0,18.165945768356323,NA,
TTU-squider/2021-03-28-TTU-squider.parquet,TRUE,0,7.078778982162476,NA,
UCF-AEM/2021-05-09-UCF-AEM.parquet,TRUE,0,5.115368366241455,NA,
UCM_MESALab-FoGSEIR/2021-02-21-UCM_MESALab-FoGSEIR.parquet,TRUE,0,5.093678712844849,NA,
UMass-gbq/2023-08-14-UMass-gbq.parquet,TRUE,0,28.303895473480225,NA,
UMass-sarix/2023-09-04-UMass-sarix.parquet,TRUE,0,18.079274892807007,NA,
UMich-RidgeTfReg/2021-06-14-UMich-RidgeTfReg.parquet,TRUE,0,17.908255100250244,NA,
USC-SI_kJalpha/2022-06-19-USC-SI_kJalpha.parquet,TRUE,0,214.89741563796997,NA,
UT-Osiris/2024-03-25-UT-Osiris.parquet,TRUE,0,19.63509488105774,NA,
YYG-ParamSearch/2020-04-23-YYG-ParamSearch.parquet,TRUE,0,13.24028730392456,NA,
AIpert-pwllnod/2021-12-19-AIpert-pwllnod.parquet,TRUE,0,25.95334219932556,NA,
Caltech-CS156/2021-03-14-Caltech-CS156.parquet,TRUE,0,5.74383020401001,NA,
CMU-TimeSeries/2020-10-26-CMU-TimeSeries.parquet,TRUE,0,45.90204572677612,NA,
Columbia_UNC-SurvCon/2021-04-18-Columbia_UNC-SurvCon.parquet,TRUE,0,15.342200756072998,NA,
COVIDhub_CDC-ensemble/2020-08-17-COVIDhub_CDC-ensemble.parquet,TRUE,0,580.8997657299042,NA,
COVIDhub-4_week_ensemble/2020-06-15-COVIDhub-4_week_ensemble.parquet,TRUE,0,12.692605257034302,NA,
COVIDhub-4_week_ensemble/2024-04-22-COVIDhub-4_week_ensemble.parquet,TRUE,0,37.996248722076416,NA,
COVIDhub-baseline/2024-01-22-COVIDhub-baseline.parquet,TRUE,0,38.10141634941101,NA,
COVIDhub-ensemble/2023-11-13-COVIDhub-ensemble.parquet,TRUE,0,20.631308555603027,NA,
CU-nochange/2020-07-02-CU-nochange.parquet,TRUE,0,11.920981645584106,NA,
CU-scenario_high/2020-10-22-CU-scenario_high.parquet,TRUE,0,892.2529816627502,NA,
CU-scenario_low/2022-09-25-CU-scenario_low.parquet,TRUE,0,902.264891386032,NA,
CU-select/2020-05-03-CU-select.parquet,TRUE,0,9.806012153625488,NA,
CUB_PopCouncil-SLSTM/2022-09-10-CUB_PopCouncil-SLSTM.parquet,TRUE,0,74.63436365127563,NA,
DDS-NBDS/2021-11-15-DDS-NBDS.parquet,TRUE,0,14.718181371688845,NA,
FAIR-NRAR/2021-03-28-FAIR-NRAR.parquet,TRUE,0,546.2461266517639,NA,
FAIR-NRAR/2021-12-12-FAIR-NRAR.parquet,TRUE,0,448.6288967132568,NA,
Google_Harvard-CPF/2020-10-18-Google_Harvard-CPF.parquet,TRUE,0,155.6602783203125,NA,
GT-DeepCOVID/2022-07-11-GT-DeepCOVID.parquet,TRUE,0,59.2758150100708,NA,
IEM_MED-CovidProject/2021-07-12-IEM_MED-CovidProject.parquet,TRUE,0,16.580728769302368,NA,
IowaStateLW-STEM/2021-01-24-IowaStateLW-STEM.parquet,TRUE,0,947.9177088737488,NA,
JHU_IDD-CovidSP/2021-02-14-JHU_IDD-CovidSP.parquet,TRUE,0,780.8924396038055,NA,
JHUAPL-Bucky/2021-01-04-JHUAPL-Bucky.parquet,TRUE,0,1060.685964345932,NA,
JHUAPL-SLPHospEns/2021-09-13-JHUAPL-SLPHospEns.parquet,TRUE,0,54.951547384262085,NA,
KITmetricslab-select_ensemble/2021-07-05-KITmetricslab-select_ensemble.parquet,TRUE,0,18.768614053726196,NA,
LANL-GrowthRate/2021-07-26-LANL-GrowthRate.parquet,TRUE,0,819.3204569816589,NA,
Microsoft-DeepSTIA/2022-10-17-Microsoft-DeepSTIA.parquet,TRUE,0,119.12999606132507,NA,
MIT_ISOLAT-Mixtures/2022-12-12-MIT_ISOLAT-Mixtures.parquet,TRUE,0,10.63635802268982,NA,
MOBS-GLEAM_COVID/2021-10-04-MOBS-GLEAM_COVID.parquet,TRUE,0,66.254718542099,NA,
MUNI-ARIMA/2022-09-19-MUNI-ARIMA.parquet,TRUE,0,64.72615361213684,NA,
PandemicCentral-COVIDForest/2021-10-30-PandemicCentral-COVIDForest.parquet,TRUE,0,450.14968752861023,NA,
PSI-DICE/2023-07-24-PSI-DICE.parquet,TRUE,0,30.287155389785767,NA,
QJHong-Encounter/2020-09-06-QJHong-Encounter.parquet,FALSE,1,5.498832941055298,"?: Required task ID/output type/output type ID combinations missing.  
 See `missing` attribute for details.",
RobertWalraven-ESG/2022-04-24-RobertWalraven-ESG.parquet,TRUE,0,20.637425661087036,NA,
SigSci-TS/2021-03-22-SigSci-TS.parquet,TRUE,0,19.333034992218018,NA,
TTU-squider/2021-04-04-TTU-squider.parquet,TRUE,0,7.626006841659546,NA,
UCF-AEM/2021-05-16-UCF-AEM.parquet,TRUE,0,5.351501703262329,NA,
UCM_MESALab-FoGSEIR/2021-02-28-UCM_MESALab-FoGSEIR.parquet,TRUE,0,5.322746753692627,NA,
UMass-gbq/2023-08-21-UMass-gbq.parquet,TRUE,0,29.85033679008484,NA,
UMass-sarix/2023-09-11-UMass-sarix.parquet,TRUE,0,21.01370072364807,NA,
UMich-RidgeTfReg/2021-06-21-UMich-RidgeTfReg.parquet,TRUE,0,18.201338529586792,NA,
USC-SI_kJalpha/2022-06-26-USC-SI_kJalpha.parquet,TRUE,0,209.08869981765747,NA,
UT-Osiris/2024-04-01-UT-Osiris.parquet,TRUE,0,19.371806621551514,NA,
YYG-ParamSearch/2020-04-24-YYG-ParamSearch.parquet,TRUE,0,13.35302734375,NA,
AIpert-pwllnod/2022-01-03-AIpert-pwllnod.parquet,TRUE,0,18.04909920692444,NA,
Caltech-CS156/2021-03-21-Caltech-CS156.parquet,TRUE,0,4.218858957290649,NA,
CMU-TimeSeries/2020-11-02-CMU-TimeSeries.parquet,TRUE,0,34.0668728351593,NA,
Columbia_UNC-SurvCon/2021-04-25-Columbia_UNC-SurvCon.parquet,TRUE,0,10.552791357040403,NA,
COVIDhub_CDC-ensemble/2020-08-24-COVIDhub_CDC-ensemble.parquet,TRUE,0,438.3077838420868,NA,
COVIDhub-4_week_ensemble/2020-06-22-COVIDhub-4_week_ensemble.parquet,TRUE,0,8.602791547775269,NA,
COVIDhub-4_week_ensemble/2024-04-29-COVIDhub-4_week_ensemble.parquet,TRUE,0,26.07188725471497,NA,
COVIDhub-baseline/2024-01-29-COVIDhub-baseline.parquet,TRUE,0,26.27363133430481,NA,
COVIDhub-ensemble/2023-11-20-COVIDhub-ensemble.parquet,TRUE,0,14.539515018463137,NA,
CU-nochange/2020-07-05-CU-nochange.parquet,TRUE,0,8.173256874084473,NA,
CU-scenario_high/2020-10-25-CU-scenario_high.parquet,TRUE,0,665.7932591438293,NA,
CU-scenario_low/2022-10-02-CU-scenario_low.parquet,TRUE,0,687.3705706596375,NA,
CU-select/2020-05-07-CU-select.parquet,TRUE,0,6.069602251052856,NA,
CUB_PopCouncil-SLSTM/2022-09-17-CUB_PopCouncil-SLSTM.parquet,TRUE,0,52.46776485443115,NA,
DDS-NBDS/2021-11-22-DDS-NBDS.parquet,TRUE,0,10.311427354812622,NA,
FAIR-NRAR/2021-03-29-FAIR-NRAR.parquet,TRUE,0,413.393589258194,NA,
FAIR-NRAR/2021-12-13-FAIR-NRAR.parquet,TRUE,0,413.4775800704956,NA,
Google_Harvard-CPF/2020-10-25-Google_Harvard-CPF.parquet,TRUE,0,137.2581992149353,NA,
GT-DeepCOVID/2022-07-18-GT-DeepCOVID.parquet,TRUE,0,57.66323637962341,NA,
IEM_MED-CovidProject/2021-07-19-IEM_MED-CovidProject.parquet,TRUE,0,16.461944818496704,NA,
IowaStateLW-STEM/2021-01-31-IowaStateLW-STEM.parquet,TRUE,0,900.3738083839417,NA,
JHU_IDD-CovidSP/2021-02-21-JHU_IDD-CovidSP.parquet,TRUE,0,743.7258155345917,NA,
JHUAPL-Bucky/2021-01-11-JHUAPL-Bucky.parquet,TRUE,0,1015.2657153606416,NA,
JHUAPL-SLPHospEns/2021-09-20-JHUAPL-SLPHospEns.parquet,TRUE,0,53.17915678024292,NA,
KITmetricslab-select_ensemble/2021-07-12-KITmetricslab-select_ensemble.parquet,TRUE,0,17.83825445175171,NA,
LANL-GrowthRate/2021-08-02-LANL-GrowthRate.parquet,TRUE,0,784.6863195896149,NA,
Microsoft-DeepSTIA/2022-10-24-Microsoft-DeepSTIA.parquet,TRUE,0,116.7881851196289,NA,
MIT_ISOLAT-Mixtures/2022-12-19-MIT_ISOLAT-Mixtures.parquet,TRUE,0,10.304015159606934,NA,
MOBS-GLEAM_COVID/2021-10-11-MOBS-GLEAM_COVID.parquet,TRUE,0,71.68788266181946,NA,
MUNI-ARIMA/2022-09-26-MUNI-ARIMA.parquet,TRUE,0,65.59232640266418,NA,
PandemicCentral-COVIDForest/2021-11-06-PandemicCentral-COVIDForest.parquet,TRUE,0,507.04235076904297,NA,
PSI-DICE/2023-07-31-PSI-DICE.parquet,TRUE,0,29.90872049331665,NA,
QJHong-Encounter/2020-09-13-QJHong-Encounter.parquet,FALSE,1,5.5268235206604,"?: Required task ID/output type/output type ID combinations missing.  
 See `missing` attribute for details.",
RobertWalraven-ESG/2022-05-01-RobertWalraven-ESG.parquet,TRUE,0,22.064302682876587,NA,
SigSci-TS/2021-03-29-SigSci-TS.parquet,TRUE,0,19.37087559700012,NA,
TTU-squider/2021-04-11-TTU-squider.parquet,TRUE,0,7.535264492034912,NA,
UCF-AEM/2021-05-23-UCF-AEM.parquet,TRUE,0,5.415480852127075,NA,
UCM_MESALab-FoGSEIR/2021-03-07-UCM_MESALab-FoGSEIR.parquet,TRUE,0,5.603750705718994,NA,
UMass-gbq/2023-08-27-UMass-gbq.parquet,TRUE,0,30.3677339553833,NA,
UMass-sarix/2023-09-18-UMass-sarix.parquet,TRUE,0,21.28697419166565,NA,
UMich-RidgeTfReg/2021-06-28-UMich-RidgeTfReg.parquet,TRUE,0,18.926966190338135,NA,
USC-SI_kJalpha/2022-07-03-USC-SI_kJalpha.parquet,TRUE,0,209.2420196533203,NA,
UT-Osiris/2024-04-08-UT-Osiris.parquet,TRUE,0,19.315764904022217,NA,
YYG-ParamSearch/2020-04-25-YYG-ParamSearch.parquet,TRUE,0,12.955575466156006,NA,
AIpert-pwllnod/2022-01-10-AIpert-pwllnod.parquet,TRUE,0,19.252598524093628,NA,
Caltech-CS156/2021-03-28-Caltech-CS156.parquet,TRUE,0,4.458649396896362,NA,
CMU-TimeSeries/2020-11-09-CMU-TimeSeries.parquet,TRUE,0,36.11358189582825,NA,
Columbia_UNC-SurvCon/2021-05-02-Columbia_UNC-SurvCon.parquet,TRUE,0,5.1705567836761475,NA,
COVIDhub_CDC-ensemble/2020-08-31-COVIDhub_CDC-ensemble.parquet,TRUE,0,461.74754428863525,NA,
COVIDhub-4_week_ensemble/2020-06-29-COVIDhub-4_week_ensemble.parquet,TRUE,0,9.535521507263184,NA,
COVIDhub-baseline/2020-04-06-COVIDhub-baseline.parquet,TRUE,0,9.618329048156738,NA,
COVIDhub-baseline/2024-02-05-COVIDhub-baseline.parquet,TRUE,0,29.01259183883667,NA,
COVIDhub-ensemble/2023-11-27-COVIDhub-ensemble.parquet,TRUE,0,15.94521450996399,NA,
CU-nochange/2020-07-12-CU-nochange.parquet,TRUE,0,8.988915920257568,NA,
CU-scenario_high/2020-10-29-CU-scenario_high.parquet,TRUE,0,714.1003227233887,NA,
CU-scenario_low/2022-10-09-CU-scenario_low.parquet,TRUE,0,733.975982427597,NA,
CU-select/2020-05-10-CU-select.parquet,TRUE,0,7.415598392486572,NA,
CUB_PopCouncil-SLSTM/2022-09-24-CUB_PopCouncil-SLSTM.parquet,TRUE,0,57.785285234451294,NA,
DDS-NBDS/2021-11-29-DDS-NBDS.parquet,TRUE,0,11.05453896522522,NA,
FAIR-NRAR/2021-03-30-FAIR-NRAR.parquet,TRUE,0,442.6572005748749,NA,
FAIR-NRAR/2021-12-14-FAIR-NRAR.parquet,TRUE,0,438.6664023399353,NA,
Google_Harvard-CPF/2020-11-01-Google_Harvard-CPF.parquet,TRUE,0,151.61864972114563,NA,
GT-DeepCOVID/2022-07-25-GT-DeepCOVID.parquet,TRUE,0,59.62554121017456,NA,
IEM_MED-CovidProject/2021-07-26-IEM_MED-CovidProject.parquet,TRUE,0,16.072171688079834,NA,
IowaStateLW-STEM/2021-02-07-IowaStateLW-STEM.parquet,TRUE,0,922.7962577342988,NA,
JHU_IDD-CovidSP/2021-02-28-JHU_IDD-CovidSP.parquet,TRUE,0,747.749484539032,NA,
JHUAPL-Bucky/2021-01-18-JHUAPL-Bucky.parquet,TRUE,0,1025.0378770828247,NA,
JHUAPL-SLPHospEns/2021-09-27-JHUAPL-SLPHospEns.parquet,TRUE,0,58.58966684341431,NA,
KITmetricslab-select_ensemble/2021-07-19-KITmetricslab-select_ensemble.parquet,TRUE,0,18.82389211654663,NA,
LANL-GrowthRate/2021-08-09-LANL-GrowthRate.parquet,TRUE,0,819.8198530673981,NA,
Microsoft-DeepSTIA/2022-10-31-Microsoft-DeepSTIA.parquet,TRUE,0,126.46834421157835,NA,
MIT_ISOLAT-Mixtures/2022-12-26-MIT_ISOLAT-Mixtures.parquet,TRUE,0,11.992611408233644,NA,
MOBS-GLEAM_COVID/2021-10-18-MOBS-GLEAM_COVID.parquet,TRUE,0,71.6065981388092,NA,
MUNI-ARIMA/2022-10-03-MUNI-ARIMA.parquet,TRUE,0,74.55443406105042,NA,
PandemicCentral-COVIDForest/2021-11-14-PandemicCentral-COVIDForest.parquet,TRUE,0,521.9927875995636,NA,
PSI-DICE/2023-08-07-PSI-DICE.parquet,TRUE,0,30.625078201293945,NA,
QJHong-Encounter/2020-09-20-QJHong-Encounter.parquet,FALSE,1,5.475278615951538,"?: Required task ID/output type/output type ID combinations missing.  
 See `missing` attribute for details.",
RobertWalraven-ESG/2022-05-08-RobertWalraven-ESG.parquet,TRUE,0,20.330840587615967,NA,
SigSci-TS/2021-04-05-SigSci-TS.parquet,TRUE,0,19.003788709640503,NA,
TTU-squider/2021-04-18-TTU-squider.parquet,TRUE,0,7.475193738937378,NA,
UCF-AEM/2021-05-30-UCF-AEM.parquet,TRUE,0,5.584557294845581,NA,
UCM_MESALab-FoGSEIR/2021-03-14-UCM_MESALab-FoGSEIR.parquet,TRUE,0,5.295684814453125,NA,
UMass-gbq/2023-09-04-UMass-gbq.parquet,TRUE,0,29.688431978225708,NA,
UMass-sarix/2023-09-25-UMass-sarix.parquet,TRUE,0,20.59921383857727,NA,
UMich-RidgeTfReg/2021-07-05-UMich-RidgeTfReg.parquet,TRUE,0,18.247865676879883,NA,
USC-SI_kJalpha/2022-07-10-USC-SI_kJalpha.parquet,TRUE,0,212.1108021736145,NA,
UT-Osiris/2024-04-15-UT-Osiris.parquet,TRUE,0,19.41986632347107,NA,
YYG-ParamSearch/2020-04-26-YYG-ParamSearch.parquet,TRUE,0,13.14228081703186,NA,
AIpert-pwllnod/2022-01-17-AIpert-pwllnod.parquet,TRUE,0,19.23660922050476,NA,
Caltech-CS156/2021-04-11-Caltech-CS156.parquet,TRUE,0,4.421808242797852,NA,
CMU-TimeSeries/2020-11-16-CMU-TimeSeries.parquet,TRUE,0,36.35212564468384,NA,
Columbia_UNC-SurvCon/2021-05-09-Columbia_UNC-SurvCon.parquet,TRUE,0,5.399360418319702,NA,
COVIDhub_CDC-ensemble/2020-09-07-COVIDhub_CDC-ensemble.parquet,TRUE,0,462.076307296753,NA,
COVIDhub-4_week_ensemble/2020-07-06-COVIDhub-4_week_ensemble.parquet,TRUE,0,9.524003505706789,NA,
COVIDhub-baseline/2020-04-13-COVIDhub-baseline.parquet,TRUE,0,9.650070667266846,NA,
COVIDhub-baseline/2024-02-12-COVIDhub-baseline.parquet,TRUE,0,28.474008083343502,NA,
COVIDhub-ensemble/2023-12-04-COVIDhub-ensemble.parquet,TRUE,0,15.621387243270874,NA,
CU-nochange/2020-07-19-CU-nochange.parquet,TRUE,0,9.151167631149292,NA,
CU-scenario_high/2020-11-01-CU-scenario_high.parquet,TRUE,0,716.5963299274445,NA,
CU-scenario_low/2022-10-16-CU-scenario_low.parquet,TRUE,0,729.7020869255066,NA,
CU-select/2020-05-14-CU-select.parquet,TRUE,0,6.605876207351685,NA,
CUB_PopCouncil-SLSTM/2022-10-01-CUB_PopCouncil-SLSTM.parquet,TRUE,0,55.979081869125366,NA,
DDS-NBDS/2021-12-20-DDS-NBDS.parquet,TRUE,0,10.82859754562378,NA,
FAIR-NRAR/2021-03-31-FAIR-NRAR.parquet,TRUE,0,470.3877465724945,NA,
FAIR-NRAR/2021-12-15-FAIR-NRAR.parquet,TRUE,0,441.9729762077331,NA,
Google_Harvard-CPF/2020-11-08-Google_Harvard-CPF.parquet,TRUE,0,152.46927547454834,NA,
GT-DeepCOVID/2022-08-01-GT-DeepCOVID.parquet,TRUE,0,60.3316445350647,NA,
IEM_MED-CovidProject/2021-08-02-IEM_MED-CovidProject.parquet,TRUE,0,16.421642065048218,NA,
IowaStateLW-STEM/2021-02-14-IowaStateLW-STEM.parquet,TRUE,0,934.8674786090852,NA,
JHU_IDD-CovidSP/2021-03-07-JHU_IDD-CovidSP.parquet,TRUE,0,756.4703712463379,NA,
JHUAPL-Bucky/2021-01-25-JHUAPL-Bucky.parquet,TRUE,0,1069.9230062961578,NA,
JHUAPL-SLPHospEns/2021-10-04-JHUAPL-SLPHospEns.parquet,TRUE,0,55.82049512863159,NA,
KITmetricslab-select_ensemble/2021-07-26-KITmetricslab-select_ensemble.parquet,TRUE,0,18.316365480422977,NA,
LANL-GrowthRate/2021-08-16-LANL-GrowthRate.parquet,TRUE,0,788.6037306785583,NA,
Microsoft-DeepSTIA/2022-11-07-Microsoft-DeepSTIA.parquet,TRUE,0,128.48157382011414,NA,
MIT_ISOLAT-Mixtures/2023-01-02-MIT_ISOLAT-Mixtures.parquet,TRUE,0,11.587533712387083,NA,
MOBS-GLEAM_COVID/2021-10-25-MOBS-GLEAM_COVID.parquet,TRUE,0,76.86459064483643,NA,
MUNI-ARIMA/2022-10-10-MUNI-ARIMA.parquet,TRUE,0,74.90745759010315,NA,
PandemicCentral-COVIDForest/2021-11-20-PandemicCentral-COVIDForest.parquet,TRUE,0,476.2295687198639,NA,
PSI-DICE/2023-08-14-PSI-DICE.parquet,TRUE,0,30.093204259872437,NA,
QJHong-Encounter/2020-09-27-QJHong-Encounter.parquet,FALSE,1,5.472597360610962,"?: Required task ID/output type/output type ID combinations missing.  
 See `missing` attribute for details.",
RobertWalraven-ESG/2022-05-16-RobertWalraven-ESG.parquet,TRUE,0,20.81773281097412,NA,
SigSci-TS/2021-04-12-SigSci-TS.parquet,TRUE,0,19.38362407684326,NA,
TTU-squider/2021-04-25-TTU-squider.parquet,TRUE,0,7.568935632705688,NA,
UCF-AEM/2021-06-13-UCF-AEM.parquet,TRUE,0,5.329296827316284,NA,
UCM_MESALab-FoGSEIR/2021-03-21-UCM_MESALab-FoGSEIR.parquet,TRUE,0,5.310989141464233,NA,
UMass-gbq/2023-09-11-UMass-gbq.parquet,TRUE,0,29.688558340072632,NA,
UMass-sarix/2023-10-02-UMass-sarix.parquet,TRUE,0,20.467507123947144,NA,
UMich-RidgeTfReg/2021-07-12-UMich-RidgeTfReg.parquet,TRUE,0,18.512593507766724,NA,
USC-SI_kJalpha/2022-07-17-USC-SI_kJalpha.parquet,TRUE,0,217.80334877967832,NA,
UT-Osiris/2024-04-22-UT-Osiris.parquet,TRUE,0,18.726113080978394,NA,
YYG-ParamSearch/2020-04-27-YYG-ParamSearch.parquet,TRUE,0,12.64900517463684,NA,
AIpert-pwllnod/2022-01-24-AIpert-pwllnod.parquet,TRUE,0,19.205512046813965,NA,
CDDEP-SEIR_MCMC/2020-07-26-CDDEP-SEIR_MCMC.parquet,TRUE,0,276.75747084617615,NA,
CMU-TimeSeries/2020-11-23-CMU-TimeSeries.parquet,TRUE,0,35.58788323402405,NA,
Columbia_UNC-SurvCon/2021-05-16-Columbia_UNC-SurvCon.parquet,TRUE,0,5.352999448776245,NA,
COVIDhub_CDC-ensemble/2020-09-14-COVIDhub_CDC-ensemble.parquet,TRUE,0,445.645231962204,NA,
COVIDhub-4_week_ensemble/2020-07-13-COVIDhub-4_week_ensemble.parquet,TRUE,0,9.785668849945068,NA,
COVIDhub-baseline/2020-04-20-COVIDhub-baseline.parquet,TRUE,0,9.770811080932615,NA,
COVIDhub-baseline/2024-02-19-COVIDhub-baseline.parquet,TRUE,0,29.587830543518063,NA,
COVIDhub-ensemble/2023-12-11-COVIDhub-ensemble.parquet,TRUE,0,16.311962127685547,NA,
CU-nochange/2020-07-26-CU-nochange.parquet,TRUE,0,717.2207462787628,NA,
CU-scenario_high/2020-11-05-CU-scenario_high.parquet,TRUE,0,691.4657995700836,NA,
CU-scenario_low/2022-10-23-CU-scenario_low.parquet,TRUE,0,705.4086430072784,NA,
CU-select/2020-05-17-CU-select.parquet,TRUE,0,5.8653564453125,NA,
CUB_PopCouncil-SLSTM/2022-10-08-CUB_PopCouncil-SLSTM.parquet,TRUE,0,54.83797836303711,NA,
DDS-NBDS/2021-12-27-DDS-NBDS.parquet,TRUE,0,10.945431232452393,NA,
FAIR-NRAR/2021-04-01-FAIR-NRAR.parquet,TRUE,0,474.89465618133545,NA,
FAIR-NRAR/2021-12-16-FAIR-NRAR.parquet,TRUE,0,458.3706901073456,NA,
Google_Harvard-CPF/2020-11-15-Google_Harvard-CPF.parquet,TRUE,0,152.15591096878052,NA,
GT-DeepCOVID/2022-08-08-GT-DeepCOVID.parquet,TRUE,0,56.1892032623291,NA,
IEM_MED-CovidProject/2021-08-09-IEM_MED-CovidProject.parquet,TRUE,0,15.777371883392334,NA,
IowaStateLW-STEM/2021-02-21-IowaStateLW-STEM.parquet,TRUE,0,945.7723338603972,NA,
JHU_IDD-CovidSP/2021-03-14-JHU_IDD-CovidSP.parquet,TRUE,0,777.536393404007,NA,
JHUAPL-Bucky/2021-02-01-JHUAPL-Bucky.parquet,TRUE,0,1058.9750473499298,NA,
JHUAPL-SLPHospEns/2021-10-11-JHUAPL-SLPHospEns.parquet,TRUE,0,60.275917530059814,NA,
KITmetricslab-select_ensemble/2021-08-02-KITmetricslab-select_ensemble.parquet,TRUE,0,20.547850131988525,NA,
LANL-GrowthRate/2021-08-23-LANL-GrowthRate.parquet,TRUE,0,844.2260873317719,NA,
Microsoft-DeepSTIA/2022-11-14-Microsoft-DeepSTIA.parquet,TRUE,0,119.31349563598631,NA,
MIT_ISOLAT-Mixtures/2023-01-09-MIT_ISOLAT-Mixtures.parquet,TRUE,0,11.134679555892944,NA,
MOBS-GLEAM_COVID/2021-11-01-MOBS-GLEAM_COVID.parquet,TRUE,0,68.39267230033875,NA,
MUNI-ARIMA/2022-10-17-MUNI-ARIMA.parquet,TRUE,0,63.203938722610474,NA,
PandemicCentral-COVIDForest/2021-11-28-PandemicCentral-COVIDForest.parquet,TRUE,0,450.4036583900452,NA,
PSI-DICE/2023-08-21-PSI-DICE.parquet,TRUE,0,26.56997561454773,NA,
QJHong-Encounter/2020-10-04-QJHong-Encounter.parquet,FALSE,1,5.253605365753174,"?: Required task ID/output type/output type ID combinations missing.  
 See `missing` attribute for details.",
RobertWalraven-ESG/2022-05-22-RobertWalraven-ESG.parquet,TRUE,0,18.757368087768555,NA,
SteveMcConnell-CovidComplete/2020-08-22-SteveMcConnell-CovidComplete.parquet,TRUE,0,7.595271348953247,NA,
TTU-squider/2021-05-02-TTU-squider.parquet,TRUE,0,6.827555418014526,NA,
UCF-AEM/2021-06-20-UCF-AEM.parquet,TRUE,0,5.113266706466675,NA,
UCM_MESALab-FoGSEIR/2021-03-28-UCM_MESALab-FoGSEIR.parquet,TRUE,0,4.878347635269165,NA,
UMass-gbq/2023-09-18-UMass-gbq.parquet,TRUE,0,27.027354955673218,NA,
UMass-sarix/2023-10-16-UMass-sarix.parquet,TRUE,0,19.24330186843872,NA,
UMich-RidgeTfReg/2021-07-19-UMich-RidgeTfReg.parquet,TRUE,0,17.142622470855713,NA,
USC-SI_kJalpha/2022-07-24-USC-SI_kJalpha.parquet,TRUE,0,190.1625247001648,NA,
UT-Osiris/2024-04-29-UT-Osiris.parquet,TRUE,0,18.058554649353027,NA,3
YYG-ParamSearch/2020-04-28-YYG-ParamSearch.parquet,TRUE,0,12.09033989906311,NA,
AIpert-pwllnod/2022-01-31-AIpert-pwllnod.parquet,TRUE,0,20.48460841178894,NA,
CDDEP-SEIR_MCMC/2020-08-02-CDDEP-SEIR_MCMC.parquet,TRUE,0,302.99830961227417,NA,
CMU-TimeSeries/2020-11-30-CMU-TimeSeries.parquet,TRUE,0,38.74829435348511,NA,
Columbia_UNC-SurvCon/2021-05-30-Columbia_UNC-SurvCon.parquet,TRUE,0,5.774380207061768,NA,
COVIDhub_CDC-ensemble/2020-09-21-COVIDhub_CDC-ensemble.parquet,TRUE,0,506.4306242465973,NA,
COVIDhub-4_week_ensemble/2020-07-20-COVIDhub-4_week_ensemble.parquet,TRUE,0,10.43668293952942,NA,
COVIDhub-baseline/2020-04-27-COVIDhub-baseline.parquet,TRUE,0,10.737125873565674,NA,
COVIDhub-baseline/2024-02-26-COVIDhub-baseline.parquet,TRUE,0,33.655200719833374,NA,
COVIDhub-ensemble/2023-12-18-COVIDhub-ensemble.parquet,TRUE,0,18.461023330688477,NA,
CU-nochange/2020-08-02-CU-nochange.parquet,TRUE,0,784.7227931022644,NA,
CU-scenario_high/2020-11-08-CU-scenario_high.parquet,TRUE,0,784.3306019306183,NA,
CU-scenario_low/2022-10-30-CU-scenario_low.parquet,TRUE,0,765.6081953048706,NA,
CU-select/2020-05-21-CU-select.parquet,TRUE,0,5.841217041015625,NA,
CUB_PopCouncil-SLSTM/2022-10-15-CUB_PopCouncil-SLSTM.parquet,TRUE,0,65.91779613494873,NA,
DDS-NBDS/2022-01-03-DDS-NBDS.parquet,TRUE,0,12.980791091918944,NA,
FAIR-NRAR/2021-04-02-FAIR-NRAR.parquet,TRUE,0,486.4406929016113,NA,
FAIR-NRAR/2021-12-19-FAIR-NRAR.parquet,TRUE,0,479.9809606075287,NA,
Google_Harvard-CPF/2020-11-22-Google_Harvard-CPF.parquet,TRUE,0,172.37506890296936,NA,
GT-DeepCOVID/2022-08-15-GT-DeepCOVID.parquet,TRUE,0,63.959969997406006,NA,
IEM_MED-CovidProject/2021-08-16-IEM_MED-CovidProject.parquet,TRUE,0,17.23259162902832,NA,
IowaStateLW-STEM/2021-02-28-IowaStateLW-STEM.parquet,TRUE,0,1007.8525459766388,NA,
JHU_IDD-CovidSP/2021-03-21-JHU_IDD-CovidSP.parquet,TRUE,0,802.5339465141296,NA,
JHUAPL-Bucky/2021-02-08-JHUAPL-Bucky.parquet,TRUE,0,1150.7802801132202,NA,
JHUAPL-SLPHospEns/2021-10-18-JHUAPL-SLPHospEns.parquet,TRUE,0,59.78034806251526,NA,
KITmetricslab-select_ensemble/2021-08-09-KITmetricslab-select_ensemble.parquet,TRUE,0,20.73007345199585,NA,
LANL-GrowthRate/2021-08-30-LANL-GrowthRate.parquet,TRUE,0,830.8412907123566,NA,
Microsoft-DeepSTIA/2022-11-21-Microsoft-DeepSTIA.parquet,TRUE,0,132.40143847465515,NA,
MIT_ISOLAT-Mixtures/2023-01-16-MIT_ISOLAT-Mixtures.parquet,TRUE,0,12.420276403427124,NA,
MOBS-GLEAM_COVID/2021-11-08-MOBS-GLEAM_COVID.parquet,TRUE,0,12.745989799499512,NA,
MUNI-ARIMA/2022-10-24-MUNI-ARIMA.parquet,TRUE,0,76.56113862991333,NA,
PandemicCentral-COVIDForest/2021-12-05-PandemicCentral-COVIDForest.parquet,TRUE,0,482.94027185440063,NA,
PSI-DICE/2023-08-28-PSI-DICE.parquet,TRUE,0,30.393949270248413,NA,
QJHong-Encounter/2020-10-11-QJHong-Encounter.parquet,FALSE,1,5.800755023956299,"?: Required task ID/output type/output type ID combinations missing.  
 See `missing` attribute for details.",
RobertWalraven-ESG/2022-05-30-RobertWalraven-ESG.parquet,TRUE,0,20.68017339706421,NA,
SteveMcConnell-CovidComplete/2020-08-23-SteveMcConnell-CovidComplete.parquet,TRUE,0,11.45803427696228,NA,
TTU-squider/2021-05-09-TTU-squider.parquet,TRUE,0,7.500229358673096,NA,
UCF-AEM/2021-06-27-UCF-AEM.parquet,TRUE,0,5.434460878372192,NA,
UCM_MESALab-FoGSEIR/2021-04-04-UCM_MESALab-FoGSEIR.parquet,TRUE,0,5.405156850814819,NA,
UMass-gbq/2023-09-25-UMass-gbq.parquet,TRUE,0,30.15939426422119,NA,
UMass-sarix/2023-10-23-UMass-sarix.parquet,TRUE,0,21.157485246658325,NA,
UMich-RidgeTfReg/2021-07-26-UMich-RidgeTfReg.parquet,TRUE,0,19.04719614982605,NA,
USC-SI_kJalpha/2022-07-31-USC-SI_kJalpha.parquet,TRUE,0,219.6554205417633,NA,
UVA-Ensemble/2020-07-27-UVA-Ensemble.parquet,TRUE,0,26.84160804748535,NA,
YYG-ParamSearch/2020-04-29-YYG-ParamSearch.parquet,TRUE,0,15.244946002960203,NA,
AIpert-pwllnod/2022-02-07-AIpert-pwllnod.parquet,TRUE,0,20.38915753364563,NA,
CDDEP-SEIR_MCMC/2020-08-09-CDDEP-SEIR_MCMC.parquet,TRUE,0,299.5165660381317,NA,
CMU-TimeSeries/2020-12-07-CMU-TimeSeries.parquet,TRUE,0,39.00327157974243,NA,
Columbia_UNC-SurvCon/2021-06-20-Columbia_UNC-SurvCon.parquet,TRUE,0,5.705203294754028,NA,
COVIDhub_CDC-ensemble/2020-09-28-COVIDhub_CDC-ensemble.parquet,TRUE,0,508.0009055137634,NA,
COVIDhub-4_week_ensemble/2020-07-27-COVIDhub-4_week_ensemble.parquet,TRUE,0,509.4645371437073,NA,
COVIDhub-baseline/2020-05-04-COVIDhub-baseline.parquet,TRUE,0,10.81072187423706,NA,
COVIDhub-baseline/2024-03-04-COVIDhub-baseline.parquet,TRUE,0,32.109843492507935,NA,
COVIDhub-ensemble/2023-12-25-COVIDhub-ensemble.parquet,TRUE,0,17.530540943145752,NA,
CU-nochange/2020-08-06-CU-nochange.parquet,TRUE,0,793.0566647052765,NA,
CU-scenario_high/2020-11-12-CU-scenario_high.parquet,TRUE,0,796.229238986969,NA,
CU-scenario_low/2022-11-06-CU-scenario_low.parquet,TRUE,0,769.4038465023041,NA,
CU-select/2020-05-24-CU-select.parquet,TRUE,0,6.2842817306518555,NA,
CUB_PopCouncil-SLSTM/2022-10-22-CUB_PopCouncil-SLSTM.parquet,TRUE,0,60.13575291633606,NA,
DDS-NBDS/2022-01-10-DDS-NBDS.parquet,TRUE,0,12.053685665130615,NA,
FAIR-NRAR/2021-04-03-FAIR-NRAR.parquet,TRUE,0,496.4202630519867,NA,
FAIR-NRAR/2021-12-20-FAIR-NRAR.parquet,TRUE,0,491.868768453598,NA,
Google_Harvard-CPF/2020-11-29-Google_Harvard-CPF.parquet,TRUE,0,170.20542907714844,NA,
GT-DeepCOVID/2022-08-22-GT-DeepCOVID.parquet,TRUE,0,56.71453785896301,NA,
IEM_MED-CovidProject/2021-08-23-IEM_MED-CovidProject.parquet,TRUE,0,16.794442892074585,NA,
IowaStateLW-STEM/2021-03-07-IowaStateLW-STEM.parquet,TRUE,0,1047.152131319046,NA,
JHU_IDD-CovidSP/2021-03-28-JHU_IDD-CovidSP.parquet,TRUE,0,832.224636554718,NA,
JHUAPL-Bucky/2021-02-15-JHUAPL-Bucky.parquet,TRUE,0,1189.2270958423617,NA,
JHUAPL-SLPHospEns/2021-10-25-JHUAPL-SLPHospEns.parquet,TRUE,0,58.13277101516723,NA,
KITmetricslab-select_ensemble/2021-08-16-KITmetricslab-select_ensemble.parquet,TRUE,0,19.598925590515137,NA,
LANL-GrowthRate/2021-09-06-LANL-GrowthRate.parquet,TRUE,0,853.7124218940735,NA,
Microsoft-DeepSTIA/2022-11-28-Microsoft-DeepSTIA.parquet,TRUE,0,120.3333864212036,NA,
MIT_ISOLAT-Mixtures/2023-01-23-MIT_ISOLAT-Mixtures.parquet,TRUE,0,9.797780513763428,NA,
MOBS-GLEAM_COVID/2021-11-15-MOBS-GLEAM_COVID.parquet,TRUE,0,11.427470445632936,NA,
MUNI-ARIMA/2022-10-31-MUNI-ARIMA.parquet,TRUE,0,66.30017352104187,NA,
PandemicCentral-COVIDForest/2021-12-12-PandemicCentral-COVIDForest.parquet,TRUE,0,489.6145942211151,NA,
PSI-DICE/2023-09-04-PSI-DICE.parquet,TRUE,0,30.57414293289185,NA,
QJHong-Encounter/2020-10-18-QJHong-Encounter.parquet,FALSE,1,5.603296995162964,"?: Required task ID/output type/output type ID combinations missing.  
 See `missing` attribute for details.",
RobertWalraven-ESG/2022-06-06-RobertWalraven-ESG.parquet,TRUE,0,20.92645287513733,NA,
SteveMcConnell-CovidComplete/2020-08-24-SteveMcConnell-CovidComplete.parquet,TRUE,0,11.99709129333496,NA,
TTU-squider/2021-05-16-TTU-squider.parquet,TRUE,0,7.659019231796265,NA,
UCF-AEM/2021-07-04-UCF-AEM.parquet,TRUE,0,5.255123615264893,NA,
UCM_MESALab-FoGSEIR/2021-04-11-UCM_MESALab-FoGSEIR.parquet,TRUE,0,5.13946533203125,NA,
UMass-gbq/2023-10-02-UMass-gbq.parquet,TRUE,0,28.74828600883484,NA,
UMass-sarix/2023-10-30-UMass-sarix.parquet,TRUE,0,20.945761680603027,NA,
UMich-RidgeTfReg/2021-08-02-UMich-RidgeTfReg.parquet,TRUE,0,18.166980266571045,NA,
USC-SI_kJalpha/2022-08-07-USC-SI_kJalpha.parquet,TRUE,0,185.91787886619568,NA,
UVA-Ensemble/2020-08-03-UVA-Ensemble.parquet,TRUE,0,24.08382558822632,NA,
YYG-ParamSearch/2020-04-30-YYG-ParamSearch.parquet,TRUE,0,13.429335594177246,NA,
AIpert-pwllnod/2022-02-14-AIpert-pwllnod.parquet,TRUE,0,20.749164819717407,NA,
CDDEP-SEIR_MCMC/2020-08-16-CDDEP-SEIR_MCMC.parquet,TRUE,0,308.83290004730225,NA,
CMU-TimeSeries/2020-12-14-CMU-TimeSeries.parquet,TRUE,0,39.58277869224548,NA,
Columbia_UNC-SurvCon/2021-06-27-Columbia_UNC-SurvCon.parquet,TRUE,0,5.781820297241211,NA,
COVIDhub_CDC-ensemble/2020-10-05-COVIDhub_CDC-ensemble.parquet,TRUE,0,519.974794626236,NA,
COVIDhub-4_week_ensemble/2020-08-03-COVIDhub-4_week_ensemble.parquet,TRUE,0,522.7972958087921,NA,
COVIDhub-baseline/2020-05-11-COVIDhub-baseline.parquet,TRUE,0,10.993748426437378,NA,
COVIDhub-baseline/2024-03-11-COVIDhub-baseline.parquet,TRUE,0,33.17608952522278,NA,
COVIDhub-ensemble/2024-01-01-COVIDhub-ensemble.parquet,TRUE,0,18.298540592193604,NA,
CU-nochange/2020-08-09-CU-nochange.parquet,TRUE,0,814.5087826251984,NA,
CU-scenario_high/2020-11-15-CU-scenario_high.parquet,TRUE,0,823.5444819927216,NA,
CU-scenario_low/2022-11-13-CU-scenario_low.parquet,TRUE,0,830.3760049343109,NA,
CU-select/2020-05-28-CU-select.parquet,TRUE,0,5.817429065704346,NA,
CUB_PopCouncil-SLSTM/2022-10-29-CUB_PopCouncil-SLSTM.parquet,TRUE,0,64.72742795944214,NA,
DDS-NBDS/2022-01-17-DDS-NBDS.parquet,TRUE,0,12.08450984954834,NA,
FAIR-NRAR/2021-04-04-FAIR-NRAR.parquet,TRUE,0,479.8528754711151,NA,
FAIR-NRAR/2021-12-21-FAIR-NRAR.parquet,TRUE,0,503.2818593978882,NA,
Google_Harvard-CPF/2020-12-06-Google_Harvard-CPF.parquet,TRUE,0,170.07241082191467,NA,
GT-DeepCOVID/2022-08-29-GT-DeepCOVID.parquet,TRUE,0,65.32158160209656,NA,
IEM_MED-CovidProject/2021-08-30-IEM_MED-CovidProject.parquet,TRUE,0,17.94922375679016,NA,
IowaStateLW-STEM/2021-03-14-IowaStateLW-STEM.parquet,TRUE,0,1049.2868003845217,NA,
JHU_IDD-CovidSP/2021-04-04-JHU_IDD-CovidSP.parquet,TRUE,0,773.8125259876251,NA,
JHUAPL-Bucky/2021-02-22-JHUAPL-Bucky.parquet,TRUE,0,1165.6909928321838,NA,
JHUAPL-SLPHospEns/2021-11-01-JHUAPL-SLPHospEns.parquet,TRUE,0,58.67054033279419,NA,
KITmetricslab-select_ensemble/2021-08-23-KITmetricslab-select_ensemble.parquet,TRUE,0,19.404914379119873,NA,
LANL-GrowthRate/2021-09-13-LANL-GrowthRate.parquet,TRUE,0,846.8688781261444,NA,
Microsoft-DeepSTIA/2022-12-05-Microsoft-DeepSTIA.parquet,TRUE,0,123.57440233230592,NA,
MIT_ISOLAT-Mixtures/2023-01-30-MIT_ISOLAT-Mixtures.parquet,TRUE,0,10.507447242736816,NA,
MOBS-GLEAM_COVID/2021-12-20-MOBS-GLEAM_COVID.parquet,TRUE,0,11.608144521713257,NA,
MUNI-ARIMA/2022-11-07-MUNI-ARIMA.parquet,TRUE,0,70.88570928573608,NA,
PandemicCentral-COVIDForest/2021-12-21-PandemicCentral-COVIDForest.parquet,TRUE,0,529.7361059188843,NA,
PSI-DICE/2023-09-11-PSI-DICE.parquet,TRUE,0,30.014403104782104,NA,
QJHong-Encounter/2020-10-25-QJHong-Encounter.parquet,FALSE,1,5.60584568977356,"?: Required task ID/output type/output type ID combinations missing.  
 See `missing` attribute for details.",
RobertWalraven-ESG/2022-06-12-RobertWalraven-ESG.parquet,TRUE,0,20.70122218132019,NA,
SteveMcConnell-CovidComplete/2020-08-30-SteveMcConnell-CovidComplete.parquet,TRUE,0,11.59612274169922,NA,
TTU-squider/2021-05-23-TTU-squider.parquet,TRUE,0,7.458009243011475,NA,
UCF-AEM/2021-07-11-UCF-AEM.parquet,TRUE,0,5.61025333404541,NA,
UCM_MESALab-FoGSEIR/2021-04-18-UCM_MESALab-FoGSEIR.parquet,TRUE,0,5.457434177398682,NA,
UMass-gbq/2023-10-09-UMass-gbq.parquet,TRUE,0,30.826093196868896,NA,
UMass-sarix/2023-11-06-UMass-sarix.parquet,TRUE,0,21.888513326644897,NA,
UMich-RidgeTfReg/2021-08-16-UMich-RidgeTfReg.parquet,TRUE,0,19.73658967018127,NA,
USC-SI_kJalpha/2022-08-14-USC-SI_kJalpha.parquet,TRUE,0,207.61985754966736,NA,
UVA-Ensemble/2020-08-10-UVA-Ensemble.parquet,TRUE,0,24.21944260597229,NA,
YYG-ParamSearch/2020-05-01-YYG-ParamSearch.parquet,TRUE,0,12.625794172286987,NA,
AIpert-pwllnod/2022-02-28-AIpert-pwllnod.parquet,TRUE,0,20.565764904022217,NA,
CEID-Walk/2020-08-09-CEID-Walk.parquet,TRUE,0,518.5891060829163,NA,
CMU-TimeSeries/2020-12-21-CMU-TimeSeries.parquet,TRUE,0,41.22882294654846,NA,
Columbia_UNC-SurvCon/2021-07-04-Columbia_UNC-SurvCon.parquet,TRUE,0,5.739344835281372,NA,
COVIDhub_CDC-ensemble/2020-10-12-COVIDhub_CDC-ensemble.parquet,TRUE,0,529.3676307201385,NA,
COVIDhub-4_week_ensemble/2020-08-10-COVIDhub-4_week_ensemble.parquet,TRUE,0,497.5800886154175,NA,
COVIDhub-baseline/2020-05-18-COVIDhub-baseline.parquet,TRUE,0,10.607575178146362,NA,
COVIDhub-baseline/2024-03-18-COVIDhub-baseline.parquet,TRUE,0,31.763601303100582,NA,
COVIDhub-ensemble/2024-01-08-COVIDhub-ensemble.parquet,TRUE,0,17.931480646133423,NA,
CU-nochange/2020-08-13-CU-nochange.parquet,TRUE,0,820.8648571968079,NA,
CU-scenario_high/2020-11-19-CU-scenario_high.parquet,TRUE,0,814.6381177902222,NA,
CU-scenario_low/2022-11-27-CU-scenario_low.parquet,TRUE,0,797.2585906982422,NA,
CU-select/2020-05-31-CU-select.parquet,TRUE,0,6.841364145278931,NA,
CUB_PopCouncil-SLSTM/2022-11-05-CUB_PopCouncil-SLSTM.parquet,TRUE,0,62.53214359283447,NA,
DDS-NBDS/2022-01-31-DDS-NBDS.parquet,TRUE,0,13.092790842056274,NA,
FAIR-NRAR/2021-04-05-FAIR-NRAR.parquet,TRUE,0,475.93789410591125,NA,
FAIR-NRAR/2021-12-27-FAIR-NRAR.parquet,TRUE,0,476.5277752876282,NA,
Google_Harvard-CPF/2020-12-13-Google_Harvard-CPF.parquet,TRUE,0,169.9534125328064,NA,
GT-DeepCOVID/2022-09-05-GT-DeepCOVID.parquet,TRUE,0,65.87464785575867,NA,
IEM_MED-CovidProject/2021-09-06-IEM_MED-CovidProject.parquet,TRUE,0,17.72890567779541,NA,
IowaStateLW-STEM/2021-03-21-IowaStateLW-STEM.parquet,TRUE,0,1008.444922208786,NA,
JHU_IDD-CovidSP/2021-04-11-JHU_IDD-CovidSP.parquet,TRUE,0,857.0022475719452,NA,
JHUAPL-Bucky/2021-03-01-JHUAPL-Bucky.parquet,TRUE,0,1135.1532726287842,NA,
JHUAPL-SLPHospEns/2021-11-22-JHUAPL-SLPHospEns.parquet,TRUE,0,58.18192434310913,NA,
KITmetricslab-select_ensemble/2021-08-30-KITmetricslab-select_ensemble.parquet,TRUE,0,19.764178037643433,NA,
LANL-GrowthRate/2021-09-20-LANL-GrowthRate.parquet,TRUE,0,812.8095359802246,NA,
Microsoft-DeepSTIA/2023-01-09-Microsoft-DeepSTIA.parquet,TRUE,0,125.58244371414185,NA,
MIT_ISOLAT-Mixtures/2023-02-06-MIT_ISOLAT-Mixtures.parquet,TRUE,0,11.44733738899231,NA,
MOBS-GLEAM_COVID/2021-12-27-MOBS-GLEAM_COVID.parquet,TRUE,0,13.210997819900513,NA,
MUNI-ARIMA/2022-11-14-MUNI-ARIMA.parquet,TRUE,0,71.8616042137146,NA,
PandemicCentral-COVIDForest/2021-12-25-PandemicCentral-COVIDForest.parquet,TRUE,0,466.9297206401825,NA,
PSI-DICE/2023-09-18-PSI-DICE.parquet,TRUE,0,28.76580309867859,NA,
QJHong-Encounter/2020-11-01-QJHong-Encounter.parquet,FALSE,1,5.848877429962158,"?: Required task ID/output type/output type ID combinations missing.  
 See `missing` attribute for details.",
RobertWalraven-ESG/2022-06-20-RobertWalraven-ESG.parquet,TRUE,0,20.23208284378052,NA,
SteveMcConnell-CovidComplete/2020-08-31-SteveMcConnell-CovidComplete.parquet,TRUE,0,11.286725759506226,NA,
TTU-squider/2021-05-30-TTU-squider.parquet,TRUE,0,7.520757436752319,NA,
UCF-AEM/2021-07-18-UCF-AEM.parquet,TRUE,0,5.329618453979492,NA,
UCM_MESALab-FoGSEIR/2021-04-25-UCM_MESALab-FoGSEIR.parquet,TRUE,0,5.180966854095459,NA,
UMass-gbq/2023-10-16-UMass-gbq.parquet,TRUE,0,29.750046968460083,NA,
UMass-sarix/2023-11-13-UMass-sarix.parquet,TRUE,0,21.11673665046692,NA,
UMich-RidgeTfReg/2021-08-23-UMich-RidgeTfReg.parquet,TRUE,0,18.8770751953125,NA,
USC-SI_kJalpha/2022-08-21-USC-SI_kJalpha.parquet,TRUE,0,214.4171690940857,NA,
UVA-Ensemble/2020-08-17-UVA-Ensemble.parquet,TRUE,0,22.80639934539795,NA,
YYG-ParamSearch/2020-05-02-YYG-ParamSearch.parquet,TRUE,0,17.790266036987305,NA,
AIpert-pwllnod/2022-03-07-AIpert-pwllnod.parquet,TRUE,0,20.52220392227173,NA,
CEID-Walk/2020-08-16-CEID-Walk.parquet,TRUE,0,512.8644397258759,NA,
CMU-TimeSeries/2020-12-28-CMU-TimeSeries.parquet,TRUE,0,38.78333330154419,NA,
Columbia_UNC-SurvCon/2021-07-18-Columbia_UNC-SurvCon.parquet,TRUE,0,5.6575586795806885,NA,
COVIDhub_CDC-ensemble/2020-10-19-COVIDhub_CDC-ensemble.parquet,TRUE,0,525.0039465427399,NA,
COVIDhub-4_week_ensemble/2020-08-17-COVIDhub-4_week_ensemble.parquet,TRUE,0,491.7576684951782,NA,
COVIDhub-baseline/2020-05-25-COVIDhub-baseline.parquet,TRUE,0,10.005443811416626,NA,
COVIDhub-baseline/2024-03-25-COVIDhub-baseline.parquet,TRUE,0,30.055312395095825,NA,
COVIDhub-ensemble/2024-01-15-COVIDhub-ensemble.parquet,TRUE,0,17.05480670928955,NA,
CU-nochange/2020-08-16-CU-nochange.parquet,TRUE,0,809.1575245857239,NA,
CU-scenario_high/2020-11-22-CU-scenario_high.parquet,TRUE,0,810.054233789444,NA,
CU-scenario_low/2022-12-04-CU-scenario_low.parquet,TRUE,0,799.3955945968628,NA,
CU-select/2020-06-04-CU-select.parquet,TRUE,0,5.7128400802612305,NA,
CUB_PopCouncil-SLSTM/2022-11-12-CUB_PopCouncil-SLSTM.parquet,TRUE,0,64.74298691749573,NA,
DDS-NBDS/2022-02-07-DDS-NBDS.parquet,TRUE,0,12.905579566955566,NA,
FAIR-NRAR/2021-04-08-FAIR-NRAR.parquet,TRUE,0,490.619172334671,NA,
FAIR-NRAR/2021-12-29-FAIR-NRAR.parquet,TRUE,0,486.32103753089905,NA,
Google_Harvard-CPF/2020-12-20-Google_Harvard-CPF.parquet,TRUE,0,165.94391751289368,NA,
GT-DeepCOVID/2022-09-12-GT-DeepCOVID.parquet,TRUE,0,66.64397859573364,NA,
IEM_MED-CovidProject/2021-09-13-IEM_MED-CovidProject.parquet,TRUE,0,18.062610626220703,NA,
IowaStateLW-STEM/2021-03-28-IowaStateLW-STEM.parquet,TRUE,0,1021.3580691814424,NA,
JHU_IDD-CovidSP/2021-04-18-JHU_IDD-CovidSP.parquet,TRUE,0,817.9162640571594,NA,
JHUAPL-Bucky/2021-03-08-JHUAPL-Bucky.parquet,TRUE,0,1135.8339807987213,NA,
JHUAPL-SLPHospEns/2021-11-29-JHUAPL-SLPHospEns.parquet,TRUE,0,57.18348956108093,NA,
KITmetricslab-select_ensemble/2021-09-06-KITmetricslab-select_ensemble.parquet,TRUE,0,19.293665170669556,NA,
LANL-GrowthRate/2021-09-27-LANL-GrowthRate.parquet,TRUE,0,844.3827593326569,NA,
Microsoft-DeepSTIA/2023-01-16-Microsoft-DeepSTIA.parquet,TRUE,0,122.34126615524292,NA,
MIT_ISOLAT-Mixtures/2023-02-13-MIT_ISOLAT-Mixtures.parquet,TRUE,0,11.158605575561523,NA,
MOBS-GLEAM_COVID/2022-01-03-MOBS-GLEAM_COVID.parquet,TRUE,0,70.56481409072876,NA,
MUNI-ARIMA/2022-11-21-MUNI-ARIMA.parquet,TRUE,0,72.3844883441925,NA,
PandemicCentral-COVIDForest/2022-01-02-PandemicCentral-COVIDForest.parquet,TRUE,0,480.8014249801636,NA,
PSI-DICE/2023-09-25-PSI-DICE.parquet,TRUE,0,28.592238903045654,NA,
QJHong-Encounter/2020-11-08-QJHong-Encounter.parquet,FALSE,1,5.6524176597595215,"?: Required task ID/output type/output type ID combinations missing.  
 See `missing` attribute for details.",
RobertWalraven-ESG/2022-06-27-RobertWalraven-ESG.parquet,TRUE,0,20.01734399795532,NA,
SteveMcConnell-CovidComplete/2020-09-07-SteveMcConnell-CovidComplete.parquet,TRUE,0,11.238629817962646,NA,
TTU-squider/2021-06-06-TTU-squider.parquet,TRUE,0,7.417937517166138,NA,
UCF-AEM/2021-07-25-UCF-AEM.parquet,TRUE,0,5.470557928085327,NA,
UCM_MESALab-FoGSEIR/2021-05-02-UCM_MESALab-FoGSEIR.parquet,TRUE,0,5.366350173950195,NA,
UMass-gbq/2023-10-23-UMass-gbq.parquet,TRUE,0,29.53600263595581,NA,
UMass-sarix/2023-11-20-UMass-sarix.parquet,TRUE,0,20.978806734085083,NA,
UMich-RidgeTfReg/2021-08-30-UMich-RidgeTfReg.parquet,TRUE,0,18.278491735458378,NA,
USC-SI_kJalpha/2022-08-28-USC-SI_kJalpha.parquet,TRUE,0,183.37200331687927,NA,
UVA-Ensemble/2020-08-24-UVA-Ensemble.parquet,TRUE,0,401.50528144836426,NA,
YYG-ParamSearch/2020-05-03-YYG-ParamSearch.parquet,TRUE,0,18.84160304069519,NA,
AIpert-pwllnod/2022-03-14-AIpert-pwllnod.parquet,TRUE,0,20.608974933624268,NA,
CEID-Walk/2020-08-23-CEID-Walk.parquet,TRUE,0,513.7463209629059,NA,
CMU-TimeSeries/2021-01-04-CMU-TimeSeries.parquet,TRUE,0,40.628475189208984,NA,
Columbia_UNC-SurvCon/2021-07-25-Columbia_UNC-SurvCon.parquet,TRUE,0,5.801982641220093,NA,
COVIDhub_CDC-ensemble/2020-10-26-COVIDhub_CDC-ensemble.parquet,TRUE,0,517.248651266098,NA,
COVIDhub-4_week_ensemble/2020-08-24-COVIDhub-4_week_ensemble.parquet,TRUE,0,490.3472185134888,NA,
COVIDhub-baseline/2020-06-01-COVIDhub-baseline.parquet,TRUE,0,10.15868639945984,NA,
COVIDhub-baseline/2024-04-01-COVIDhub-baseline.parquet,TRUE,0,29.87152600288391,NA,
COVIDhub-ensemble/2024-01-22-COVIDhub-ensemble.parquet,TRUE,0,16.834317445755005,NA,
CU-nochange/2020-08-20-CU-nochange.parquet,TRUE,0,804.0444753170013,NA,
CU-scenario_high/2020-11-29-CU-scenario_high.parquet,TRUE,0,775.7166533470154,NA,
CU-scenario_low/2022-12-11-CU-scenario_low.parquet,TRUE,0,777.0142066478729,NA,
CU-select/2020-06-07-CU-select.parquet,TRUE,0,6.562586069107056,NA,
CUB_PopCouncil-SLSTM/2022-11-19-CUB_PopCouncil-SLSTM.parquet,TRUE,0,58.25523233413696,NA,
DDS-NBDS/2022-02-14-DDS-NBDS.parquet,TRUE,0,12.20745301246643,NA,
FAIR-NRAR/2021-04-10-FAIR-NRAR.parquet,TRUE,0,488.1951432228088,NA,
FAIR-NRAR/2022-01-02-FAIR-NRAR.parquet,TRUE,0,487.4838552474976,NA,
Google_Harvard-CPF/2020-12-27-Google_Harvard-CPF.parquet,FALSE,1,160.76895880699158,"?: Required task ID/output type/output type ID combinations missing.  
 See `missing` attribute for details.",
GT-DeepCOVID/2022-09-19-GT-DeepCOVID.parquet,TRUE,0,65.30830836296082,NA,
IEM_MED-CovidProject/2021-09-20-IEM_MED-CovidProject.parquet,TRUE,0,17.180118322372437,NA,
IowaStateLW-STEM/2021-04-04-IowaStateLW-STEM.parquet,TRUE,0,1021.1535279750824,NA,
JHU_IDD-CovidSP/2021-04-25-JHU_IDD-CovidSP.parquet,TRUE,0,103.09128308296204,NA,
JHUAPL-Bucky/2021-03-15-JHUAPL-Bucky.parquet,TRUE,0,1185.1304268836975,NA,
JHUAPL-SLPHospEns/2021-12-06-JHUAPL-SLPHospEns.parquet,TRUE,0,59.98787784576416,NA,
KITmetricslab-select_ensemble/2021-09-13-KITmetricslab-select_ensemble.parquet,TRUE,0,21.14335298538208,NA,
LNQ-ens1/2020-07-19-LNQ-ens1.parquet,FALSE,1,7.258171081542969,"?: Required task ID/output type/output type ID combinations missing.  
 See `missing` attribute for details.",
Microsoft-DeepSTIA/2023-01-23-Microsoft-DeepSTIA.parquet,TRUE,0,136.31539940834045,NA,
MIT_ISOLAT-Mixtures/2023-02-20-MIT_ISOLAT-Mixtures.parquet,TRUE,0,10.821383714675903,NA,
MOBS-GLEAM_COVID/2022-01-10-MOBS-GLEAM_COVID.parquet,TRUE,0,68.54669833183289,NA,
MUNI-ARIMA/2022-11-28-MUNI-ARIMA.parquet,TRUE,0,80.22089385986328,NA,
PandemicCentral-USCounty/2020-08-05-PandemicCentral-USCounty.parquet,TRUE,0,30.62824010848999,NA,
PSI-DICE/2023-10-02-PSI-DICE.parquet,TRUE,0,31.37257409095764,NA,
QJHong-Encounter/2020-11-15-QJHong-Encounter.parquet,FALSE,1,5.930912256240845,"?: Required task ID/output type/output type ID combinations missing.  
 See `missing` attribute for details.",
RobertWalraven-ESG/2022-07-04-RobertWalraven-ESG.parquet,TRUE,0,21.293941736221313,NA,
SteveMcConnell-CovidComplete/2020-09-13-SteveMcConnell-CovidComplete.parquet,TRUE,0,12.497398376464844,NA,
TTU-squider/2021-06-13-TTU-squider.parquet,TRUE,0,7.905872583389282,NA,
UCF-AEM/2021-08-01-UCF-AEM.parquet,TRUE,0,5.785982847213745,NA,
UCM_MESALab-FoGSEIR/2021-05-09-UCM_MESALab-FoGSEIR.parquet,TRUE,0,5.327408313751221,NA,
UMass-gbq/2023-10-30-UMass-gbq.parquet,TRUE,0,30.75175452232361,NA,
UMass-sarix/2023-11-27-UMass-sarix.parquet,TRUE,0,20.694894552230835,NA,
UMich-RidgeTfReg/2021-09-06-UMich-RidgeTfReg.parquet,TRUE,0,19.79797339439392,NA,
USC-SI_kJalpha/2022-09-04-USC-SI_kJalpha.parquet,TRUE,0,187.37134623527527,NA,
UVA-Ensemble/2020-08-31-UVA-Ensemble.parquet,TRUE,0,438.6692643165589,NA,
YYG-ParamSearch/2020-05-04-YYG-ParamSearch.parquet,TRUE,0,21.91099762916565,NA,
AIpert-pwllnod/2022-03-21-AIpert-pwllnod.parquet,TRUE,0,20.470901012420654,NA,
CEID-Walk/2020-08-30-CEID-Walk.parquet,TRUE,0,512.8221945762634,NA,
CMU-TimeSeries/2021-01-10-CMU-TimeSeries.parquet,TRUE,0,38.74315905570984,NA,
Columbia_UNC-SurvCon/2021-08-01-Columbia_UNC-SurvCon.parquet,TRUE,0,5.3869469165802,NA,
COVIDhub_CDC-ensemble/2020-11-02-COVIDhub_CDC-ensemble.parquet,TRUE,0,512.0337660312653,NA,
COVIDhub-4_week_ensemble/2020-08-31-COVIDhub-4_week_ensemble.parquet,TRUE,0,509.5394225120544,NA,
COVIDhub-baseline/2020-06-08-COVIDhub-baseline.parquet,TRUE,0,9.968565702438354,NA,
COVIDhub-baseline/2024-04-08-COVIDhub-baseline.parquet,TRUE,0,30.54548168182373,NA,
COVIDhub-ensemble/2024-01-29-COVIDhub-ensemble.parquet,TRUE,0,16.983620643615723,NA,
CU-nochange/2020-08-23-CU-nochange.parquet,TRUE,0,798.9270231723785,NA,
CU-scenario_high/2020-12-03-CU-scenario_high.parquet,TRUE,0,759.2994992733002,NA,
CU-scenario_low/2022-12-18-CU-scenario_low.parquet,TRUE,0,767.7133102416992,NA,
CU-select/2020-06-11-CU-select.parquet,TRUE,0,5.6897571086883545,NA,
CUB_PopCouncil-SLSTM/2022-11-26-CUB_PopCouncil-SLSTM.parquet,TRUE,0,58.40563106536865,NA,
DDS-NBDS/2022-03-07-DDS-NBDS.parquet,TRUE,0,12.068717956542969,NA,
FAIR-NRAR/2021-04-11-FAIR-NRAR.parquet,TRUE,0,487.71536779403687,NA,
FAIR-NRAR/2022-01-03-FAIR-NRAR.parquet,TRUE,0,490.3022856712342,NA,
Google_Harvard-CPF/2021-01-03-Google_Harvard-CPF.parquet,TRUE,0,163.27366662025452,NA,
GT-DeepCOVID/2022-09-26-GT-DeepCOVID.parquet,TRUE,0,61.83004832267761,NA,
IEM_MED-CovidProject/2021-09-27-IEM_MED-CovidProject.parquet,TRUE,0,16.473838329315186,NA,
IowaStateLW-STEM/2021-04-11-IowaStateLW-STEM.parquet,TRUE,0,1022.3959515094756,NA,
JHU_IDD-CovidSP/2021-05-02-JHU_IDD-CovidSP.parquet,TRUE,0,106.93514847755432,NA,
JHUAPL-Bucky/2021-03-22-JHUAPL-Bucky.parquet,TRUE,0,1124.7872083187103,NA,
JHUAPL-SLPHospEns/2021-12-13-JHUAPL-SLPHospEns.parquet,TRUE,0,57.847654581069946,NA,
KITmetricslab-select_ensemble/2021-09-20-KITmetricslab-select_ensemble.parquet,TRUE,0,20.063976764678955,NA,
LNQ-ens1/2020-07-26-LNQ-ens1.parquet,FALSE,1,501.7595613002777,"?: Required task ID/output type/output type ID combinations missing.  
 See `missing` attribute for details.",
Microsoft-DeepSTIA/2023-01-30-Microsoft-DeepSTIA.parquet,TRUE,0,122.47304558753969,NA,
MIT_ISOLAT-Mixtures/2023-02-27-MIT_ISOLAT-Mixtures.parquet,TRUE,0,10.633105278015137,NA,
MOBS-GLEAM_COVID/2022-01-17-MOBS-GLEAM_COVID.parquet,TRUE,0,66.06139254570007,NA,
MUNI-ARIMA/2022-12-05-MUNI-ARIMA.parquet,TRUE,0,70.68276858329773,NA,
PandemicCentral-USCounty/2020-08-08-PandemicCentral-USCounty.parquet,TRUE,0,30.6515588760376,NA,
PSI-DICE/2023-10-09-PSI-DICE.parquet,TRUE,0,31.178155422210693,NA,
QJHong-Encounter/2020-11-22-QJHong-Encounter.parquet,FALSE,1,5.726295232772827,"?: Required task ID/output type/output type ID combinations missing.  
 See `missing` attribute for details.",
RobertWalraven-ESG/2022-07-11-RobertWalraven-ESG.parquet,TRUE,0,21.493587493896484,NA,
SteveMcConnell-CovidComplete/2020-09-14-SteveMcConnell-CovidComplete.parquet,TRUE,0,11.835118770599363,NA,
TTU-squider/2021-06-20-TTU-squider.parquet,TRUE,0,8.004993200302124,NA,
UCF-AEM/2021-08-08-UCF-AEM.parquet,TRUE,0,5.606393337249756,NA,
UCM_MESALab-FoGSEIR/2021-05-16-UCM_MESALab-FoGSEIR.parquet,TRUE,0,5.478627443313599,NA,
UMass-gbq/2023-11-06-UMass-gbq.parquet,TRUE,0,32.10804581642151,NA,
UMass-sarix/2023-12-04-UMass-sarix.parquet,TRUE,0,21.337640047073364,NA,
UMich-RidgeTfReg/2021-09-13-UMich-RidgeTfReg.parquet,TRUE,0,19.25432276725769,NA,
USC-SI_kJalpha/2022-09-11-USC-SI_kJalpha.parquet,TRUE,0,190.10297870635983,NA,
UVA-Ensemble/2020-09-07-UVA-Ensemble.parquet,TRUE,0,431.706029176712,NA,
YYG-ParamSearch/2020-05-05-YYG-ParamSearch.parquet,TRUE,0,20.9051456451416,NA,
AIpert-pwllnod/2022-03-28-AIpert-pwllnod.parquet,TRUE,0,19.52117657661438,NA,
CEID-Walk/2020-09-06-CEID-Walk.parquet,TRUE,0,499.76203060150146,NA,
CMU-TimeSeries/2021-01-18-CMU-TimeSeries.parquet,TRUE,0,40.45668315887451,NA,
Columbia_UNC-SurvCon/2021-08-08-Columbia_UNC-SurvCon.parquet,TRUE,0,5.708659410476685,NA,
COVIDhub_CDC-ensemble/2020-11-09-COVIDhub_CDC-ensemble.parquet,TRUE,0,513.7571337223053,NA,
COVIDhub-4_week_ensemble/2020-09-07-COVIDhub-4_week_ensemble.parquet,TRUE,0,489.3009805679322,NA,
COVIDhub-baseline/2020-06-15-COVIDhub-baseline.parquet,TRUE,0,10.032854318618774,NA,
COVIDhub-baseline/2024-04-15-COVIDhub-baseline.parquet,TRUE,0,29.922862768173218,NA,
COVIDhub-ensemble/2024-02-05-COVIDhub-ensemble.parquet,TRUE,0,16.53323984146118,NA,
CU-nochange/2020-08-30-CU-nochange.parquet,TRUE,0,789.8057994842529,NA,
CU-scenario_high/2020-12-06-CU-scenario_high.parquet,TRUE,0,783.3386843204498,NA,
CU-scenario_low/2022-12-25-CU-scenario_low.parquet,TRUE,0,758.6340043544769,NA,
CU-select/2020-06-14-CU-select.parquet,TRUE,0,6.328451633453369,NA,
CUB_PopCouncil-SLSTM/2022-12-03-CUB_PopCouncil-SLSTM.parquet,TRUE,0,59.97337055206299,NA,
DDS-NBDS/2022-03-14-DDS-NBDS.parquet,TRUE,0,11.92996311187744,NA,
FAIR-NRAR/2021-04-12-FAIR-NRAR.parquet,TRUE,0,483.849983215332,NA,
FAIR-NRAR/2022-01-04-FAIR-NRAR.parquet,TRUE,0,485.520133972168,NA,
Google_Harvard-CPF/2021-01-11-Google_Harvard-CPF.parquet,TRUE,0,167.7369351387024,NA,
GT-DeepCOVID/2022-10-03-GT-DeepCOVID.parquet,TRUE,0,65.61130833625793,NA,
IEM_MED-CovidProject/2021-10-04-IEM_MED-CovidProject.parquet,TRUE,0,17.827409982681274,NA,
IowaStateLW-STEM/2021-04-18-IowaStateLW-STEM.parquet,TRUE,0,1033.1563546657562,NA,
JHU_IDD-CovidSP/2021-05-09-JHU_IDD-CovidSP.parquet,TRUE,0,101.91365766525269,NA,
JHUAPL-Bucky/2021-03-29-JHUAPL-Bucky.parquet,TRUE,0,1172.0066647529602,NA,
JHUAPL-SLPHospEns/2021-12-20-JHUAPL-SLPHospEns.parquet,TRUE,0,57.34787440299988,NA,
KITmetricslab-select_ensemble/2021-09-27-KITmetricslab-select_ensemble.parquet,TRUE,0,20.053623914718628,NA,
LNQ-ens1/2020-08-02-LNQ-ens1.parquet,FALSE,1,513.0242781639099,"?: Required task ID/output type/output type ID combinations missing.  
 See `missing` attribute for details.",
Microsoft-DeepSTIA/2023-02-06-Microsoft-DeepSTIA.parquet,TRUE,0,125.55065631866456,NA,
MIT-Cassandra/2021-04-12-MIT-Cassandra.parquet,TRUE,0,7.052472114562988,NA,
MOBS-GLEAM_COVID/2022-01-24-MOBS-GLEAM_COVID.parquet,TRUE,0,67.1417727470398,NA,
MUNI-ARIMA/2022-12-12-MUNI-ARIMA.parquet,TRUE,0,68.82000494003296,NA,
PandemicCentral-USCounty/2020-08-21-PandemicCentral-USCounty.parquet,TRUE,0,29.60736298561096,NA,
PSI-DICE/2023-10-16-PSI-DICE.parquet,TRUE,0,31.995479345321655,NA,
QJHong-Encounter/2020-11-29-QJHong-Encounter.parquet,FALSE,1,5.95851469039917,"?: Required task ID/output type/output type ID combinations missing.  
 See `missing` attribute for details.",
RobertWalraven-ESG/2022-07-18-RobertWalraven-ESG.parquet,TRUE,0,22.185643911361694,NA,
SteveMcConnell-CovidComplete/2020-09-21-SteveMcConnell-CovidComplete.parquet,TRUE,0,12.352157592773438,NA,
TTU-squider/2021-06-27-TTU-squider.parquet,TRUE,0,8.144483089447021,NA,
UCF-AEM/2021-08-15-UCF-AEM.parquet,TRUE,0,5.87738299369812,NA,
UCM_MESALab-FoGSEIR/2021-05-23-UCM_MESALab-FoGSEIR.parquet,TRUE,0,5.732738971710205,NA,
UMass-gbq/2023-11-13-UMass-gbq.parquet,TRUE,0,33.2399845123291,NA,
UMass-sarix/2023-12-11-UMass-sarix.parquet,TRUE,0,22.93461036682129,NA,
UMich-RidgeTfReg/2021-09-20-UMich-RidgeTfReg.parquet,TRUE,0,19.975030422210693,NA,
USC-SI_kJalpha/2022-09-18-USC-SI_kJalpha.parquet,TRUE,0,207.6177430152893,NA,
UVA-Ensemble/2020-09-14-UVA-Ensemble.parquet,TRUE,0,421.7021837234497,NA,
YYG-ParamSearch/2020-05-06-YYG-ParamSearch.parquet,TRUE,0,19.861438512802124,NA,
AIpert-pwllnod/2022-04-04-AIpert-pwllnod.parquet,TRUE,0,18.892488956451416,NA,
CEID-Walk/2020-09-13-CEID-Walk.parquet,TRUE,0,449.9972381591797,NA,
CMU-TimeSeries/2021-01-25-CMU-TimeSeries.parquet,TRUE,0,35.998112201690674,NA,
Columbia_UNC-SurvCon/2021-08-15-Columbia_UNC-SurvCon.parquet,TRUE,0,5.027206182479858,NA,
COVIDhub_CDC-ensemble/2020-11-16-COVIDhub_CDC-ensemble.parquet,TRUE,0,472.0466523170471,NA,
COVIDhub-4_week_ensemble/2020-09-14-COVIDhub-4_week_ensemble.parquet,TRUE,0,475.7475271224976,NA,
COVIDhub-baseline/2020-06-22-COVIDhub-baseline.parquet,TRUE,0,9.685038328170776,NA,
COVIDhub-baseline/2024-04-22-COVIDhub-baseline.parquet,TRUE,0,29.0448899269104,NA,
COVIDhub-ensemble/2024-02-12-COVIDhub-ensemble.parquet,TRUE,0,15.940539598464966,NA,
CU-nochange/2020-09-03-CU-nochange.parquet,TRUE,0,725.8361542224884,NA,
CU-scenario_high/2020-12-10-CU-scenario_high.parquet,TRUE,0,728.5360808372498,NA,
CU-scenario_low/2023-01-01-CU-scenario_low.parquet,TRUE,0,737.3988311290741,NA,
CU-select/2020-06-18-CU-select.parquet,TRUE,0,5.177438497543335,NA,
CUB_PopCouncil-SLSTM/2022-12-10-CUB_PopCouncil-SLSTM.parquet,TRUE,0,55.36383438110352,NA,
DDS-NBDS/2022-03-21-DDS-NBDS.parquet,TRUE,0,11.019818782806396,NA,
FAIR-NRAR/2021-04-13-FAIR-NRAR.parquet,TRUE,0,444.820597410202,NA,
FDANIHASU-Sweight/2021-01-25-FDANIHASU-Sweight.parquet,TRUE,0,5.211936712265015,NA,
Google_Harvard-CPF/2021-01-18-Google_Harvard-CPF.parquet,TRUE,0,156.79164505004883,NA,
GT-DeepCOVID/2022-10-10-GT-DeepCOVID.parquet,TRUE,0,56.3099319934845,NA,
IEM_MED-CovidProject/2021-10-11-IEM_MED-CovidProject.parquet,TRUE,0,16.284469842910767,NA,
IowaStateLW-STEM/2021-04-25-IowaStateLW-STEM.parquet,TRUE,0,939.1850945949554,NA,
JHU_IDD-CovidSP/2021-05-16-JHU_IDD-CovidSP.parquet,TRUE,0,98.2420699596405,NA,
JHUAPL-Bucky/2021-04-05-JHUAPL-Bucky.parquet,TRUE,0,1042.3575677871704,NA,
JHUAPL-SLPHospEns/2021-12-27-JHUAPL-SLPHospEns.parquet,TRUE,0,55.52942228317261,NA,
KITmetricslab-select_ensemble/2021-10-04-KITmetricslab-select_ensemble.parquet,TRUE,0,18.811432361602783,NA,
LNQ-ens1/2020-08-09-LNQ-ens1.parquet,FALSE,1,469.4994640350342,"?: Required task ID/output type/output type ID combinations missing.  
 See `missing` attribute for details.",
Microsoft-DeepSTIA/2023-02-13-Microsoft-DeepSTIA.parquet,TRUE,0,117.05843877792358,NA,
MIT-Cassandra/2021-04-19-MIT-Cassandra.parquet,TRUE,0,6.707509517669678,NA,
MOBS-GLEAM_COVID/2022-01-31-MOBS-GLEAM_COVID.parquet,TRUE,0,62.596407890319824,NA,
MUNI-ARIMA/2023-01-02-MUNI-ARIMA.parquet,TRUE,0,66.01594948768616,NA,
PandemicCentral-USCounty/2020-08-25-PandemicCentral-USCounty.parquet,TRUE,0,27.110893487930294,NA,
PSI-DICE/2023-10-23-PSI-DICE.parquet,TRUE,0,29.5627019405365,NA,
QJHong-Encounter/2020-12-06-QJHong-Encounter.parquet,TRUE,0,5.623691558837891,NA,
RobertWalraven-ESG/2022-07-25-RobertWalraven-ESG.parquet,TRUE,0,19.861568450927734,NA,
SteveMcConnell-CovidComplete/2020-09-28-SteveMcConnell-CovidComplete.parquet,TRUE,0,11.152135848999023,NA,
TTU-squider/2021-07-04-TTU-squider.parquet,TRUE,0,7.514763593673706,NA,
UCF-AEM/2021-08-22-UCF-AEM.parquet,TRUE,0,5.155213356018066,NA,
UCM_MESALab-FoGSEIR/2021-05-30-UCM_MESALab-FoGSEIR.parquet,TRUE,0,5.185511589050293,NA,
UMass-gbq/2023-11-20-UMass-gbq.parquet,TRUE,0,29.233110904693604,NA,
UMass-sarix/2023-12-18-UMass-sarix.parquet,TRUE,0,20.071516275405884,NA,
UMich-RidgeTfReg/2021-09-27-UMich-RidgeTfReg.parquet,TRUE,0,17.838541984558105,NA,
USC-SI_kJalpha/2022-10-02-USC-SI_kJalpha.parquet,TRUE,0,147.66345715522766,NA,
UVA-Ensemble/2020-09-21-UVA-Ensemble.parquet,TRUE,0,392.81046175956726,NA,
YYG-ParamSearch/2020-05-07-YYG-ParamSearch.parquet,TRUE,0,19.82802367210388,NA,
AIpert-pwllnod/2022-04-11-AIpert-pwllnod.parquet,TRUE,0,18.80832839012146,NA,
CEID-Walk/2020-09-20-CEID-Walk.parquet,TRUE,0,455.8778312206268,NA,
CMU-TimeSeries/2021-02-01-CMU-TimeSeries.parquet,TRUE,0,37.740854024887085,NA,
Covid19Sim-Simulator/2020-05-24-Covid19Sim-Simulator.parquet,TRUE,0,34.36212420463562,NA,
COVIDhub_CDC-ensemble/2020-11-23-COVIDhub_CDC-ensemble.parquet,TRUE,0,484.53491377830505,NA,
COVIDhub-4_week_ensemble/2020-09-21-COVIDhub-4_week_ensemble.parquet,TRUE,0,460.43404936790466,NA,
COVIDhub-baseline/2020-06-29-COVIDhub-baseline.parquet,TRUE,0,9.615299940109251,NA,
COVIDhub-baseline/2024-04-29-COVIDhub-baseline.parquet,TRUE,0,28.998369693756104,NA,3
COVIDhub-ensemble/2024-02-19-COVIDhub-ensemble.parquet,TRUE,0,16.208714962005615,NA,
CU-nochange/2020-09-06-CU-nochange.parquet,TRUE,0,747.0423374176025,NA,
CU-scenario_high/2020-12-13-CU-scenario_high.parquet,TRUE,0,750.1211931705475,NA,
CU-scenario_low/2023-01-08-CU-scenario_low.parquet,TRUE,0,758.6594634056091,NA,
CU-select/2020-06-21-CU-select.parquet,TRUE,0,9.275622367858888,NA,
CUB_PopCouncil-SLSTM/2022-12-17-CUB_PopCouncil-SLSTM.parquet,TRUE,0,60.38534498214722,NA,
DDS-NBDS/2022-03-28-DDS-NBDS.parquet,TRUE,0,11.46531057357788,NA,
FAIR-NRAR/2021-04-14-FAIR-NRAR.parquet,TRUE,0,451.1990361213684,NA,
FDANIHASU-Sweight/2021-02-01-FDANIHASU-Sweight.parquet,TRUE,0,5.257355690002441,NA,
Google_Harvard-CPF/2021-01-25-Google_Harvard-CPF.parquet,TRUE,0,156.2752721309662,NA,
GT-DeepCOVID/2022-10-17-GT-DeepCOVID.parquet,TRUE,0,61.580681800842285,NA,
IEM_MED-CovidProject/2021-10-18-IEM_MED-CovidProject.parquet,TRUE,0,16.27269721031189,NA,
IQVIA_ACOE-STAN/2020-08-23-IQVIA_ACOE-STAN.parquet,TRUE,0,4.085176229476929,NA,
JHU_IDD-CovidSP/2021-05-23-JHU_IDD-CovidSP.parquet,TRUE,0,105.21641707420348,NA,
JHUAPL-Bucky/2021-05-10-JHUAPL-Bucky.parquet,TRUE,0,1082.643337249756,NA,
JHUAPL-SLPHospEns/2022-01-03-JHUAPL-SLPHospEns.parquet,TRUE,0,55.451268672943115,NA,
KITmetricslab-select_ensemble/2021-10-11-KITmetricslab-select_ensemble.parquet,TRUE,0,18.81041646003723,NA,
LNQ-ens1/2020-08-16-LNQ-ens1.parquet,FALSE,1,481.201167345047,"?: Required task ID/output type/output type ID combinations missing.  
 See `missing` attribute for details.",
Microsoft-DeepSTIA/2023-02-20-Microsoft-DeepSTIA.parquet,TRUE,0,119.77328944206238,NA,
MIT-Cassandra/2021-04-26-MIT-Cassandra.parquet,TRUE,0,6.6797263622283936,NA,
MOBS-GLEAM_COVID/2022-02-07-MOBS-GLEAM_COVID.parquet,TRUE,0,63.346182107925415,NA,
MUNI-ARIMA/2023-01-16-MUNI-ARIMA.parquet,TRUE,0,64.29442119598389,NA,
PandemicCentral-USCounty/2020-08-31-PandemicCentral-USCounty.parquet,TRUE,0,52.08881735801697,NA,
PSI-DICE/2023-10-30-PSI-DICE.parquet,TRUE,0,29.329108238220215,NA,
QJHong-Encounter/2020-12-13-QJHong-Encounter.parquet,TRUE,0,5.398193597793579,NA,
RobertWalraven-ESG/2022-08-01-RobertWalraven-ESG.parquet,TRUE,0,20.26199984550476,NA,
SteveMcConnell-CovidComplete/2020-10-05-SteveMcConnell-CovidComplete.parquet,TRUE,0,11.62553358078003,NA,
TTU-squider/2021-07-11-TTU-squider.parquet,TRUE,0,7.475194692611694,NA,
UCF-AEM/2021-08-29-UCF-AEM.parquet,TRUE,0,5.611270904541016,NA,
UCM_MESALab-FoGSEIR/2021-06-06-UCM_MESALab-FoGSEIR.parquet,TRUE,0,5.478226184844971,NA,
UMass-gbq/2023-11-27-UMass-gbq.parquet,TRUE,0,31.030905961990356,NA,
UMass-sarix/2023-12-25-UMass-sarix.parquet,TRUE,0,21.26195788383484,NA,
UMich-RidgeTfReg/2021-10-04-UMich-RidgeTfReg.parquet,TRUE,0,18.742923259735107,NA,
USC-SI_kJalpha/2022-10-09-USC-SI_kJalpha.parquet,TRUE,0,189.32265949249268,NA,
UVA-Ensemble/2020-09-28-UVA-Ensemble.parquet,TRUE,0,410.26043009758,NA,
YYG-ParamSearch/2020-05-08-YYG-ParamSearch.parquet,TRUE,0,19.14010190963745,NA,
AIpert-pwllnod/2022-04-18-AIpert-pwllnod.parquet,TRUE,0,18.789390563964844,NA,
CEID-Walk/2020-09-27-CEID-Walk.parquet,TRUE,0,455.8178725242615,NA,
CMU-TimeSeries/2021-02-08-CMU-TimeSeries.parquet,TRUE,0,36.12556338310242,NA,
Covid19Sim-Simulator/2020-05-31-Covid19Sim-Simulator.parquet,TRUE,0,34.24080729484558,NA,
COVIDhub_CDC-ensemble/2020-11-30-COVIDhub_CDC-ensemble.parquet,TRUE,0,482.4098873138428,NA,
COVIDhub-4_week_ensemble/2020-09-28-COVIDhub-4_week_ensemble.parquet,TRUE,0,459.8072955608368,NA,
COVIDhub-baseline/2020-07-06-COVIDhub-baseline.parquet,TRUE,0,9.642765522003174,NA,
COVIDhub-ensemble/2020-04-13-COVIDhub-ensemble.parquet,FALSE,1,7.671968460083008,"?: Required task ID/output type/output type ID combinations missing.  
 See `missing` attribute for details.",
COVIDhub-ensemble/2024-02-26-COVIDhub-ensemble.parquet,TRUE,0,15.8623149394989,NA,
CU-nochange/2020-09-13-CU-nochange.parquet,TRUE,0,737.9304683208466,NA,
CU-scenario_high/2020-12-17-CU-scenario_high.parquet,TRUE,0,715.7390809059143,NA,
CU-scenario_low/2023-01-15-CU-scenario_low.parquet,TRUE,0,729.7965223789215,NA,
CU-select/2020-06-25-CU-select.parquet,TRUE,0,7.623262882232666,NA,
CUB_PopCouncil-SLSTM/2022-12-24-CUB_PopCouncil-SLSTM.parquet,TRUE,0,55.96281671524048,NA,
DDS-NBDS/2022-04-04-DDS-NBDS.parquet,TRUE,0,11.117228507995604,NA,
FAIR-NRAR/2021-04-15-FAIR-NRAR.parquet,TRUE,0,459.94472551345825,NA,
FDANIHASU-Sweight/2021-02-08-FDANIHASU-Sweight.parquet,TRUE,0,5.530728340148926,NA,
Google_Harvard-CPF/2021-02-01-Google_Harvard-CPF.parquet,TRUE,0,156.80227828025818,NA,
GT-DeepCOVID/2022-10-24-GT-DeepCOVID.parquet,TRUE,0,60.4612181186676,NA,
IEM_MED-CovidProject/2021-10-25-IEM_MED-CovidProject.parquet,TRUE,0,16.008334398269653,NA,
IQVIA_ACOE-STAN/2020-08-30-IQVIA_ACOE-STAN.parquet,TRUE,0,4.093506336212158,NA,
JHU_IDD-CovidSP/2021-05-30-JHU_IDD-CovidSP.parquet,TRUE,0,103.49288535118104,NA,
JHUAPL-Bucky/2021-05-17-JHUAPL-Bucky.parquet,TRUE,0,1082.2330241203308,NA,
JHUAPL-SLPHospEns/2022-01-10-JHUAPL-SLPHospEns.parquet,TRUE,0,54.968358278274536,NA,
KITmetricslab-select_ensemble/2021-10-18-KITmetricslab-select_ensemble.parquet,TRUE,0,18.132786750793457,NA,
LNQ-ens1/2020-08-23-LNQ-ens1.parquet,FALSE,1,489.9530296325683,"?: Required task ID/output type/output type ID combinations missing.  
 See `missing` attribute for details.",
Microsoft-DeepSTIA/2023-02-27-Microsoft-DeepSTIA.parquet,TRUE,0,119.119464635849,NA,
MIT-Cassandra/2021-05-03-MIT-Cassandra.parquet,TRUE,0,6.7071778774261475,NA,
MOBS-GLEAM_COVID/2022-02-14-MOBS-GLEAM_COVID.parquet,TRUE,0,63.57855796813965,NA,
MUNI-ARIMA/2023-01-23-MUNI-ARIMA.parquet,TRUE,0,64.85271954536438,NA,
PandemicCentral-USCounty/2020-09-07-PandemicCentral-USCounty.parquet,TRUE,0,52.17312860488891,NA,
PSI-DICE/2023-11-06-PSI-DICE.parquet,TRUE,0,29.82545256614685,NA,
QJHong-Encounter/2020-12-20-QJHong-Encounter.parquet,TRUE,0,5.506726026535034,NA,
RobertWalraven-ESG/2022-08-08-RobertWalraven-ESG.parquet,TRUE,0,20.611676692962646,NA,
SteveMcConnell-CovidComplete/2020-10-12-SteveMcConnell-CovidComplete.parquet,TRUE,0,11.459696531295776,NA,
TTU-squider/2021-07-18-TTU-squider.parquet,TRUE,0,7.375736236572266,NA,
UCF-AEM/2021-09-05-UCF-AEM.parquet,TRUE,0,5.360414266586304,NA,
UCM_MESALab-FoGSEIR/2021-06-13-UCM_MESALab-FoGSEIR.parquet,TRUE,0,5.370823383331299,NA,
UMass-gbq/2023-12-04-UMass-gbq.parquet,TRUE,0,29.44447159767151,NA,
UMass-sarix/2024-01-01-UMass-sarix.parquet,TRUE,0,20.034308910369873,NA,
UMich-RidgeTfReg/2021-10-25-UMich-RidgeTfReg.parquet,TRUE,0,18.544634580612183,NA,
USC-SI_kJalpha/2022-10-16-USC-SI_kJalpha.parquet,TRUE,0,206.51428246498108,NA,
UVA-Ensemble/2020-10-05-UVA-Ensemble.parquet,TRUE,0,412.66852474212646,NA,
YYG-ParamSearch/2020-05-09-YYG-ParamSearch.parquet,TRUE,0,19.393505096435547,NA,
AIpert-pwllnod/2022-04-25-AIpert-pwllnod.parquet,TRUE,0,19.24490261077881,NA,
CEID-Walk/2020-10-04-CEID-Walk.parquet,TRUE,0,466.864961385727,NA,
CMU-TimeSeries/2021-02-15-CMU-TimeSeries.parquet,TRUE,0,36.92754530906677,NA,
Covid19Sim-Simulator/2020-06-07-Covid19Sim-Simulator.parquet,TRUE,0,34.43938064575195,NA,
COVIDhub_CDC-ensemble/2020-12-07-COVIDhub_CDC-ensemble.parquet,TRUE,0,552.1284127235413,NA,
COVIDhub-4_week_ensemble/2020-10-05-COVIDhub-4_week_ensemble.parquet,TRUE,0,505.4754230976105,NA,
COVIDhub-baseline/2020-07-13-COVIDhub-baseline.parquet,TRUE,0,10.165626764297484,NA,
COVIDhub-ensemble/2020-04-27-COVIDhub-ensemble.parquet,TRUE,0,6.36039662361145,NA,
COVIDhub-ensemble/2024-03-04-COVIDhub-ensemble.parquet,TRUE,0,16.742793798446655,NA,
CU-nochange/2020-09-20-CU-nochange.parquet,TRUE,0,774.47021317482,NA,
CU-scenario_high/2020-12-20-CU-scenario_high.parquet,TRUE,0,747.25958776474,NA,
CU-scenario_low/2023-01-22-CU-scenario_low.parquet,TRUE,0,751.3208310604095,NA,
CU-select/2020-06-28-CU-select.parquet,TRUE,0,9.335052728652954,NA,
CUB_PopCouncil-SLSTM/2022-12-31-CUB_PopCouncil-SLSTM.parquet,TRUE,0,57.1549072265625,NA,
DDS-NBDS/2022-04-11-DDS-NBDS.parquet,TRUE,0,11.46947145462036,NA,
FAIR-NRAR/2021-04-16-FAIR-NRAR.parquet,TRUE,0,481.19364762306213,NA,
FDANIHASU-Sweight/2021-02-15-FDANIHASU-Sweight.parquet,TRUE,0,5.602448225021362,NA,
Google_Harvard-CPF/2021-02-07-Google_Harvard-CPF.parquet,TRUE,0,163.79532408714294,NA,
GT-DeepCOVID/2022-10-31-GT-DeepCOVID.parquet,TRUE,0,61.08434534072876,NA,
IEM_MED-CovidProject/2021-11-01-IEM_MED-CovidProject.parquet,TRUE,0,16.356574058532715,NA,
IQVIA_ACOE-STAN/2020-09-06-IQVIA_ACOE-STAN.parquet,TRUE,0,4.874496221542358,NA,
JHU_IDD-CovidSP/2021-06-06-JHU_IDD-CovidSP.parquet,TRUE,0,104.9926483631134,NA,
JHUAPL-Bucky/2021-05-24-JHUAPL-Bucky.parquet,TRUE,0,1119.3567190170288,NA,
JHUAPL-SLPHospEns/2022-01-17-JHUAPL-SLPHospEns.parquet,TRUE,0,57.50626516342163,NA,
KITmetricslab-select_ensemble/2021-10-25-KITmetricslab-select_ensemble.parquet,TRUE,0,19.242022037506104,NA,
LNQ-ens1/2020-08-30-LNQ-ens1.parquet,FALSE,1,507.7978410720825,"?: Required task ID/output type/output type ID combinations missing.  
 See `missing` attribute for details.",
MIT_CritData-GBCF/2020-09-06-MIT_CritData-GBCF.parquet,TRUE,0,4.923591136932373,NA,
MIT-Cassandra/2021-05-10-MIT-Cassandra.parquet,TRUE,0,6.8923656940460205,NA,
MOBS-GLEAM_COVID/2022-02-21-MOBS-GLEAM_COVID.parquet,TRUE,0,62.67898607254028,NA,
MUNI-ARIMA/2023-01-30-MUNI-ARIMA.parquet,TRUE,0,65.35991883277893,NA,
PandemicCentral-USCounty/2020-09-14-PandemicCentral-USCounty.parquet,TRUE,0,52.25006151199341,NA,
PSI-DICE/2023-11-13-PSI-DICE.parquet,TRUE,0,29.713324069976807,NA,
QJHong-Encounter/2020-12-27-QJHong-Encounter.parquet,TRUE,0,5.836362838745117,NA,
RobertWalraven-ESG/2022-08-15-RobertWalraven-ESG.parquet,TRUE,0,20.07047700881958,NA,
SteveMcConnell-CovidComplete/2020-10-19-SteveMcConnell-CovidComplete.parquet,TRUE,0,11.484055519104004,NA,
TTU-squider/2021-07-25-TTU-squider.parquet,TRUE,0,7.3748414516448975,NA,
UCF-AEM/2021-09-12-UCF-AEM.parquet,TRUE,0,5.394986629486084,NA,
UCM_MESALab-FoGSEIR/2021-06-20-UCM_MESALab-FoGSEIR.parquet,TRUE,0,5.234484434127808,NA,
UMass-gbq/2023-12-11-UMass-gbq.parquet,TRUE,0,30.204503774642944,NA,
UMass-sarix/2024-01-08-UMass-sarix.parquet,TRUE,0,20.40973687171936,NA,
UMich-RidgeTfReg/2021-11-01-UMich-RidgeTfReg.parquet,TRUE,0,18.705528497695923,NA,
USC-SI_kJalpha/2022-10-23-USC-SI_kJalpha.parquet,TRUE,0,201.2253894805908,NA,
UVA-Ensemble/2020-10-12-UVA-Ensemble.parquet,TRUE,0,400.8965845108032,NA,
YYG-ParamSearch/2020-05-10-YYG-ParamSearch.parquet,TRUE,0,19.77471923828125,NA,
AIpert-pwllnod/2022-05-02-AIpert-pwllnod.parquet,TRUE,0,19.160600662231445,NA,
CEID-Walk/2020-10-11-CEID-Walk.parquet,TRUE,0,481.74178528785706,NA,
CMU-TimeSeries/2021-02-22-CMU-TimeSeries.parquet,TRUE,0,36.491188526153564,NA,
Covid19Sim-Simulator/2020-06-14-Covid19Sim-Simulator.parquet,TRUE,0,34.645535469055176,NA,
COVIDhub_CDC-ensemble/2020-12-14-COVIDhub_CDC-ensemble.parquet,TRUE,0,541.9380524158478,NA,
COVIDhub-4_week_ensemble/2020-10-12-COVIDhub-4_week_ensemble.parquet,TRUE,0,485.439395904541,NA,
COVIDhub-baseline/2020-07-20-COVIDhub-baseline.parquet,TRUE,0,10.236446619033812,NA,
COVIDhub-ensemble/2020-05-04-COVIDhub-ensemble.parquet,TRUE,0,6.30245304107666,NA,
COVIDhub-ensemble/2024-03-11-COVIDhub-ensemble.parquet,TRUE,0,16.811426639556885,NA,
CU-nochange/2020-09-24-CU-nochange.parquet,TRUE,0,745.6217362880707,NA,
CU-scenario_high/2020-12-24-CU-scenario_high.parquet,TRUE,0,725.3580274581909,NA,
CU-scenario_low/2023-01-29-CU-scenario_low.parquet,TRUE,0,757.7417874336243,NA,
CU-select/2020-07-02-CU-select.parquet,TRUE,0,9.50379753112793,NA,
CUB_PopCouncil-SLSTM/2023-01-07-CUB_PopCouncil-SLSTM.parquet,TRUE,0,59.71617412567139,NA,
DDS-NBDS/2022-04-18-DDS-NBDS.parquet,TRUE,0,11.706194639205933,NA,
FAIR-NRAR/2021-04-17-FAIR-NRAR.parquet,TRUE,0,478.5900008678436,NA,
FDANIHASU-Sweight/2021-02-22-FDANIHASU-Sweight.parquet,TRUE,0,5.567378759384155,NA,
Google_Harvard-CPF/2021-02-15-Google_Harvard-CPF.parquet,TRUE,0,166.09407687187195,NA,
GT-DeepCOVID/2022-11-07-GT-DeepCOVID.parquet,TRUE,0,62.077555418014526,NA,
IEM_MED-CovidProject/2021-11-08-IEM_MED-CovidProject.parquet,TRUE,0,16.51426601409912,NA,
IQVIA_ACOE-STAN/2020-09-13-IQVIA_ACOE-STAN.parquet,TRUE,0,4.879556894302368,NA,
JHU_IDD-CovidSP/2021-06-13-JHU_IDD-CovidSP.parquet,TRUE,0,84.1714186668396,NA,
JHUAPL-Bucky/2021-06-28-JHUAPL-Bucky.parquet,TRUE,0,1090.175358057022,NA,
JHUAPL-SLPHospEns/2022-01-24-JHUAPL-SLPHospEns.parquet,TRUE,0,57.51391673088074,NA,
KITmetricslab-select_ensemble/2021-11-01-KITmetricslab-select_ensemble.parquet,TRUE,0,19.21369767189026,NA,
LNQ-ens1/2020-09-06-LNQ-ens1.parquet,FALSE,1,518.352411031723,"?: Required task ID/output type/output type ID combinations missing.  
 See `missing` attribute for details.",
MIT_CritData-GBCF/2020-09-13-MIT_CritData-GBCF.parquet,TRUE,0,6.006702899932861,NA,
MIT-Cassandra/2021-05-17-MIT-Cassandra.parquet,TRUE,0,8.416345596313477,NA,
MOBS-GLEAM_COVID/2022-02-28-MOBS-GLEAM_COVID.parquet,TRUE,0,61.7170090675354,NA,
MUNI-ARIMA/2023-02-06-MUNI-ARIMA.parquet,TRUE,0,68.8435366153717,NA,
PandemicCentral-USCounty/2020-09-21-PandemicCentral-USCounty.parquet,TRUE,0,54.88064455986023,NA,
PSI-DICE/2023-11-19-PSI-DICE.parquet,TRUE,0,30.474422693252563,NA,
QJHong-Encounter/2021-01-03-QJHong-Encounter.parquet,TRUE,0,5.704016447067261,NA,
RobertWalraven-ESG/2022-08-22-RobertWalraven-ESG.parquet,TRUE,0,21.66981029510498,NA,
SteveMcConnell-CovidComplete/2020-10-26-SteveMcConnell-CovidComplete.parquet,TRUE,0,11.796047925949097,NA,
TTU-squider/2021-08-01-TTU-squider.parquet,TRUE,0,7.71533203125,NA,
UCF-AEM/2021-09-19-UCF-AEM.parquet,TRUE,0,5.379445552825928,NA,
UCM_MESALab-FoGSEIR/2021-06-27-UCM_MESALab-FoGSEIR.parquet,TRUE,0,5.288828372955322,NA,
UMass-gbq/2023-12-18-UMass-gbq.parquet,TRUE,0,29.538682222366333,NA,
UMass-sarix/2024-01-15-UMass-sarix.parquet,TRUE,0,20.749462842941284,NA,
UMich-RidgeTfReg/2021-11-08-UMich-RidgeTfReg.parquet,TRUE,0,18.63342261314392,NA,
USC-SI_kJalpha/2022-10-30-USC-SI_kJalpha.parquet,TRUE,0,201.95219230651855,NA,
UVA-Ensemble/2020-10-19-UVA-Ensemble.parquet,TRUE,0,425.89116501808167,NA,
YYG-ParamSearch/2020-05-11-YYG-ParamSearch.parquet,TRUE,0,20.175395488739017,NA,
AMM-EpiInvert/2022-09-05-AMM-EpiInvert.parquet,TRUE,0,5.687158823013306,NA,
CEID-Walk/2020-10-18-CEID-Walk.parquet,TRUE,0,490.32097458839417,NA,
CMU-TimeSeries/2021-03-01-CMU-TimeSeries.parquet,TRUE,0,36.71879959106445,NA,
Covid19Sim-Simulator/2020-06-21-Covid19Sim-Simulator.parquet,TRUE,0,34.38671016693115,NA,
COVIDhub_CDC-ensemble/2020-12-21-COVIDhub_CDC-ensemble.parquet,TRUE,0,526.9953947067261,NA,
COVIDhub-4_week_ensemble/2020-10-19-COVIDhub-4_week_ensemble.parquet,TRUE,0,473.5591049194336,NA,
COVIDhub-baseline/2020-07-27-COVIDhub-baseline.parquet,TRUE,0,977.5181863307952,NA,
COVIDhub-ensemble/2020-05-11-COVIDhub-ensemble.parquet,TRUE,0,6.463549852371216,NA,
COVIDhub-ensemble/2024-03-18-COVIDhub-ensemble.parquet,TRUE,0,16.84302043914795,NA,
CU-nochange/2020-09-27-CU-nochange.parquet,TRUE,0,765.3743448257446,NA,
CU-scenario_high/2020-12-27-CU-scenario_high.parquet,TRUE,0,757.0412979125977,NA,
CU-scenario_low/2023-02-05-CU-scenario_low.parquet,TRUE,0,783.5274722576141,NA,
CU-select/2020-07-05-CU-select.parquet,TRUE,0,9.696738481521606,NA,
CUB_PopCouncil-SLSTM/2023-01-14-CUB_PopCouncil-SLSTM.parquet,TRUE,0,60.45117139816284,NA,
DDS-NBDS/2022-04-25-DDS-NBDS.parquet,TRUE,0,12.067610502243042,NA,
FAIR-NRAR/2021-04-18-FAIR-NRAR.parquet,TRUE,0,463.5587339401245,NA,
FDANIHASU-Sweight/2021-03-01-FDANIHASU-Sweight.parquet,TRUE,0,5.672155141830444,NA,
Google_Harvard-CPF/2021-02-22-Google_Harvard-CPF.parquet,TRUE,0,174.1203808784485,NA,
GT-DeepCOVID/2022-11-14-GT-DeepCOVID.parquet,TRUE,0,60.196844816207886,NA,
IEM_MED-CovidProject/2021-11-15-IEM_MED-CovidProject.parquet,TRUE,0,17.665499687194824,NA,
IQVIA_ACOE-STAN/2020-09-20-IQVIA_ACOE-STAN.parquet,TRUE,0,4.9285571575164795,NA,
JHU_IDD-CovidSP/2021-06-20-JHU_IDD-CovidSP.parquet,TRUE,0,77.44972634315491,NA,
JHUAPL-Bucky/2021-07-12-JHUAPL-Bucky.parquet,TRUE,0,1098.923391342163,NA,
JHUAPL-SLPHospEns/2022-01-31-JHUAPL-SLPHospEns.parquet,TRUE,0,55.01028227806091,NA,
KITmetricslab-select_ensemble/2021-11-08-KITmetricslab-select_ensemble.parquet,TRUE,0,19.168965101242065,NA,
LNQ-ens1/2020-09-13-LNQ-ens1.parquet,FALSE,1,494.56210589408875,"?: Required task ID/output type/output type ID combinations missing.  
 See `missing` attribute for details.",
MIT_CritData-GBCF/2020-09-20-MIT_CritData-GBCF.parquet,TRUE,0,5.805938005447388,NA,
MIT-Cassandra/2021-05-24-MIT-Cassandra.parquet,TRUE,0,21.563093185424805,NA,
MOBS-GLEAM_COVID/2022-03-07-MOBS-GLEAM_COVID.parquet,TRUE,0,61.68410778045654,NA,
MUNI-ARIMA/2023-02-13-MUNI-ARIMA.parquet,TRUE,0,64.1649169921875,NA,
PandemicCentral-USCounty/2020-09-28-PandemicCentral-USCounty.parquet,TRUE,0,46.97625923156738,NA,
PSI-DICE/2023-11-26-PSI-DICE.parquet,TRUE,0,27.31979918479919,NA,
QJHong-Encounter/2021-01-10-QJHong-Encounter.parquet,TRUE,0,5.218182563781738,NA,
RobertWalraven-ESG/2022-08-29-RobertWalraven-ESG.parquet,TRUE,0,18.984477281570435,NA,
SteveMcConnell-CovidComplete/2020-11-02-SteveMcConnell-CovidComplete.parquet,TRUE,0,10.748899459838867,NA,
TTU-squider/2021-08-08-TTU-squider.parquet,TRUE,0,6.9144792556762695,NA,
UCF-AEM/2021-09-26-UCF-AEM.parquet,TRUE,0,5.200763463973999,NA,
UCM_MESALab-FoGSEIR/2021-07-04-UCM_MESALab-FoGSEIR.parquet,TRUE,0,5.195239067077637,NA,
UMass-gbq/2024-01-02-UMass-gbq.parquet,TRUE,0,27.702317237854004,NA,
UMass-sarix/2024-01-22-UMass-sarix.parquet,TRUE,0,19.249736785888672,NA,
UMich-RidgeTfReg/2021-11-29-UMich-RidgeTfReg.parquet,TRUE,0,16.822600841522217,NA,
USC-SI_kJalpha/2022-11-06-USC-SI_kJalpha.parquet,TRUE,0,184.7157859802246,NA,
UVA-Ensemble/2020-10-26-UVA-Ensemble.parquet,TRUE,0,232.07981944084167,NA,
YYG-ParamSearch/2020-05-12-YYG-ParamSearch.parquet,TRUE,0,18.741809606552124,NA,
AMM-EpiInvert/2022-09-12-AMM-EpiInvert.parquet,TRUE,0,5.538927316665649,NA,
CEID-Walk/2020-10-25-CEID-Walk.parquet,TRUE,0,492.11066341400146,NA,
CMU-TimeSeries/2021-03-08-CMU-TimeSeries.parquet,TRUE,0,37.00891923904419,NA,
Covid19Sim-Simulator/2020-06-28-Covid19Sim-Simulator.parquet,TRUE,0,34.76834511756897,NA,
COVIDhub_CDC-ensemble/2020-12-28-COVIDhub_CDC-ensemble.parquet,TRUE,0,525.4145333766937,NA,
COVIDhub-4_week_ensemble/2020-10-26-COVIDhub-4_week_ensemble.parquet,TRUE,0,501.5025420188904,NA,
COVIDhub-baseline/2020-08-03-COVIDhub-baseline.parquet,TRUE,0,976.5346987247468,NA,
COVIDhub-ensemble/2020-05-18-COVIDhub-ensemble.parquet,TRUE,0,6.615789890289307,NA,
COVIDhub-ensemble/2024-03-25-COVIDhub-ensemble.parquet,TRUE,0,16.791853427886963,NA,
CU-nochange/2020-10-01-CU-nochange.parquet,TRUE,0,737.8981664180756,NA,
CU-scenario_high/2021-01-03-CU-scenario_high.parquet,TRUE,0,767.9691095352173,NA,
CU-scenario_low/2023-02-12-CU-scenario_low.parquet,TRUE,0,747.7929511070251,NA,
CU-select/2020-07-12-CU-select.parquet,TRUE,0,9.611916065216064,NA,
CUB_PopCouncil-SLSTM/2023-01-22-CUB_PopCouncil-SLSTM.parquet,TRUE,0,58.17150020599365,NA,
DDS-NBDS/2022-05-02-DDS-NBDS.parquet,TRUE,0,11.74998426437378,NA,
FAIR-NRAR/2021-04-19-FAIR-NRAR.parquet,TRUE,0,491.1374280452728,NA,
FDANIHASU-Sweight/2021-03-08-FDANIHASU-Sweight.parquet,TRUE,0,5.724457025527954,NA,
Google_Harvard-CPF/2021-02-28-Google_Harvard-CPF.parquet,TRUE,0,169.65269303321838,NA,
GT-DeepCOVID/2022-11-21-GT-DeepCOVID.parquet,TRUE,0,63.26906085014343,NA,
IEM_MED-CovidProject/2021-11-22-IEM_MED-CovidProject.parquet,TRUE,0,17.241501808166504,NA,
IQVIA_ACOE-STAN/2020-09-27-IQVIA_ACOE-STAN.parquet,TRUE,0,4.886934280395508,NA,
JHU_IDD-CovidSP/2021-06-27-JHU_IDD-CovidSP.parquet,TRUE,0,95.60298991203308,NA,
JHUAPL-Bucky/2021-07-19-JHUAPL-Bucky.parquet,TRUE,0,1120.5254499912262,NA,
JHUAPL-SLPHospEns/2022-02-07-JHUAPL-SLPHospEns.parquet,TRUE,0,56.36783480644226,NA,
KITmetricslab-select_ensemble/2021-11-15-KITmetricslab-select_ensemble.parquet,TRUE,0,18.92049288749695,NA,
LNQ-ens1/2020-09-20-LNQ-ens1.parquet,FALSE,1,471.6099410057068,"?: Required task ID/output type/output type ID combinations missing.  
 See `missing` attribute for details.",
MIT_CritData-GBCF/2020-09-27-MIT_CritData-GBCF.parquet,TRUE,0,5.84509539604187,NA,
MIT-Cassandra/2021-05-31-MIT-Cassandra.parquet,TRUE,0,21.30907154083252,NA,
MOBS-GLEAM_COVID/2022-03-14-MOBS-GLEAM_COVID.parquet,TRUE,0,63.86401128768921,NA,
MUNI-ARIMA/2023-02-20-MUNI-ARIMA.parquet,TRUE,0,64.65074229240417,NA,
PandemicCentral-USCounty/2020-10-05-PandemicCentral-USCounty.parquet,TRUE,0,51.5345561504364,NA,
PSI-DICE/2023-12-04-PSI-DICE.parquet,TRUE,0,29.48448181152344,NA,
QJHong-Encounter/2021-01-18-QJHong-Encounter.parquet,TRUE,0,5.567897796630859,NA,
RobertWalraven-ESG/2022-09-05-RobertWalraven-ESG.parquet,TRUE,0,20.16420292854309,NA,
SteveMcConnell-CovidComplete/2020-11-09-SteveMcConnell-CovidComplete.parquet,TRUE,0,11.287193775177002,NA,
TTU-squider/2021-08-15-TTU-squider.parquet,TRUE,0,7.57729959487915,NA,
UCF-AEM/2021-10-03-UCF-AEM.parquet,TRUE,0,5.152173280715942,NA,
UCM_MESALab-FoGSEIR/2021-07-11-UCM_MESALab-FoGSEIR.parquet,TRUE,0,5.098027467727661,NA,
UMass-gbq/2024-01-08-UMass-gbq.parquet,TRUE,0,29.712371349334717,NA,
UMass-sarix/2024-01-29-UMass-sarix.parquet,TRUE,0,20.96528363227844,NA,
UMich-RidgeTfReg/2021-12-06-UMich-RidgeTfReg.parquet,TRUE,0,18.70693016052246,NA,
USC-SI_kJalpha/2022-11-13-USC-SI_kJalpha.parquet,TRUE,0,201.14180731773376,NA,
UVA-Ensemble/2020-11-02-UVA-Ensemble.parquet,TRUE,0,463.90487575531006,NA,
YYG-ParamSearch/2020-05-13-YYG-ParamSearch.parquet,TRUE,0,18.93361186981201,NA,
AMM-EpiInvert/2022-09-19-AMM-EpiInvert.parquet,TRUE,0,5.419086694717407,NA,
CEID-Walk/2020-11-01-CEID-Walk.parquet,TRUE,0,479.33572363853455,NA,
CMU-TimeSeries/2021-03-15-CMU-TimeSeries.parquet,TRUE,0,36.94486856460571,NA,
Covid19Sim-Simulator/2020-07-05-Covid19Sim-Simulator.parquet,TRUE,0,34.32108020782471,NA,
COVIDhub_CDC-ensemble/2021-01-04-COVIDhub_CDC-ensemble.parquet,TRUE,0,540.9462473392487,NA,
COVIDhub-4_week_ensemble/2020-11-02-COVIDhub-4_week_ensemble.parquet,TRUE,0,466.424152135849,NA,
COVIDhub-baseline/2020-08-10-COVIDhub-baseline.parquet,TRUE,0,918.2543351650238,NA,
COVIDhub-ensemble/2020-05-25-COVIDhub-ensemble.parquet,TRUE,0,6.5419251918792725,NA,
COVIDhub-ensemble/2024-04-01-COVIDhub-ensemble.parquet,TRUE,0,16.156548976898193,NA,
CU-nochange/2020-10-04-CU-nochange.parquet,TRUE,0,761.8488223552704,NA,
CU-scenario_high/2021-01-10-CU-scenario_high.parquet,TRUE,0,748.9702305793762,NA,
CU-scenario_low/2023-02-19-CU-scenario_low.parquet,TRUE,0,770.0339534282684,NA,
CU-select/2020-07-19-CU-select.parquet,TRUE,0,9.250894546508787,NA,
CUB_PopCouncil-SLSTM/2023-01-28-CUB_PopCouncil-SLSTM.parquet,TRUE,0,56.105669021606445,NA,
DDS-NBDS/2022-05-09-DDS-NBDS.parquet,TRUE,0,11.252941131591797,NA,
FAIR-NRAR/2021-04-20-FAIR-NRAR.parquet,TRUE,0,476.14095544815063,NA,
FDANIHASU-Sweight/2021-03-15-FDANIHASU-Sweight.parquet,TRUE,0,5.640655517578125,NA,
Google_Harvard-CPF/2021-03-08-Google_Harvard-CPF.parquet,TRUE,0,167.34285807609558,NA,
GT-DeepCOVID/2022-11-28-GT-DeepCOVID.parquet,TRUE,0,58.730658769607544,NA,
IEM_MED-CovidProject/2021-11-29-IEM_MED-CovidProject.parquet,TRUE,0,16.999712228775024,NA,
IQVIA_ACOE-STAN/2020-10-04-IQVIA_ACOE-STAN.parquet,TRUE,0,4.694297552108765,NA,
JHU_IDD-CovidSP/2021-07-04-JHU_IDD-CovidSP.parquet,TRUE,0,106.15872478485107,NA,
JHUAPL-Bucky/2021-07-26-JHUAPL-Bucky.parquet,TRUE,0,1131.860109090805,NA,
JHUAPL-SLPHospEns/2022-02-14-JHUAPL-SLPHospEns.parquet,TRUE,0,57.18623614311218,NA,
KITmetricslab-select_ensemble/2021-11-22-KITmetricslab-select_ensemble.parquet,TRUE,0,18.97826337814331,NA,
LNQ-ens1/2020-09-27-LNQ-ens1.parquet,FALSE,1,507.26414608955383,"?: Required task ID/output type/output type ID combinations missing.  
 See `missing` attribute for details.",
MIT_CritData-GBCF/2020-10-04-MIT_CritData-GBCF.parquet,TRUE,0,5.771252155303955,NA,
MIT-Cassandra/2021-06-07-MIT-Cassandra.parquet,TRUE,0,21.000110387802124,NA,
MOBS-GLEAM_COVID/2022-03-21-MOBS-GLEAM_COVID.parquet,TRUE,0,61.20334458351135,NA,
MUNI-ARIMA/2023-02-27-MUNI-ARIMA.parquet,TRUE,0,64.95585751533508,NA,
PandemicCentral-USCounty/2020-10-12-PandemicCentral-USCounty.parquet,TRUE,0,49.88887810707092,NA,
PSI-DICE/2023-12-11-PSI-DICE.parquet,TRUE,0,28.99459409713745,NA,
QJHong-Encounter/2021-01-25-QJHong-Encounter.parquet,TRUE,0,5.405887603759766,NA,
RobertWalraven-ESG/2022-09-12-RobertWalraven-ESG.parquet,TRUE,0,20.16263484954834,NA,
SteveMcConnell-CovidComplete/2020-11-16-SteveMcConnell-CovidComplete.parquet,TRUE,0,11.40309238433838,NA,
TTU-squider/2021-08-22-TTU-squider.parquet,TRUE,0,7.452001571655273,NA,
UCF-AEM/2021-10-10-UCF-AEM.parquet,TRUE,0,5.266730785369873,NA,
UCM_MESALab-FoGSEIR/2021-07-18-UCM_MESALab-FoGSEIR.parquet,TRUE,0,5.216521263122559,NA,
UMass-gbq/2024-01-15-UMass-gbq.parquet,TRUE,0,29.657994985580444,NA,
UMass-sarix/2024-02-05-UMass-sarix.parquet,TRUE,0,20.075495719909668,NA,
UMich-RidgeTfReg/2021-12-13-UMich-RidgeTfReg.parquet,TRUE,0,18.363575220108032,NA,
USC-SI_kJalpha/2022-11-20-USC-SI_kJalpha.parquet,TRUE,0,199.0107171535492,NA,
UVA-Ensemble/2020-11-09-UVA-Ensemble.parquet,TRUE,0,442.6106276512146,NA,
YYG-ParamSearch/2020-05-14-YYG-ParamSearch.parquet,TRUE,0,19.16937470436096,NA,
AMM-EpiInvert/2022-09-26-AMM-EpiInvert.parquet,TRUE,0,3.699940919876098,NA,
CEID-Walk/2020-11-09-CEID-Walk.parquet,TRUE,0,355.7268555164337,NA,
CMU-TimeSeries/2021-03-22-CMU-TimeSeries.parquet,TRUE,0,27.10668992996216,NA,
Covid19Sim-Simulator/2020-07-12-Covid19Sim-Simulator.parquet,TRUE,0,25.747137308120728,NA,
COVIDhub_CDC-ensemble/2021-01-11-COVIDhub_CDC-ensemble.parquet,TRUE,0,394.11592864990234,NA,
COVIDhub-4_week_ensemble/2020-11-09-COVIDhub-4_week_ensemble.parquet,TRUE,0,357.5414094924927,NA,
COVIDhub-baseline/2020-08-17-COVIDhub-baseline.parquet,TRUE,0,706.6467146873474,NA,
COVIDhub-ensemble/2020-06-01-COVIDhub-ensemble.parquet,TRUE,0,5.044121980667114,NA,
COVIDhub-ensemble/2024-04-08-COVIDhub-ensemble.parquet,TRUE,0,12.970145225524902,NA,
CU-nochange/2020-10-08-CU-nochange.parquet,TRUE,0,580.7165501117706,NA,
CU-scenario_high/2021-01-17-CU-scenario_high.parquet,TRUE,0,549.9274578094482,NA,
CU-scenario_low/2023-02-26-CU-scenario_low.parquet,TRUE,0,596.9634647369385,NA,
CU-select/2020-07-26-CU-select.parquet,TRUE,0,578.6142048835754,NA,
CUB_PopCouncil-SLSTM/2023-02-04-CUB_PopCouncil-SLSTM.parquet,TRUE,0,46.29463601112366,NA,
DDS-NBDS/2022-05-16-DDS-NBDS.parquet,TRUE,0,8.713911533355713,NA,
FAIR-NRAR/2021-04-21-FAIR-NRAR.parquet,TRUE,0,351.18193316459656,NA,
FDANIHASU-Sweight/2021-03-22-FDANIHASU-Sweight.parquet,TRUE,0,4.242974281311035,NA,
Google_Harvard-CPF/2021-03-14-Google_Harvard-CPF.parquet,TRUE,0,120.87037682533264,NA,
GT-DeepCOVID/2022-12-05-GT-DeepCOVID.parquet,TRUE,0,44.75124645233154,NA,
IEM_MED-CovidProject/2021-12-06-IEM_MED-CovidProject.parquet,TRUE,0,12.227845191955566,NA,
IQVIA_ACOE-STAN/2020-10-11-IQVIA_ACOE-STAN.parquet,TRUE,0,3.730668306350708,NA,
JHU_IDD-CovidSP/2021-07-11-JHU_IDD-CovidSP.parquet,TRUE,0,51.52077627182007,NA,
JHUAPL-Bucky/2021-08-02-JHUAPL-Bucky.parquet,TRUE,0,817.4755849838257,NA,
JHUAPL-SLPHospEns/2022-02-21-JHUAPL-SLPHospEns.parquet,TRUE,0,40.01546549797058,NA,
KITmetricslab-select_ensemble/2021-11-29-KITmetricslab-select_ensemble.parquet,TRUE,0,13.488874197006226,NA,
LNQ-ens1/2020-10-04-LNQ-ens1.parquet,FALSE,1,365.49502420425415,"?: Required task ID/output type/output type ID combinations missing.  
 See `missing` attribute for details.",
MIT_CritData-GBCF/2020-10-11-MIT_CritData-GBCF.parquet,TRUE,0,4.596278190612793,NA,
MIT-Cassandra/2021-06-14-MIT-Cassandra.parquet,TRUE,0,15.66792607307434,NA,
MOBS-GLEAM_COVID/2022-03-28-MOBS-GLEAM_COVID.parquet,TRUE,0,47.30042028427124,NA,
MUNI-ARIMA/2023-03-06-MUNI-ARIMA.parquet,TRUE,0,23.172176599502563,NA,
PandemicCentral-USCounty/2020-10-19-PandemicCentral-USCounty.parquet,TRUE,0,40.20220947265625,NA,
PSI-DICE/2023-12-18-PSI-DICE.parquet,TRUE,0,19.5955650806427,NA,
QJHong-Encounter/2021-01-31-QJHong-Encounter.parquet,TRUE,0,4.46109676361084,NA,
RobertWalraven-ESG/2022-09-19-RobertWalraven-ESG.parquet,TRUE,0,15.939807176589966,NA,
SteveMcConnell-CovidComplete/2020-11-23-SteveMcConnell-CovidComplete.parquet,TRUE,0,8.753404140472412,NA,
TTU-squider/2021-08-29-TTU-squider.parquet,TRUE,0,5.970128297805786,NA,
UCF-AEM/2021-10-17-UCF-AEM.parquet,TRUE,0,4.026387929916382,NA,
UCM_MESALab-FoGSEIR/2021-07-25-UCM_MESALab-FoGSEIR.parquet,TRUE,0,3.796062469482422,NA,
UMass-gbq/2024-01-22-UMass-gbq.parquet,TRUE,0,23.05868935585022,NA,
UMass-sarix/2024-02-12-UMass-sarix.parquet,TRUE,0,15.663805723190308,NA,
UMich-RidgeTfReg/2021-12-20-UMich-RidgeTfReg.parquet,TRUE,0,14.600868225097656,NA,
USC-SI_kJalpha/2022-11-27-USC-SI_kJalpha.parquet,TRUE,0,162.9733440876007,NA,
UVA-Ensemble/2020-11-16-UVA-Ensemble.parquet,TRUE,0,360.1204116344452,NA,
YYG-ParamSearch/2020-05-15-YYG-ParamSearch.parquet,TRUE,0,15.308444738388062,NA,
AMM-EpiInvert/2022-10-03-AMM-EpiInvert.parquet,TRUE,0,3.9750027656555176,NA,
CEID-Walk/2020-11-16-CEID-Walk.parquet,TRUE,0,360.94592356681824,NA,
CMU-TimeSeries/2021-03-29-CMU-TimeSeries.parquet,TRUE,0,6.079464435577393,NA,
Covid19Sim-Simulator/2020-07-19-Covid19Sim-Simulator.parquet,TRUE,0,25.44303035736084,NA,
COVIDhub_CDC-ensemble/2021-01-18-COVIDhub_CDC-ensemble.parquet,TRUE,0,380.9047226905823,NA,
COVIDhub-4_week_ensemble/2020-11-16-COVIDhub-4_week_ensemble.parquet,TRUE,0,342.5719873905182,NA,
COVIDhub-baseline/2020-08-24-COVIDhub-baseline.parquet,TRUE,0,707.8410537242889,NA,
COVIDhub-ensemble/2020-06-08-COVIDhub-ensemble.parquet,TRUE,0,7.384915590286255,NA,
COVIDhub-ensemble/2024-04-15-COVIDhub-ensemble.parquet,TRUE,0,11.771453857421877,NA,
CU-nochange/2020-10-11-CU-nochange.parquet,TRUE,0,558.684440612793,NA,
CU-scenario_high/2021-01-24-CU-scenario_high.parquet,TRUE,0,519.2060770988464,NA,
CU-scenario_low/2023-03-05-CU-scenario_low.parquet,TRUE,0,537.8798558712006,NA,
CU-select/2020-08-02-CU-select.parquet,TRUE,0,521.3853731155396,NA,
CUB_PopCouncil-SLSTM/2023-02-11-CUB_PopCouncil-SLSTM.parquet,TRUE,0,40.904865741729736,NA,
epiforecasts-ensemble1/2020-06-15-epiforecasts-ensemble1.parquet,TRUE,0,3.6351125240325928,NA,
FAIR-NRAR/2021-04-22-FAIR-NRAR.parquet,TRUE,0,323.064001083374,NA,
FDANIHASU-Sweight/2021-03-29-FDANIHASU-Sweight.parquet,TRUE,0,3.983556270599365,NA,
Google_Harvard-CPF/2021-03-21-Google_Harvard-CPF.parquet,TRUE,0,112.15752696990968,NA,
GT-DeepCOVID/2022-12-12-GT-DeepCOVID.parquet,TRUE,0,45.00419926643371,NA,
IEM_MED-CovidProject/2021-12-12-IEM_MED-CovidProject.parquet,TRUE,0,11.54619002342224,NA,
IQVIA_ACOE-STAN/2020-10-25-IQVIA_ACOE-STAN.parquet,TRUE,0,3.388618230819702,NA,
JHU_IDD-CovidSP/2021-07-18-JHU_IDD-CovidSP.parquet,TRUE,0,67.2731466293335,NA,
JHUAPL-Bucky/2021-08-09-JHUAPL-Bucky.parquet,TRUE,0,793.3257131576538,NA,
JHUAPL-SLPHospEns/2022-03-07-JHUAPL-SLPHospEns.parquet,TRUE,0,38.46939444541931,NA,
KITmetricslab-select_ensemble/2021-12-06-KITmetricslab-select_ensemble.parquet,TRUE,0,12.922589778900146,NA,
LNQ-ens1/2020-10-11-LNQ-ens1.parquet,FALSE,1,333.62223529815674,"?: Required task ID/output type/output type ID combinations missing.  
 See `missing` attribute for details.",
MIT_CritData-GBCF/2020-10-18-MIT_CritData-GBCF.parquet,TRUE,0,4.195502996444702,NA,
MIT-Cassandra/2021-06-21-MIT-Cassandra.parquet,TRUE,0,15.090234994888306,NA,
MOBS-GLEAM_COVID/2022-04-04-MOBS-GLEAM_COVID.parquet,TRUE,0,41.62124705314636,NA,
MUNI-ARIMA/2023-03-13-MUNI-ARIMA.parquet,TRUE,0,20.49932098388672,NA,
PandemicCentral-USCounty/2020-10-26-PandemicCentral-USCounty.parquet,TRUE,0,31.847840070724487,NA,
PSI-DICE/2023-12-25-PSI-DICE.parquet,TRUE,0,20.56999182701111,NA,
QJHong-Encounter/2021-02-08-QJHong-Encounter.parquet,TRUE,0,3.895582914352417,NA,
RobertWalraven-ESG/2022-09-26-RobertWalraven-ESG.parquet,TRUE,0,14.327882766723633,NA,
SteveMcConnell-CovidComplete/2020-11-30-SteveMcConnell-CovidComplete.parquet,TRUE,0,8.09223484992981,NA,
TTU-squider/2021-09-05-TTU-squider.parquet,TRUE,0,5.325929164886475,NA,
UCF-AEM/2021-10-24-UCF-AEM.parquet,TRUE,0,3.764184474945069,NA,
UCM_MESALab-FoGSEIR/2021-08-01-UCM_MESALab-FoGSEIR.parquet,TRUE,0,3.4581377506256104,NA,
UMass-gbq/2024-01-29-UMass-gbq.parquet,TRUE,0,21.022309064865112,NA,
UMass-sarix/2024-02-19-UMass-sarix.parquet,TRUE,0,14.283689737319946,NA,
UMich-RidgeTfReg/2021-12-27-UMich-RidgeTfReg.parquet,TRUE,0,13.07994556427002,NA,
USC-SI_kJalpha/2022-12-04-USC-SI_kJalpha.parquet,TRUE,0,146.88977026939392,NA,
UVA-Ensemble/2020-11-23-UVA-Ensemble.parquet,TRUE,0,346.50987482070923,NA,
YYG-ParamSearch/2020-05-16-YYG-ParamSearch.parquet,TRUE,0,14.236626386642456,NA,
AMM-EpiInvert/2022-10-10-AMM-EpiInvert.parquet,TRUE,0,17.028568983078003,NA,
CEID-Walk/2020-11-23-CEID-Walk.parquet,TRUE,0,496.23376989364624,NA,
CMU-TimeSeries/2021-04-05-CMU-TimeSeries.parquet,TRUE,0,40.191415309906006,NA,
Covid19Sim-Simulator/2020-07-26-Covid19Sim-Simulator.parquet,TRUE,0,320.56192445755005,NA,
COVIDhub_CDC-ensemble/2021-01-25-COVIDhub_CDC-ensemble.parquet,TRUE,0,554.1109862327576,NA,
COVIDhub-4_week_ensemble/2020-11-23-COVIDhub-4_week_ensemble.parquet,TRUE,0,513.2752273082733,NA,
COVIDhub-baseline/2020-08-31-COVIDhub-baseline.parquet,TRUE,0,1032.4787068367004,NA,
COVIDhub-ensemble/2020-06-15-COVIDhub-ensemble.parquet,TRUE,0,11.592867136001589,NA,
COVIDhub-ensemble/2024-04-22-COVIDhub-ensemble.parquet,TRUE,0,19.09115958213806,NA,
CU-nochange/2020-10-15-CU-nochange.parquet,TRUE,0,792.0825734138489,NA,
CU-scenario_high/2021-01-31-CU-scenario_high.parquet,TRUE,0,791.6235816478729,NA,
CU-scenario_mid/2020-04-12-CU-scenario_mid.parquet,TRUE,0,9.495218753814695,NA,
CU-select/2020-08-06-CU-select.parquet,TRUE,0,808.812126159668,NA,
CUB_PopCouncil-SLSTM/2023-02-18-CUB_PopCouncil-SLSTM.parquet,TRUE,0,71.62747383117676,NA,
epiforecasts-ensemble1/2020-06-22-epiforecasts-ensemble1.parquet,TRUE,0,6.262232542037964,NA,
FAIR-NRAR/2021-04-23-FAIR-NRAR.parquet,TRUE,0,539.9783880710602,NA,
FDANIHASU-Sweight/2021-04-05-FDANIHASU-Sweight.parquet,TRUE,0,6.678106784820557,NA,
Google_Harvard-CPF/2021-03-29-Google_Harvard-CPF.parquet,TRUE,0,196.9647879600525,NA,
GT-DeepCOVID/2022-12-19-GT-DeepCOVID.parquet,TRUE,0,74.63796353340149,NA,
IEM_MED-CovidProject/2021-12-19-IEM_MED-CovidProject.parquet,TRUE,0,19.712256908416748,NA,
IQVIA_ACOE-STAN/2020-11-01-IQVIA_ACOE-STAN.parquet,TRUE,0,6.086926698684692,NA,
JHU_IDD-CovidSP/2021-07-25-JHU_IDD-CovidSP.parquet,TRUE,0,104.56672382354736,NA,
JHUAPL-Bucky/2021-08-16-JHUAPL-Bucky.parquet,TRUE,0,1286.685356616974,NA,
JHUAPL-SLPHospEns/2022-03-14-JHUAPL-SLPHospEns.parquet,TRUE,0,65.988196849823,NA,
KITmetricslab-select_ensemble/2021-12-13-KITmetricslab-select_ensemble.parquet,TRUE,0,21.886231422424316,NA,
LNQ-ens1/2020-10-18-LNQ-ens1.parquet,FALSE,1,571.5930254459381,"?: Required task ID/output type/output type ID combinations missing.  
 See `missing` attribute for details.",
MIT_CritData-GBCF/2020-10-25-MIT_CritData-GBCF.parquet,TRUE,0,7.544644355773926,NA,
MIT-Cassandra/2021-06-28-MIT-Cassandra.parquet,TRUE,0,24.09553050994873,NA,
MOBS-GLEAM_COVID/2022-04-11-MOBS-GLEAM_COVID.parquet,TRUE,0,72.57593870162964,NA,
MUNI-ARIMA/2023-03-20-MUNI-ARIMA.parquet,TRUE,0,36.11590266227722,NA,
PandemicCentral-USCounty/2020-11-02-PandemicCentral-USCounty.parquet,TRUE,0,63.094972133636475,NA,
PSI-DICE/2024-01-01-PSI-DICE.parquet,TRUE,0,35.413191080093384,NA,
QJHong-Encounter/2021-02-14-QJHong-Encounter.parquet,TRUE,0,6.847358226776123,NA,
RPI_UW-Mob_Collision/2020-08-03-RPI_UW-Mob_Collision.parquet,TRUE,0,6.328632593154907,NA,
SteveMcConnell-CovidComplete/2020-12-07-SteveMcConnell-CovidComplete.parquet,TRUE,0,14.383121013641356,NA,
TTU-squider/2021-09-12-TTU-squider.parquet,TRUE,0,9.828990936279297,NA,
UCF-AEM/2021-10-31-UCF-AEM.parquet,TRUE,0,6.410309314727783,NA,
UCM_MESALab-FoGSEIR/2021-08-08-UCM_MESALab-FoGSEIR.parquet,TRUE,0,6.28515362739563,NA,
UMass-gbq/2024-02-05-UMass-gbq.parquet,TRUE,0,35.22018814086914,NA,
UMass-sarix/2024-02-26-UMass-sarix.parquet,TRUE,0,24.78950142860413,NA,
UMich-RidgeTfReg/2022-01-03-UMich-RidgeTfReg.parquet,TRUE,0,22.773712635040283,NA,
USC-SI_kJalpha/2022-12-11-USC-SI_kJalpha.parquet,TRUE,0,221.17806196212769,NA,
UVA-Ensemble/2020-11-30-UVA-Ensemble.parquet,TRUE,0,532.5171179771423,NA,
YYG-ParamSearch/2020-05-17-YYG-ParamSearch.parquet,TRUE,0,25.559677362442017,NA,
AMM-EpiInvert/2022-10-17-AMM-EpiInvert.parquet,TRUE,0,12.231199502944946,NA,
CEID-Walk/2020-11-30-CEID-Walk.parquet,TRUE,0,397.0672395229339,NA,
CMU-TimeSeries/2021-04-12-CMU-TimeSeries.parquet,TRUE,0,30.01345658302307,NA,
Covid19Sim-Simulator/2020-08-02-Covid19Sim-Simulator.parquet,TRUE,0,233.70498418807983,NA,
COVIDhub_CDC-ensemble/2021-02-01-COVIDhub_CDC-ensemble.parquet,TRUE,0,420.1308579444885,NA,
COVIDhub-4_week_ensemble/2020-11-30-COVIDhub-4_week_ensemble.parquet,TRUE,0,394.2594666481018,NA,
COVIDhub-baseline/2020-09-07-COVIDhub-baseline.parquet,TRUE,0,778.8108832836151,NA,
COVIDhub-ensemble/2020-06-22-COVIDhub-ensemble.parquet,TRUE,0,7.9368791580200195,NA,
COVIDhub-ensemble/2024-04-29-COVIDhub-ensemble.parquet,TRUE,0,12.717559099197388,NA,3
CU-nochange/2020-10-18-CU-nochange.parquet,TRUE,0,630.592827796936,NA,
CU-scenario_high/2021-02-07-CU-scenario_high.parquet,TRUE,0,617.8869395256042,NA,
CU-scenario_mid/2020-04-16-CU-scenario_mid.parquet,TRUE,0,5.686966180801392,NA,
CU-select/2020-08-09-CU-select.parquet,TRUE,0,620.5522840023041,NA,
CUB_PopCouncil-SLSTM/2023-02-25-CUB_PopCouncil-SLSTM.parquet,TRUE,0,47.5662579536438,NA,
epiforecasts-ensemble1/2020-06-29-epiforecasts-ensemble1.parquet,TRUE,0,4.413074254989624,NA,
FAIR-NRAR/2021-04-24-FAIR-NRAR.parquet,TRUE,0,397.8015580177307,NA,
FDANIHASU-Sweight/2021-04-12-FDANIHASU-Sweight.parquet,TRUE,0,5.076639413833618,NA,
Google_Harvard-CPF/2021-04-05-Google_Harvard-CPF.parquet,TRUE,0,127.39276385307312,NA,
GT-DeepCOVID/2022-12-26-GT-DeepCOVID.parquet,TRUE,0,49.614906787872314,NA,
IEM_MED-CovidProject/2021-12-27-IEM_MED-CovidProject.parquet,TRUE,0,13.714813709259031,NA,
IQVIA_ACOE-STAN/2020-11-08-IQVIA_ACOE-STAN.parquet,TRUE,0,3.785059928894043,NA,
JHU_IDD-CovidSP/2021-08-01-JHU_IDD-CovidSP.parquet,TRUE,0,62.71708154678345,NA,
JHUAPL-Bucky/2021-08-23-JHUAPL-Bucky.parquet,TRUE,0,893.2479448318481,NA,
JHUAPL-SLPHospEns/2022-03-21-JHUAPL-SLPHospEns.parquet,TRUE,0,43.31700277328491,NA,
KITmetricslab-select_ensemble/2021-12-20-KITmetricslab-select_ensemble.parquet,TRUE,0,14.403243780136108,NA,
LNQ-ens1/2020-10-25-LNQ-ens1.parquet,FALSE,1,395.978080034256,"?: Required task ID/output type/output type ID combinations missing.  
 See `missing` attribute for details.",
MIT_CritData-GBCF/2020-11-01-MIT_CritData-GBCF.parquet,TRUE,0,4.496638298034668,NA,
MIT-Cassandra/2021-07-05-MIT-Cassandra.parquet,TRUE,0,16.72432279586792,NA,
MOBS-GLEAM_COVID/2022-04-18-MOBS-GLEAM_COVID.parquet,TRUE,0,50.4278290271759,NA,
MUNI-ARIMA/2023-03-27-MUNI-ARIMA.parquet,TRUE,0,26.276061296463013,NA,
PandemicCentral-USCounty/2020-11-09-PandemicCentral-USCounty.parquet,TRUE,0,44.27702593803406,NA,
PSI-DICE/2024-01-08-PSI-DICE.parquet,TRUE,0,25.25408935546875,NA,
QJHong-Encounter/2021-02-21-QJHong-Encounter.parquet,TRUE,0,4.70482611656189,NA,
RPI_UW-Mob_Collision/2020-08-10-RPI_UW-Mob_Collision.parquet,TRUE,0,7.884758472442627,NA,
SteveMcConnell-CovidComplete/2020-12-14-SteveMcConnell-CovidComplete.parquet,TRUE,0,9.859533309936523,NA,
TTU-squider/2021-09-19-TTU-squider.parquet,TRUE,0,6.187628984451294,NA,
UCF-AEM/2021-11-07-UCF-AEM.parquet,TRUE,0,4.673479318618774,NA,
UCM_MESALab-FoGSEIR/2021-08-15-UCM_MESALab-FoGSEIR.parquet,TRUE,0,4.301339387893677,NA,
UMass-gbq/2024-02-12-UMass-gbq.parquet,TRUE,0,25.528581380844116,NA,
UMass-sarix/2024-03-04-UMass-sarix.parquet,TRUE,0,19.073806047439575,NA,
UMich-RidgeTfReg/2022-01-17-UMich-RidgeTfReg.parquet,TRUE,0,16.661768436431885,NA,
USC-SI_kJalpha/2022-12-18-USC-SI_kJalpha.parquet,TRUE,0,179.70098638534546,NA,
UVA-Ensemble/2020-12-07-UVA-Ensemble.parquet,TRUE,0,396.72602796554565,NA,
YYG-ParamSearch/2020-05-18-YYG-ParamSearch.parquet,TRUE,0,17.162639617919922,NA,
AMM-EpiInvert/2022-10-24-AMM-EpiInvert.parquet,TRUE,0,10.008413076400757,NA,
CEID-Walk/2020-12-07-CEID-Walk.parquet,TRUE,0,328.5892381668091,NA,
CMU-TimeSeries/2021-04-19-CMU-TimeSeries.parquet,TRUE,0,24.628588438034058,NA,
Covid19Sim-Simulator/2020-08-16-Covid19Sim-Simulator.parquet,FALSE,1,64.8452455997467,"?: Required task ID/output type/output type ID combinations missing.  
 See `missing` attribute for details.",
COVIDhub_CDC-ensemble/2021-02-08-COVIDhub_CDC-ensemble.parquet,TRUE,0,385.93122696876526,NA,
COVIDhub-4_week_ensemble/2020-12-07-COVIDhub-4_week_ensemble.parquet,TRUE,0,396.0594062805176,NA,
COVIDhub-baseline/2020-09-14-COVIDhub-baseline.parquet,TRUE,0,685.798835515976,NA,
COVIDhub-ensemble/2020-06-29-COVIDhub-ensemble.parquet,TRUE,0,6.808619737625122,NA,
COVIDhub-trained_ensemble/2021-02-01-COVIDhub-trained_ensemble.parquet,TRUE,0,366.5258219242096,NA,
CU-nochange/2020-10-22-CU-nochange.parquet,TRUE,0,526.4005076885223,NA,
CU-scenario_high/2021-02-14-CU-scenario_high.parquet,TRUE,0,510.32884216308594,NA,
CU-scenario_mid/2020-04-19-CU-scenario_mid.parquet,TRUE,0,5.127971410751343,NA,
CU-select/2020-08-13-CU-select.parquet,TRUE,0,540.6380577087402,NA,
CUB_PopCouncil-SLSTM/2023-03-04-CUB_PopCouncil-SLSTM.parquet,TRUE,0,40.64589476585388,NA,
epiforecasts-ensemble1/2020-07-06-epiforecasts-ensemble1.parquet,TRUE,0,4.337098121643066,NA,
FAIR-NRAR/2021-04-25-FAIR-NRAR.parquet,TRUE,0,348.9433937072754,NA,
FDANIHASU-Sweight/2021-04-19-FDANIHASU-Sweight.parquet,TRUE,0,4.0272321701049805,NA,
Google_Harvard-CPF/2021-04-12-Google_Harvard-CPF.parquet,TRUE,0,114.84775710105896,NA,
GT-DeepCOVID/2023-01-02-GT-DeepCOVID.parquet,TRUE,0,43.15944004058838,NA,
IEM_MED-CovidProject/2022-01-03-IEM_MED-CovidProject.parquet,TRUE,0,12.39015007019043,NA,
IQVIA_ACOE-STAN/2020-11-15-IQVIA_ACOE-STAN.parquet,TRUE,0,3.167895555496216,NA,
JHU_IDD-CovidSP/2021-08-08-JHU_IDD-CovidSP.parquet,TRUE,0,63.0750744342804,NA,
JHUAPL-Bucky/2021-08-30-JHUAPL-Bucky.parquet,TRUE,0,816.3355145454407,NA,
JHUAPL-SLPHospEns/2022-03-28-JHUAPL-SLPHospEns.parquet,TRUE,0,40.042370557785034,NA,
KITmetricslab-select_ensemble/2021-12-27-KITmetricslab-select_ensemble.parquet,TRUE,0,12.838417291641235,NA,
LNQ-ens1/2020-11-01-LNQ-ens1.parquet,FALSE,1,367.979852437973,"?: Required task ID/output type/output type ID combinations missing.  
 See `missing` attribute for details.",
MIT_CritData-GBCF/2020-11-08-MIT_CritData-GBCF.parquet,TRUE,0,3.7371397018432617,NA,
MIT-Cassandra/2021-07-12-MIT-Cassandra.parquet,TRUE,0,14.703870296478271,NA,
MOBS-GLEAM_COVID/2022-04-25-MOBS-GLEAM_COVID.parquet,TRUE,0,43.72191548347473,NA,
MUNI-ARIMA/2023-04-03-MUNI-ARIMA.parquet,TRUE,0,20.216424703598022,NA,
PandemicCentral-USCounty/2020-11-16-PandemicCentral-USCounty.parquet,TRUE,0,34.253134965896606,NA,
PSI-DICE/2024-01-15-PSI-DICE.parquet,TRUE,0,20.06537127494812,NA,
QJHong-Encounter/2021-03-01-QJHong-Encounter.parquet,TRUE,0,3.85693621635437,NA,
RPI_UW-Mob_Collision/2020-08-16-RPI_UW-Mob_Collision.parquet,TRUE,0,6.385698080062866,NA,
SteveMcConnell-CovidComplete/2020-12-21-SteveMcConnell-CovidComplete.parquet,TRUE,0,7.714609622955322,NA,
TTU-squider/2021-09-26-TTU-squider.parquet,TRUE,0,4.89182186126709,NA,
UCF-AEM/2021-11-14-UCF-AEM.parquet,TRUE,0,3.604220151901245,NA,
UCM_MESALab-FoGSEIR/2021-08-22-UCM_MESALab-FoGSEIR.parquet,TRUE,0,3.4797816276550293,NA,
UMass-gbq/2024-02-19-UMass-gbq.parquet,TRUE,0,20.548218488693237,NA,
UMass-sarix/2024-03-11-UMass-sarix.parquet,TRUE,0,14.363095045089722,NA,
UMich-RidgeTfReg/2022-01-24-UMich-RidgeTfReg.parquet,TRUE,0,12.86067795753479,NA,
USC-SI_kJalpha/2023-01-01-USC-SI_kJalpha.parquet,TRUE,0,162.8918194770813,NA,
UVA-Ensemble/2020-12-14-UVA-Ensemble.parquet,TRUE,0,337.0857615470886,NA,
YYG-ParamSearch/2020-05-19-YYG-ParamSearch.parquet,TRUE,0,14.153766632080078,NA,
AMM-EpiInvert/2022-10-31-AMM-EpiInvert.parquet,TRUE,0,10.441168308258057,NA,
CEID-Walk/2020-12-14-CEID-Walk.parquet,TRUE,0,271.4537048339844,NA,
CMU-TimeSeries/2021-04-26-CMU-TimeSeries.parquet,TRUE,0,27.242511510849,NA,
Covid19Sim-Simulator/2020-08-23-Covid19Sim-Simulator.parquet,TRUE,0,205.96375179290771,NA,
COVIDhub_CDC-ensemble/2021-02-15-COVIDhub_CDC-ensemble.parquet,TRUE,0,396.2993929386139,NA,
COVIDhub-4_week_ensemble/2020-12-14-COVIDhub-4_week_ensemble.parquet,TRUE,0,391.65383863449097,NA,
COVIDhub-baseline/2020-09-21-COVIDhub-baseline.parquet,TRUE,0,670.9779262542725,NA,
COVIDhub-ensemble/2020-07-06-COVIDhub-ensemble.parquet,TRUE,0,6.45628809928894,NA,
COVIDhub-trained_ensemble/2021-02-08-COVIDhub-trained_ensemble.parquet,TRUE,0,397.7030007839203,NA,
CU-nochange/2020-10-25-CU-nochange.parquet,TRUE,0,539.3546059131622,NA,
CU-scenario_high/2021-02-21-CU-scenario_high.parquet,TRUE,0,568.0768744945526,NA,
CU-scenario_mid/2020-04-23-CU-scenario_mid.parquet,TRUE,0,4.32381534576416,NA,
CU-select/2020-08-16-CU-select.parquet,TRUE,0,553.9386847019196,NA,
CUB_PopCouncil-SLSTM/2023-03-11-CUB_PopCouncil-SLSTM.parquet,TRUE,0,21.09875226020813,NA,
epiforecasts-ensemble1/2020-07-13-epiforecasts-ensemble1.parquet,TRUE,0,4.732021331787109,NA,
FAIR-NRAR/2021-04-26-FAIR-NRAR.parquet,TRUE,0,343.27602076530457,NA,
FDANIHASU-Sweight/2021-04-26-FDANIHASU-Sweight.parquet,TRUE,0,3.7093937397003174,NA,
Google_Harvard-CPF/2021-04-19-Google_Harvard-CPF.parquet,TRUE,0,107.68361711502077,NA,
GT-DeepCOVID/2023-01-09-GT-DeepCOVID.parquet,TRUE,0,43.77628183364868,NA,
IEM_MED-CovidProject/2022-01-10-IEM_MED-CovidProject.parquet,TRUE,0,11.845736265182495,NA,
IQVIA_ACOE-STAN/2020-11-22-IQVIA_ACOE-STAN.parquet,TRUE,0,3.2682971954345703,NA,
JHU_IDD-CovidSP/2021-08-16-JHU_IDD-CovidSP.parquet,TRUE,0,56.9844331741333,NA,
JHUAPL-Bucky/2021-09-06-JHUAPL-Bucky.parquet,TRUE,0,877.99977850914,NA,
JHUAPL-SLPHospEns/2022-04-04-JHUAPL-SLPHospEns.parquet,TRUE,0,41.55034804344177,NA,
KITmetricslab-select_ensemble/2022-01-03-KITmetricslab-select_ensemble.parquet,TRUE,0,13.672876119613647,NA,
LNQ-ens1/2020-11-08-LNQ-ens1.parquet,FALSE,1,378.599072933197,"?: Required task ID/output type/output type ID combinations missing.  
 See `missing` attribute for details.",
MIT_CritData-GBCF/2020-11-15-MIT_CritData-GBCF.parquet,TRUE,0,3.997525453567505,NA,
MIT-Cassandra/2021-07-19-MIT-Cassandra.parquet,TRUE,0,16.87136721611023,NA,
MOBS-GLEAM_COVID/2022-05-02-MOBS-GLEAM_COVID.parquet,TRUE,0,47.03243803977966,NA,
MUNI-ARIMA/2023-04-10-MUNI-ARIMA.parquet,TRUE,0,21.574223518371586,NA,
PandemicCentral-USCounty/2020-12-07-PandemicCentral-USCounty.parquet,TRUE,0,343.9986035823822,NA,
PSI-DICE/2024-01-21-PSI-DICE.parquet,TRUE,0,22.45900082588196,NA,
QJHong-Encounter/2021-03-08-QJHong-Encounter.parquet,TRUE,0,4.011084318161011,NA,
RPI_UW-Mob_Collision/2020-08-23-RPI_UW-Mob_Collision.parquet,TRUE,0,6.634121417999268,NA,
SteveMcConnell-CovidComplete/2020-12-28-SteveMcConnell-CovidComplete.parquet,TRUE,0,8.596586227416992,NA,
TTU-squider/2021-10-03-TTU-squider.parquet,TRUE,0,5.3420610427856445,NA,
UCF-AEM/2021-11-21-UCF-AEM.parquet,TRUE,0,3.7681431770324703,NA,
UCM_MESALab-FoGSEIR/2021-08-29-UCM_MESALab-FoGSEIR.parquet,TRUE,0,3.599088191986084,NA,
UMass-gbq/2024-02-26-UMass-gbq.parquet,TRUE,0,22.871108531951904,NA,
UMass-sarix/2024-03-18-UMass-sarix.parquet,TRUE,0,16.109236478805542,NA,
UMich-RidgeTfReg/2022-01-31-UMich-RidgeTfReg.parquet,TRUE,0,13.614498615264893,NA,
USC-SI_kJalpha/2023-01-08-USC-SI_kJalpha.parquet,TRUE,0,169.2861590385437,NA,
UVA-Ensemble/2020-12-21-UVA-Ensemble.parquet,TRUE,0,352.8366847038269,NA,
YYG-ParamSearch/2020-05-20-YYG-ParamSearch.parquet,TRUE,0,14.71574330329895,NA,
AMM-EpiInvert/2022-11-07-AMM-EpiInvert.parquet,TRUE,0,10.220481872558594,NA,
CEID-Walk/2020-12-21-CEID-Walk.parquet,TRUE,0,179.24342012405396,NA,
CMU-TimeSeries/2021-05-03-CMU-TimeSeries.parquet,TRUE,0,26.030067682266235,NA,
Covid19Sim-Simulator/2020-09-13-Covid19Sim-Simulator.parquet,TRUE,0,201.2331564426422,NA,
COVIDhub_CDC-ensemble/2021-02-22-COVIDhub_CDC-ensemble.parquet,TRUE,0,374.44658970832825,NA,
COVIDhub-4_week_ensemble/2020-12-21-COVIDhub-4_week_ensemble.parquet,TRUE,0,376.1332612037658,NA,
COVIDhub-baseline/2020-09-28-COVIDhub-baseline.parquet,TRUE,0,655.6258850097656,NA,
COVIDhub-ensemble/2020-07-13-COVIDhub-ensemble.parquet,TRUE,0,6.833213806152344,NA,
COVIDhub-trained_ensemble/2021-02-15-COVIDhub-trained_ensemble.parquet,TRUE,0,377.43745732307434,NA,
CU-nochange/2020-10-29-CU-nochange.parquet,TRUE,0,519.9017171859741,NA,
CU-scenario_high/2021-02-28-CU-scenario_high.parquet,TRUE,0,525.9490294456482,NA,
CU-scenario_mid/2020-04-26-CU-scenario_mid.parquet,TRUE,0,5.2574028968811035,NA,
CU-select/2020-08-20-CU-select.parquet,TRUE,0,526.2932114601135,NA,
CUB_PopCouncil-SLSTM/2023-03-18-CUB_PopCouncil-SLSTM.parquet,TRUE,0,22.44850182533264,NA,
epiforecasts-ensemble1/2020-07-19-epiforecasts-ensemble1.parquet,TRUE,0,4.17719292640686,NA,
FAIR-NRAR/2021-04-27-FAIR-NRAR.parquet,TRUE,0,338.8385877609253,NA,
FDANIHASU-Sweight/2021-05-03-FDANIHASU-Sweight.parquet,TRUE,0,3.7620346546173096,NA,
Google_Harvard-CPF/2021-04-26-Google_Harvard-CPF.parquet,TRUE,0,110.90257239341736,NA,
GT-DeepCOVID/2023-01-16-GT-DeepCOVID.parquet,TRUE,0,42.22113609313965,NA,
IEM_MED-CovidProject/2022-01-17-IEM_MED-CovidProject.parquet,TRUE,0,12.022684574127195,NA,
IQVIA_ACOE-STAN/2020-11-29-IQVIA_ACOE-STAN.parquet,TRUE,0,3.3489108085632324,NA,
JHU_IDD-CovidSP/2021-08-22-JHU_IDD-CovidSP.parquet,TRUE,0,52.96410846710205,NA,
JHUAPL-Bucky/2021-09-13-JHUAPL-Bucky.parquet,TRUE,0,747.8001716136932,NA,
JHUAPL-SLPHospEns/2022-04-11-JHUAPL-SLPHospEns.parquet,TRUE,0,37.59302639961243,NA,
KITmetricslab-select_ensemble/2022-01-10-KITmetricslab-select_ensemble.parquet,TRUE,0,12.892640113830566,NA,
LNQ-ens1/2020-11-15-LNQ-ens1.parquet,FALSE,1,331.61025047302246,"?: Required task ID/output type/output type ID combinations missing.  
 See `missing` attribute for details.",
MIT_CritData-GBCF/2020-11-22-MIT_CritData-GBCF.parquet,TRUE,0,3.9524736404418945,NA,
MIT-Cassandra/2021-07-26-MIT-Cassandra.parquet,TRUE,0,14.503015041351318,NA,
MOBS-GLEAM_COVID/2022-05-09-MOBS-GLEAM_COVID.parquet,TRUE,0,7.794045686721802,NA,
MUNI-ARIMA/2023-04-17-MUNI-ARIMA.parquet,TRUE,0,20.082930088043213,NA,
PandemicCentral-USCounty/2020-12-14-PandemicCentral-USCounty.parquet,TRUE,0,315.33180022239685,NA,
PSI-DICE/2024-01-28-PSI-DICE.parquet,TRUE,0,20.26342511177063,NA,
QJHong-Encounter/2021-03-15-QJHong-Encounter.parquet,TRUE,0,3.96281099319458,NA,
RPI_UW-Mob_Collision/2020-08-30-RPI_UW-Mob_Collision.parquet,TRUE,0,6.203127861022949,NA,
SteveMcConnell-CovidComplete/2021-01-04-SteveMcConnell-CovidComplete.parquet,TRUE,0,8.018865585327148,NA,
TTU-squider/2021-10-10-TTU-squider.parquet,TRUE,0,5.26447319984436,NA,
UCF-AEM/2021-11-28-UCF-AEM.parquet,TRUE,0,3.749320507049561,NA,
UCM_MESALab-FoGSEIR/2021-09-05-UCM_MESALab-FoGSEIR.parquet,TRUE,0,3.6004843711853027,NA,
UMass-gbq/2024-03-04-UMass-gbq.parquet,TRUE,0,20.690094232559204,NA,
UMass-sarix/2024-03-25-UMass-sarix.parquet,TRUE,0,14.45643186569214,NA,
UMich-RidgeTfReg/2022-02-07-UMich-RidgeTfReg.parquet,TRUE,0,12.657308101654053,NA,
USC-SI_kJalpha/2023-01-15-USC-SI_kJalpha.parquet,TRUE,0,143.7561638355255,NA,
UVA-Ensemble/2020-12-28-UVA-Ensemble.parquet,TRUE,0,321.42673349380493,NA,
YYG-ParamSearch/2020-05-21-YYG-ParamSearch.parquet,TRUE,0,13.779134273529053,NA,
AMM-EpiInvert/2022-11-14-AMM-EpiInvert.parquet,TRUE,0,9.795274257659912,NA,
CEID-Walk/2020-12-28-CEID-Walk.parquet,TRUE,0,342.38246297836304,NA,
CMU-TimeSeries/2021-05-10-CMU-TimeSeries.parquet,TRUE,0,27.07973551750183,NA,
Covid19Sim-Simulator/2020-09-27-Covid19Sim-Simulator.parquet,TRUE,0,200.5443964004517,NA,
COVIDhub_CDC-ensemble/2021-03-01-COVIDhub_CDC-ensemble.parquet,TRUE,0,371.42965054512024,NA,
COVIDhub-4_week_ensemble/2020-12-28-COVIDhub-4_week_ensemble.parquet,TRUE,0,366.81065583229065,NA,
COVIDhub-baseline/2020-10-05-COVIDhub-baseline.parquet,TRUE,0,686.1200935840607,NA,
COVIDhub-ensemble/2020-07-20-COVIDhub-ensemble.parquet,TRUE,0,6.915812969207764,NA,
COVIDhub-trained_ensemble/2021-02-22-COVIDhub-trained_ensemble.parquet,TRUE,0,370.125812292099,NA,
CU-nochange/2020-11-01-CU-nochange.parquet,TRUE,0,545.9337368011475,NA,
CU-scenario_high/2021-03-07-CU-scenario_high.parquet,TRUE,0,540.2125842571259,NA,
CU-scenario_mid/2020-05-07-CU-scenario_mid.parquet,TRUE,0,4.799911260604858,NA,
CU-select/2020-08-23-CU-select.parquet,TRUE,0,536.7102100849152,NA,
CUB_PopCouncil-SLSTM/2023-04-01-CUB_PopCouncil-SLSTM.parquet,TRUE,0,22.44563126564026,NA,
epiforecasts-ensemble1/2020-07-26-epiforecasts-ensemble1.parquet,TRUE,0,5.863348007202148,NA,
FAIR-NRAR/2021-04-28-FAIR-NRAR.parquet,TRUE,0,325.59292006492615,NA,
FDANIHASU-Sweight/2021-05-10-FDANIHASU-Sweight.parquet,TRUE,0,3.741890192031861,NA,
Google_Harvard-CPF/2021-05-03-Google_Harvard-CPF.parquet,TRUE,0,112.23451375961304,NA,
GT-DeepCOVID/2023-01-23-GT-DeepCOVID.parquet,TRUE,0,38.51457476615906,NA,
IEM_MED-CovidProject/2022-01-24-IEM_MED-CovidProject.parquet,TRUE,0,11.688903570175173,NA,
IQVIA_ACOE-STAN/2020-12-06-IQVIA_ACOE-STAN.parquet,TRUE,0,6.179610013961792,NA,
JHU_IDD-CovidSP/2021-08-29-JHU_IDD-CovidSP.parquet,TRUE,0,18.931861400604248,NA,
JHUAPL-Bucky/2021-09-20-JHUAPL-Bucky.parquet,TRUE,0,772.299209356308,NA,
JHUAPL-SLPHospEns/2022-04-18-JHUAPL-SLPHospEns.parquet,TRUE,0,37.9878876209259,NA,
KITmetricslab-select_ensemble/2022-01-17-KITmetricslab-select_ensemble.parquet,TRUE,0,13.04910159111023,NA,
LNQ-ens1/2020-11-22-LNQ-ens1.parquet,FALSE,1,344.3589491844177,"?: Required task ID/output type/output type ID combinations missing.  
 See `missing` attribute for details.",
MIT_CritData-GBCF/2020-11-29-MIT_CritData-GBCF.parquet,TRUE,0,4.117624998092651,NA,
MIT-Cassandra/2021-08-02-MIT-Cassandra.parquet,TRUE,0,14.797815561294556,NA,
MOBS-GLEAM_COVID/2022-05-16-MOBS-GLEAM_COVID.parquet,TRUE,0,44.648916482925415,NA,
MUNI-ARIMA/2023-04-24-MUNI-ARIMA.parquet,TRUE,0,20.364344120025635,NA,
PandemicCentral-USCounty/2020-12-21-PandemicCentral-USCounty.parquet,TRUE,0,325.38479471206665,NA,
PSI-DICE/2024-02-04-PSI-DICE.parquet,TRUE,0,20.24603509902954,NA,
QJHong-Encounter/2021-03-22-QJHong-Encounter.parquet,TRUE,0,3.8996386528015137,NA,
RPI_UW-Mob_Collision/2020-09-06-RPI_UW-Mob_Collision.parquet,TRUE,0,6.162485599517822,NA,
SteveMcConnell-CovidComplete/2021-01-11-SteveMcConnell-CovidComplete.parquet,TRUE,0,7.874683856964111,NA,
TTU-squider/2021-10-17-TTU-squider.parquet,TRUE,0,5.270628452301025,NA,
UCF-AEM/2021-12-05-UCF-AEM.parquet,TRUE,0,3.906013011932373,NA,
UCSB-ACTS/2020-10-25-UCSB-ACTS.parquet,TRUE,0,34.13986349105835,NA,
UMass-gbq/2024-03-11-UMass-gbq.parquet,TRUE,0,21.463346004486084,NA,
UMass-sarix/2024-04-01-UMass-sarix.parquet,TRUE,0,14.376224756240845,NA,
UMich-RidgeTfReg/2022-02-14-UMich-RidgeTfReg.parquet,TRUE,0,13.022606611251833,NA,
USC-SI_kJalpha/2023-01-22-USC-SI_kJalpha.parquet,TRUE,0,135.07482194900513,NA,
UVA-Ensemble/2021-01-04-UVA-Ensemble.parquet,TRUE,0,329.07175850868225,NA,
YYG-ParamSearch/2020-05-22-YYG-ParamSearch.parquet,TRUE,0,13.940594673156738,NA,
AMM-EpiInvert/2022-11-21-AMM-EpiInvert.parquet,TRUE,0,11.524776697158812,NA,
CEID-Walk/2021-01-04-CEID-Walk.parquet,TRUE,0,366.26949763298035,NA,
CMU-TimeSeries/2021-05-17-CMU-TimeSeries.parquet,TRUE,0,28.833872079849243,NA,
Covid19Sim-Simulator/2020-10-11-Covid19Sim-Simulator.parquet,TRUE,0,212.55207419395447,NA,
COVIDhub_CDC-ensemble/2021-03-08-COVIDhub_CDC-ensemble.parquet,TRUE,0,413.7360303401947,NA,
COVIDhub-4_week_ensemble/2021-01-04-COVIDhub-4_week_ensemble.parquet,TRUE,0,413.63833808898926,NA,
COVIDhub-baseline/2020-10-12-COVIDhub-baseline.parquet,TRUE,0,752.0215837955475,NA,
COVIDhub-ensemble/2020-07-27-COVIDhub-ensemble.parquet,TRUE,0,399.8809018135071,NA,
COVIDhub-trained_ensemble/2021-03-01-COVIDhub-trained_ensemble.parquet,TRUE,0,424.73147535324097,NA,
CU-nochange/2020-11-05-CU-nochange.parquet,TRUE,0,592.3030259609222,NA,
CU-scenario_high/2021-03-14-CU-scenario_high.parquet,TRUE,0,567.6921985149384,NA,
CU-scenario_mid/2020-05-10-CU-scenario_mid.parquet,TRUE,0,5.826558828353882,NA,
CU-select/2020-08-30-CU-select.parquet,TRUE,0,568.2167448997498,NA,
CUB_PopCouncil-SLSTM/2023-04-08-CUB_PopCouncil-SLSTM.parquet,TRUE,0,24.44994282722473,NA,
epiforecasts-ensemble1/2020-08-03-epiforecasts-ensemble1.parquet,TRUE,0,6.634222030639648,NA,
FAIR-NRAR/2021-04-29-FAIR-NRAR.parquet,TRUE,0,365.82814502716064,NA,
FDANIHASU-Sweight/2021-05-17-FDANIHASU-Sweight.parquet,TRUE,0,4.29996657371521,NA,
Google_Harvard-CPF/2021-05-10-Google_Harvard-CPF.parquet,TRUE,0,123.79169821739195,NA,
GT-DeepCOVID/2023-01-30-GT-DeepCOVID.parquet,TRUE,0,43.04797315597534,NA,
IEM_MED-CovidProject/2022-01-31-IEM_MED-CovidProject.parquet,TRUE,0,13.03381896018982,NA,
IQVIA_ACOE-STAN/2020-12-13-IQVIA_ACOE-STAN.parquet,TRUE,0,9.561491012573242,NA,
JHU_IDD-CovidSP/2021-09-05-JHU_IDD-CovidSP.parquet,TRUE,0,21.73237133026123,NA,
JHUAPL-Bucky/2021-09-27-JHUAPL-Bucky.parquet,TRUE,0,813.250617980957,NA,
JHUAPL-SLPHospEns/2022-04-25-JHUAPL-SLPHospEns.parquet,TRUE,0,40.84314179420471,NA,
KITmetricslab-select_ensemble/2022-01-24-KITmetricslab-select_ensemble.parquet,TRUE,0,13.980909824371338,NA,
LNQ-ens1/2020-11-29-LNQ-ens1.parquet,FALSE,1,352.55125665664673,"?: Required task ID/output type/output type ID combinations missing.  
 See `missing` attribute for details.",
MIT_CritData-GBCF/2020-12-06-MIT_CritData-GBCF.parquet,TRUE,0,8.675273656845093,NA,
MIT-Cassandra/2021-08-09-MIT-Cassandra.parquet,TRUE,0,14.122889041900637,NA,
MOBS-GLEAM_COVID/2022-05-23-MOBS-GLEAM_COVID.parquet,TRUE,0,46.21024227142334,NA,
MUNI-ARIMA/2023-05-01-MUNI-ARIMA.parquet,TRUE,0,22.57302236557007,NA,
PandemicCentral-USCounty/2020-12-27-PandemicCentral-USCounty.parquet,TRUE,0,357.1629514694214,NA,
PSI-DICE/2024-02-12-PSI-DICE.parquet,TRUE,0,22.18051266670227,NA,
QJHong-Encounter/2021-07-12-QJHong-Encounter.parquet,TRUE,0,4.21845006942749,NA,
RPI_UW-Mob_Collision/2020-09-13-RPI_UW-Mob_Collision.parquet,TRUE,0,6.833525896072388,NA,
SteveMcConnell-CovidComplete/2021-01-18-SteveMcConnell-CovidComplete.parquet,TRUE,0,8.533272504806519,NA,
TTU-squider/2021-10-24-TTU-squider.parquet,TRUE,0,5.773697137832642,NA,
UCF-AEM/2021-12-19-UCF-AEM.parquet,TRUE,0,4.046384811401367,NA,
UCSB-ACTS/2020-11-01-UCSB-ACTS.parquet,TRUE,0,36.54829382896423,NA,
UMass-gbq/2024-03-18-UMass-gbq.parquet,TRUE,0,22.75379180908203,NA,
UMass-sarix/2024-04-08-UMass-sarix.parquet,TRUE,0,15.814049243927002,NA,
UMich-RidgeTfReg/2022-02-21-UMich-RidgeTfReg.parquet,TRUE,0,14.490470886230469,NA,
USC-SI_kJalpha/2023-01-29-USC-SI_kJalpha.parquet,TRUE,0,145.58497381210327,NA,
UVA-Ensemble/2021-01-11-UVA-Ensemble.parquet,TRUE,0,356.05066108703613,NA,
YYG-ParamSearch/2020-05-23-YYG-ParamSearch.parquet,TRUE,0,15.291340589523315,NA,
AMM-EpiInvert/2022-11-28-AMM-EpiInvert.parquet,TRUE,0,13.343541383743286,NA,
CEID-Walk/2021-01-11-CEID-Walk.parquet,TRUE,0,529.4190940856934,NA,
CMU-TimeSeries/2021-05-24-CMU-TimeSeries.parquet,TRUE,0,37.1720073223114,NA,
Covid19Sim-Simulator/2020-11-29-Covid19Sim-Simulator.parquet,TRUE,0,302.9402685165405,NA,
COVIDhub_CDC-ensemble/2021-03-15-COVIDhub_CDC-ensemble.parquet,TRUE,0,620.2115423679352,NA,
COVIDhub-4_week_ensemble/2021-01-11-COVIDhub-4_week_ensemble.parquet,TRUE,0,573.0232985019684,NA,
COVIDhub-baseline/2020-10-19-COVIDhub-baseline.parquet,TRUE,0,1077.5226435661316,NA,
COVIDhub-ensemble/2020-08-03-COVIDhub-ensemble.parquet,TRUE,0,511.00790214538574,NA,
COVIDhub-trained_ensemble/2021-05-03-COVIDhub-trained_ensemble.parquet,TRUE,0,508.11062693595886,NA,
CU-nochange/2020-11-08-CU-nochange.parquet,TRUE,0,817.4817786216736,NA,
CU-scenario_high/2021-03-21-CU-scenario_high.parquet,TRUE,0,817.5432000160217,NA,
CU-scenario_mid/2020-05-14-CU-scenario_mid.parquet,TRUE,0,7.876281261444092,NA,
CU-select/2020-09-03-CU-select.parquet,TRUE,0,798.3470983505249,NA,
CUB_PopCouncil-SLSTM/2023-04-15-CUB_PopCouncil-SLSTM.parquet,TRUE,0,33.11974096298218,NA,
epiforecasts-ensemble1/2020-08-10-epiforecasts-ensemble1.parquet,TRUE,0,9.099641799926758,NA,
FAIR-NRAR/2021-04-30-FAIR-NRAR.parquet,TRUE,0,526.4649002552032,NA,
FDANIHASU-Sweight/2021-05-24-FDANIHASU-Sweight.parquet,TRUE,0,5.377167701721191,NA,
Google_Harvard-CPF/2021-05-16-Google_Harvard-CPF.parquet,TRUE,0,110.36482310295104,NA,
GT-DeepCOVID/2023-02-06-GT-DeepCOVID.parquet,TRUE,0,56.879372358322144,NA,
IEM_MED-CovidProject/2022-02-07-IEM_MED-CovidProject.parquet,TRUE,0,15.905962944030762,NA,
IUPUI-HkPrMobiDyR/2021-02-22-IUPUI-HkPrMobiDyR.parquet,TRUE,0,545.5088543891907,NA,
JHU_IDD-CovidSP/2021-09-12-JHU_IDD-CovidSP.parquet,TRUE,0,113.2612681388855,NA,
JHUAPL-Bucky/2021-10-04-JHUAPL-Bucky.parquet,TRUE,0,1195.5822179317474,NA,
JHUAPL-SLPHospEns/2022-05-02-JHUAPL-SLPHospEns.parquet,TRUE,0,53.59661531448364,NA,
KITmetricslab-select_ensemble/2022-01-31-KITmetricslab-select_ensemble.parquet,TRUE,0,18.59261202812195,NA,
LNQ-ens1/2020-12-06-LNQ-ens1.parquet,FALSE,1,536.2782905101776,"?: Required task ID/output type/output type ID combinations missing.  
 See `missing` attribute for details.",
MIT_CritData-GBCF/2020-12-13-MIT_CritData-GBCF.parquet,TRUE,0,11.887809991836548,NA,
MIT-Cassandra/2021-08-16-MIT-Cassandra.parquet,TRUE,0,21.02979350090027,NA,
MOBS-GLEAM_COVID/2022-05-30-MOBS-GLEAM_COVID.parquet,TRUE,0,66.72506189346313,NA,
MUNI-ARIMA/2023-05-08-MUNI-ARIMA.parquet,TRUE,0,28.889167547225952,NA,
PandemicCentral-USCounty/2021-01-03-PandemicCentral-USCounty.parquet,TRUE,0,480.2660269737244,NA,
PSI-DICE/2024-02-19-PSI-DICE.parquet,TRUE,0,31.197187185287476,NA,
QJHong-Encounter/2021-07-19-QJHong-Encounter.parquet,TRUE,0,5.723503828048706,NA,
RPI_UW-Mob_Collision/2020-09-20-RPI_UW-Mob_Collision.parquet,TRUE,0,9.829286098480225,NA,
SteveMcConnell-CovidComplete/2021-01-25-SteveMcConnell-CovidComplete.parquet,TRUE,0,11.98085331916809,NA,
TTU-squider/2021-10-31-TTU-squider.parquet,TRUE,0,8.079202651977539,NA,
UCF-AEM/2021-12-26-UCF-AEM.parquet,TRUE,0,5.3107075691223145,NA,
UCSB-ACTS/2020-11-08-UCSB-ACTS.parquet,TRUE,0,54.93882369995117,NA,
UMass-gbq/2024-03-25-UMass-gbq.parquet,TRUE,0,35.29692268371582,NA,
UMass-sarix/2024-04-15-UMass-sarix.parquet,TRUE,0,23.678528785705566,NA,
UMich-RidgeTfReg/2022-02-28-UMich-RidgeTfReg.parquet,TRUE,0,20.35854196548462,NA,
USC-SI_kJalpha/2023-02-05-USC-SI_kJalpha.parquet,TRUE,0,199.21601343154907,NA,
UVA-Ensemble/2021-01-18-UVA-Ensemble.parquet,TRUE,0,384.6373379230499,NA,
YYG-ParamSearch/2020-05-24-YYG-ParamSearch.parquet,TRUE,0,15.511391401290894,NA,
AMM-EpiInvert/2022-12-05-AMM-EpiInvert.parquet,TRUE,0,13.755326509475708,NA,
CEID-Walk/2021-01-18-CEID-Walk.parquet,TRUE,0,527.542596578598,NA,
CMU-TimeSeries/2021-05-31-CMU-TimeSeries.parquet,TRUE,0,37.25658464431763,NA,
Covid19Sim-Simulator/2020-12-13-Covid19Sim-Simulator.parquet,TRUE,0,305.46563601493835,NA,
COVIDhub_CDC-ensemble/2021-03-22-COVIDhub_CDC-ensemble.parquet,TRUE,0,605.068829536438,NA,
COVIDhub-4_week_ensemble/2021-01-18-COVIDhub-4_week_ensemble.parquet,TRUE,0,561.8612458705902,NA,
COVIDhub-baseline/2020-10-26-COVIDhub-baseline.parquet,TRUE,0,1013.5198090076448,NA,
COVIDhub-ensemble/2020-08-10-COVIDhub-ensemble.parquet,TRUE,0,482.49007272720337,NA,
COVIDhub-trained_ensemble/2021-05-10-COVIDhub-trained_ensemble.parquet,TRUE,0,572.2292561531067,NA,
CU-nochange/2020-11-12-CU-nochange.parquet,TRUE,0,834.5326023101807,NA,
CU-scenario_high/2021-03-28-CU-scenario_high.parquet,TRUE,0,825.9601261615753,NA,
CU-scenario_mid/2020-05-17-CU-scenario_mid.parquet,TRUE,0,6.2862772941589355,NA,
CU-select/2020-09-06-CU-select.parquet,TRUE,0,820.7886409759521,NA,
CUB_PopCouncil-SLSTM/2023-04-22-CUB_PopCouncil-SLSTM.parquet,TRUE,0,33.7469379901886,NA,
epiforecasts-ensemble1/2020-08-17-epiforecasts-ensemble1.parquet,TRUE,0,11.487253189086914,NA,
FAIR-NRAR/2021-05-01-FAIR-NRAR.parquet,TRUE,0,526.2955069541931,NA,
FDANIHASU-Sweight/2021-07-05-FDANIHASU-Sweight.parquet,TRUE,0,5.3752875328063965,NA,
Google_Harvard-CPF/2021-05-24-Google_Harvard-CPF.parquet,TRUE,0,109.896329164505,NA,
GT-DeepCOVID/2023-02-13-GT-DeepCOVID.parquet,TRUE,0,61.49763059616089,NA,
IEM_MED-CovidProject/2022-02-14-IEM_MED-CovidProject.parquet,TRUE,0,16.227405071258545,NA,
IUPUI-HkPrMobiDyR/2021-03-15-IUPUI-HkPrMobiDyR.parquet,TRUE,0,18.421051025390625,NA,
JHU_IDD-CovidSP/2021-09-19-JHU_IDD-CovidSP.parquet,TRUE,0,109.63955426216124,NA,
JHUAPL-Bucky/2021-10-11-JHUAPL-Bucky.parquet,TRUE,0,1214.1812691688538,NA,
JHUAPL-SLPHospEns/2022-05-16-JHUAPL-SLPHospEns.parquet,TRUE,0,57.734604835510254,NA,
KITmetricslab-select_ensemble/2022-02-07-KITmetricslab-select_ensemble.parquet,TRUE,0,19.456471920013428,NA,
LNQ-ens1/2020-12-13-LNQ-ens1.parquet,FALSE,1,483.2733418941498,"?: Required task ID/output type/output type ID combinations missing.  
 See `missing` attribute for details.",
MIT_CritData-GBCF/2020-12-20-MIT_CritData-GBCF.parquet,TRUE,0,11.683622360229492,NA,
MIT-Cassandra/2021-08-23-MIT-Cassandra.parquet,TRUE,0,22.424129009246823,NA,
MOBS-GLEAM_COVID/2022-06-13-MOBS-GLEAM_COVID.parquet,TRUE,0,70.40645623207092,NA,
MUNI-ARIMA/2023-05-15-MUNI-ARIMA.parquet,TRUE,0,33.70793676376343,NA,
PandemicCentral-USCounty/2021-01-04-PandemicCentral-USCounty.parquet,TRUE,0,518.0159659385681,NA,
PSI-DICE/2024-02-26-PSI-DICE.parquet,TRUE,0,29.284939289093018,NA,
QJHong-Encounter/2021-07-22-QJHong-Encounter.parquet,TRUE,0,5.249279975891113,NA,
RPI_UW-Mob_Collision/2020-09-27-RPI_UW-Mob_Collision.parquet,TRUE,0,8.62596583366394,NA,
SteveMcConnell-CovidComplete/2021-02-01-SteveMcConnell-CovidComplete.parquet,TRUE,0,11.67783260345459,NA,
TTU-squider/2021-11-07-TTU-squider.parquet,TRUE,0,7.790421009063721,NA,
UCF-AEM/2022-01-02-UCF-AEM.parquet,TRUE,0,5.112645149230957,NA,
UCSB-ACTS/2020-11-15-UCSB-ACTS.parquet,TRUE,0,55.26471018791199,NA,
UMass-gbq/2024-04-01-UMass-gbq.parquet,TRUE,0,30.920254707336422,NA,
UMass-sarix/2024-04-22-UMass-sarix.parquet,TRUE,0,22.702682971954346,NA,
UMich-RidgeTfReg/2022-03-07-UMich-RidgeTfReg.parquet,TRUE,0,19.881628036499023,NA,
USC-SI_kJalpha/2023-02-12-USC-SI_kJalpha.parquet,TRUE,0,200.21457815170288,NA,
UVA-Ensemble/2021-01-25-UVA-Ensemble.parquet,TRUE,0,520.6207966804504,NA,
YYG-ParamSearch/2020-05-25-YYG-ParamSearch.parquet,TRUE,0,19.71285605430603,NA,
AMM-EpiInvert/2022-12-12-AMM-EpiInvert.parquet,TRUE,0,13.933333158493042,NA,
CEID-Walk/2021-01-25-CEID-Walk.parquet,TRUE,0,526.180967092514,NA,
CMU-TimeSeries/2021-06-07-CMU-TimeSeries.parquet,TRUE,0,37.19090557098389,NA,
Covid19Sim-Simulator/2021-01-03-Covid19Sim-Simulator.parquet,TRUE,0,305.7492620944977,NA,
COVIDhub_CDC-ensemble/2021-03-29-COVIDhub_CDC-ensemble.parquet,TRUE,0,566.1321465969086,NA,
COVIDhub-4_week_ensemble/2021-01-25-COVIDhub-4_week_ensemble.parquet,TRUE,0,570.1328117847443,NA,
COVIDhub-baseline/2020-11-02-COVIDhub-baseline.parquet,TRUE,0,1079.0537564754486,NA,
COVIDhub-ensemble/2020-08-17-COVIDhub-ensemble.parquet,TRUE,0,512.4776644706726,NA,
COVIDhub-trained_ensemble/2021-05-17-COVIDhub-trained_ensemble.parquet,TRUE,0,569.2339169979095,NA,
CU-nochange/2020-11-15-CU-nochange.parquet,TRUE,0,821.5820789337158,NA,
CU-scenario_high/2021-04-04-CU-scenario_high.parquet,TRUE,0,759.8071293830872,NA,
CU-scenario_mid/2020-05-21-CU-scenario_mid.parquet,TRUE,0,5.566015005111694,NA,
CU-select/2020-09-13-CU-select.parquet,TRUE,0,820.5758516788483,NA,
CUB_PopCouncil-SLSTM/2023-04-29-CUB_PopCouncil-SLSTM.parquet,TRUE,0,34.29186820983887,NA,
epiforecasts-ensemble1/2020-08-24-epiforecasts-ensemble1.parquet,TRUE,0,11.634195566177368,NA,
FAIR-NRAR/2021-05-02-FAIR-NRAR.parquet,TRUE,0,487.1768841743469,NA,
FDANIHASU-Sweight/2021-07-12-FDANIHASU-Sweight.parquet,TRUE,0,5.556617975234985,NA,
Google_Harvard-CPF/2021-05-30-Google_Harvard-CPF.parquet,TRUE,0,176.359277009964,NA,
GT-DeepCOVID/2023-02-20-GT-DeepCOVID.parquet,TRUE,0,62.6163055896759,NA,
IEM_MED-CovidProject/2022-02-21-IEM_MED-CovidProject.parquet,TRUE,0,16.4498028755188,NA,
IUPUI-HkPrMobiDyR/2021-03-22-IUPUI-HkPrMobiDyR.parquet,TRUE,0,20.44436550140381,NA,
JHU_IDD-CovidSP/2021-09-26-JHU_IDD-CovidSP.parquet,TRUE,0,115.1564998626709,NA,
JHUAPL-Bucky/2021-10-18-JHUAPL-Bucky.parquet,TRUE,0,1207.1731412410736,NA,
JHUAPL-SLPHospEns/2022-05-23-JHUAPL-SLPHospEns.parquet,TRUE,0,59.55815386772156,NA,
KITmetricslab-select_ensemble/2022-02-14-KITmetricslab-select_ensemble.parquet,TRUE,0,21.00735569000244,NA,
LNQ-ens1/2020-12-20-LNQ-ens1.parquet,FALSE,1,532.0949213504791,"?: Required task ID/output type/output type ID combinations missing.  
 See `missing` attribute for details.",
MIT_CritData-GBCF/2020-12-27-MIT_CritData-GBCF.parquet,TRUE,0,12.529157400131226,NA,
MIT-Cassandra/2021-08-30-MIT-Cassandra.parquet,TRUE,0,23.401567220687863,NA,
MOBS-GLEAM_COVID/2022-06-20-MOBS-GLEAM_COVID.parquet,TRUE,0,68.80109333992004,NA,
MUNI-ARIMA/2023-05-22-MUNI-ARIMA.parquet,TRUE,0,35.06448006629944,NA,
PandemicCentral-USCounty/2021-01-10-PandemicCentral-USCounty.parquet,TRUE,0,534.9672884941101,NA,
PSI-DICE/2024-03-04-PSI-DICE.parquet,TRUE,0,32.448150396347046,NA,
QJHong-Encounter/2021-08-02-QJHong-Encounter.parquet,TRUE,0,5.374505996704102,NA,
RPI_UW-Mob_Collision/2020-10-04-RPI_UW-Mob_Collision.parquet,TRUE,0,9.50370717048645,NA,
SteveMcConnell-CovidComplete/2021-02-08-SteveMcConnell-CovidComplete.parquet,TRUE,0,11.504375219345093,NA,
TTU-squider/2021-11-14-TTU-squider.parquet,TRUE,0,7.5769383907318115,NA,
UCF-AEM/2022-01-09-UCF-AEM.parquet,TRUE,0,5.131211042404175,NA,
UCSB-ACTS/2020-11-22-UCSB-ACTS.parquet,TRUE,0,52.28830289840698,NA,
UMass-gbq/2024-04-08-UMass-gbq.parquet,TRUE,0,31.137321949005127,NA,
UMass-sarix/2024-04-29-UMass-sarix.parquet,TRUE,0,21.33062744140625,NA,3
UMich-RidgeTfReg/2022-03-14-UMich-RidgeTfReg.parquet,TRUE,0,19.06266069412231,NA,
USC-SI_kJalpha/2023-02-19-USC-SI_kJalpha.parquet,TRUE,0,226.88678884506223,NA,
UVA-Ensemble/2021-02-01-UVA-Ensemble.parquet,TRUE,0,487.27170395851135,NA,
YYG-ParamSearch/2020-05-26-YYG-ParamSearch.parquet,TRUE,0,18.35249900817871,NA,
AMM-EpiInvert/2022-12-19-AMM-EpiInvert.parquet,TRUE,0,14.146941900253296,NA,
CEID-Walk/2021-02-01-CEID-Walk.parquet,TRUE,0,525.0617289543152,NA,
CMU-TimeSeries/2021-06-14-CMU-TimeSeries.parquet,TRUE,0,41.47636675834656,NA,
Covid19Sim-Simulator/2021-02-14-Covid19Sim-Simulator.parquet,TRUE,0,329.6307168006897,NA,
COVIDhub_CDC-ensemble/2021-04-05-COVIDhub_CDC-ensemble.parquet,TRUE,0,597.9312958717346,NA,
COVIDhub-4_week_ensemble/2021-02-01-COVIDhub-4_week_ensemble.parquet,TRUE,0,604.6152365207672,NA,
COVIDhub-baseline/2020-11-09-COVIDhub-baseline.parquet,TRUE,0,1079.136344909668,NA,
COVIDhub-ensemble/2020-08-24-COVIDhub-ensemble.parquet,TRUE,0,524.4868605136871,NA,
COVIDhub-trained_ensemble/2021-05-24-COVIDhub-trained_ensemble.parquet,TRUE,0,623.9142460823059,NA,
CU-nochange/2020-11-19-CU-nochange.parquet,TRUE,0,846.7041254043579,NA,
CU-scenario_high/2021-04-11-CU-scenario_high.parquet,TRUE,0,863.4344189167023,NA,
CU-scenario_mid/2020-05-24-CU-scenario_mid.parquet,TRUE,0,6.807963848114014,NA,
CU-select/2020-09-20-CU-select.parquet,TRUE,0,846.8288223743439,NA,
CUB_PopCouncil-SLSTM/2023-05-13-CUB_PopCouncil-SLSTM.parquet,TRUE,0,35.29817008972168,NA,
epiforecasts-ensemble1/2020-08-31-epiforecasts-ensemble1.parquet,TRUE,0,12.131039142608644,NA,
FAIR-NRAR/2021-05-03-FAIR-NRAR.parquet,TRUE,0,495.3330790996551,NA,
FDANIHASU-Sweight/2021-07-19-FDANIHASU-Sweight.parquet,TRUE,0,6.088664531707764,NA,
Google_Harvard-CPF/2021-06-06-Google_Harvard-CPF.parquet,TRUE,0,188.71052408218384,NA,
GT-DeepCOVID/2023-02-27-GT-DeepCOVID.parquet,TRUE,0,71.25905442237854,NA,
IEM_MED-CovidProject/2022-02-28-IEM_MED-CovidProject.parquet,TRUE,0,18.049646854400635,NA,
IUPUI-HkPrMobiDyR/2021-03-29-IUPUI-HkPrMobiDyR.parquet,TRUE,0,21.598602294921875,NA,
JHU_IDD-CovidSP/2022-01-23-JHU_IDD-CovidSP.parquet,TRUE,0,79.80967903137207,NA,
JHUAPL-Bucky/2021-10-25-JHUAPL-Bucky.parquet,TRUE,0,1271.960359096527,NA,
JHUAPL-SLPHospEns/2022-05-30-JHUAPL-SLPHospEns.parquet,TRUE,0,61.35550236701965,NA,
KITmetricslab-select_ensemble/2022-02-21-KITmetricslab-select_ensemble.parquet,TRUE,0,19.19529628753662,NA,
LNQ-ens1/2020-12-27-LNQ-ens1.parquet,FALSE,1,529.8753683567047,"?: Required task ID/output type/output type ID combinations missing.  
 See `missing` attribute for details.",
MIT_CritData-GBCF/2021-01-03-MIT_CritData-GBCF.parquet,TRUE,0,12.825003385543823,NA,
MIT-Cassandra/2021-09-06-MIT-Cassandra.parquet,TRUE,0,24.74714756011963,NA,
MOBS-GLEAM_COVID/2022-06-27-MOBS-GLEAM_COVID.parquet,TRUE,0,71.79645419120789,NA,
MUNI-ARIMA/2023-05-29-MUNI-ARIMA.parquet,TRUE,0,31.202529668807983,NA,
PandemicCentral-USCounty/2021-01-17-PandemicCentral-USCounty.parquet,TRUE,0,524.2090005874634,NA,
PSI-DICE/2024-03-11-PSI-DICE.parquet,TRUE,0,31.684497833251953,NA,
QJHong-Encounter/2021-08-09-QJHong-Encounter.parquet,TRUE,0,5.8681910037994385,NA,
RPI_UW-Mob_Collision/2020-10-11-RPI_UW-Mob_Collision.parquet,TRUE,0,9.24797224998474,NA,
SteveMcConnell-CovidComplete/2021-02-22-SteveMcConnell-CovidComplete.parquet,TRUE,0,11.727084636688232,NA,
TTU-squider/2021-11-21-TTU-squider.parquet,TRUE,0,7.932525634765625,NA,
UCF-AEM/2022-01-16-UCF-AEM.parquet,TRUE,0,5.633437156677246,NA,
UCSB-ACTS/2020-11-29-UCSB-ACTS.parquet,TRUE,0,59.11788606643677,NA,
UMass-gbq/2024-04-15-UMass-gbq.parquet,TRUE,0,36.6126811504364,NA,
UMass-trends_ensemble/2022-01-10-UMass-trends_ensemble.parquet,TRUE,0,71.09870791435242,NA,
UMich-RidgeTfReg/2022-03-21-UMich-RidgeTfReg.parquet,TRUE,0,21.92830204963684,NA,
USF-STPM/2021-08-16-USF-STPM.parquet,TRUE,0,4.270137786865234,NA,
UVA-Ensemble/2021-02-15-UVA-Ensemble.parquet,TRUE,0,460.0338125228882,NA,
YYG-ParamSearch/2020-05-27-YYG-ParamSearch.parquet,TRUE,0,16.52323603630066,NA,
AMM-EpiInvert/2022-12-26-AMM-EpiInvert.parquet,TRUE,0,13.770864486694336,NA,
CEID-Walk/2021-02-08-CEID-Walk.parquet,TRUE,0,515.7535438537598,NA,
CMU-TimeSeries/2021-06-21-CMU-TimeSeries.parquet,TRUE,0,37.187328577041626,NA,
Covid19Sim-Simulator/2021-02-21-Covid19Sim-Simulator.parquet,TRUE,0,297.0728528499603,NA,
COVIDhub_CDC-ensemble/2021-04-12-COVIDhub_CDC-ensemble.parquet,TRUE,0,570.5937910079956,NA,
COVIDhub-4_week_ensemble/2021-02-08-COVIDhub-4_week_ensemble.parquet,TRUE,0,574.232729434967,NA,
COVIDhub-baseline/2020-11-16-COVIDhub-baseline.parquet,TRUE,0,1069.717395067215,NA,
COVIDhub-ensemble/2020-08-31-COVIDhub-ensemble.parquet,TRUE,0,487.3739547729492,NA,
COVIDhub-trained_ensemble/2021-05-31-COVIDhub-trained_ensemble.parquet,TRUE,0,573.5318419933319,NA,
CU-nochange/2020-11-22-CU-nochange.parquet,TRUE,0,828.6898212432861,NA,
CU-scenario_high/2021-04-18-CU-scenario_high.parquet,TRUE,0,823.2379989624023,NA,
CU-scenario_mid/2020-05-28-CU-scenario_mid.parquet,TRUE,0,5.704270124435425,NA,
CU-select/2020-09-24-CU-select.parquet,TRUE,0,809.5860567092896,NA,
CUB_PopCouncil-SLSTM/2023-05-20-CUB_PopCouncil-SLSTM.parquet,TRUE,0,35.84486746788025,NA,
epiforecasts-ensemble1/2020-09-07-epiforecasts-ensemble1.parquet,TRUE,0,12.136595249176024,NA,
FAIR-NRAR/2021-05-04-FAIR-NRAR.parquet,TRUE,0,524.5321733951569,NA,
FDANIHASU-Sweight/2021-08-09-FDANIHASU-Sweight.parquet,TRUE,0,5.44507098197937,NA,
Google_Harvard-CPF/2021-06-13-Google_Harvard-CPF.parquet,TRUE,0,171.12615203857422,NA,
GT-DeepCOVID/2023-03-06-GT-DeepCOVID.parquet,TRUE,0,30.368937253952023,NA,
IEM_MED-CovidProject/2022-03-07-IEM_MED-CovidProject.parquet,TRUE,0,17.450381755828857,NA,
IUPUI-HkPrMobiDyR/2021-04-05-IUPUI-HkPrMobiDyR.parquet,TRUE,0,19.98294687271118,NA,
JHU_IDD-CovidSP/2022-01-30-JHU_IDD-CovidSP.parquet,TRUE,0,74.55281066894531,NA,
JHUAPL-Bucky/2021-11-01-JHUAPL-Bucky.parquet,TRUE,0,1162.4022026062012,NA,
JHUAPL-SLPHospEns/2022-06-06-JHUAPL-SLPHospEns.parquet,TRUE,0,57.65179896354675,NA,
KITmetricslab-select_ensemble/2022-03-07-KITmetricslab-select_ensemble.parquet,TRUE,0,19.82681393623352,NA,
LNQ-ens1/2021-01-03-LNQ-ens1.parquet,FALSE,1,500.0602419376374,"?: Required task ID/output type/output type ID combinations missing.  
 See `missing` attribute for details.",
MIT_CritData-GBCF/2021-01-10-MIT_CritData-GBCF.parquet,TRUE,0,11.591681003570557,NA,
MIT-Cassandra/2021-09-13-MIT-Cassandra.parquet,TRUE,0,21.131757736206055,NA,
MOBS-GLEAM_COVID/2022-07-04-MOBS-GLEAM_COVID.parquet,TRUE,0,54.235671520233154,NA,
MUNI-ARIMA/2023-06-05-MUNI-ARIMA.parquet,TRUE,0,35.29252815246582,NA,
PandemicCentral-USCounty/2021-01-24-PandemicCentral-USCounty.parquet,TRUE,0,543.0185997486115,NA,
PSI-DICE/2024-03-17-PSI-DICE.parquet,TRUE,0,30.785300970077515,NA,
QJHong-Encounter/2021-08-15-QJHong-Encounter.parquet,TRUE,0,5.4997718334198,NA,
RPI_UW-Mob_Collision/2020-10-18-RPI_UW-Mob_Collision.parquet,TRUE,0,9.3133282661438,NA,
SteveMcConnell-CovidComplete/2021-03-01-SteveMcConnell-CovidComplete.parquet,TRUE,0,11.44386601448059,NA,
TTU-squider/2021-11-28-TTU-squider.parquet,TRUE,0,7.659593343734741,NA,
UCF-AEM/2022-01-23-UCF-AEM.parquet,TRUE,0,5.5907745361328125,NA,
UCSB-ACTS/2020-12-06-UCSB-ACTS.parquet,TRUE,0,83.45213985443115,NA,
UMass-gbq/2024-04-22-UMass-gbq.parquet,TRUE,0,32.24212145805359,NA,
UMass-trends_ensemble/2022-01-17-UMass-trends_ensemble.parquet,TRUE,0,59.257248401641846,NA,
UMich-RidgeTfReg/2022-03-28-UMich-RidgeTfReg.parquet,TRUE,0,18.87990427017212,NA,
UT_GISAG-SPDM/2021-10-04-UT_GISAG-SPDM.parquet,TRUE,0,79.97541236877441,NA,
UVA-Ensemble/2021-02-22-UVA-Ensemble.parquet,TRUE,0,547.6030297279358,NA,
YYG-ParamSearch/2020-05-28-YYG-ParamSearch.parquet,TRUE,0,21.41125869750977,NA,
AMM-EpiInvert/2023-01-02-AMM-EpiInvert.parquet,TRUE,0,13.260513544082642,NA,
CEID-Walk/2021-02-15-CEID-Walk.parquet,TRUE,0,516.1702554225922,NA,
CMU-TimeSeries/2021-06-28-CMU-TimeSeries.parquet,TRUE,0,37.36627769470215,NA,
Covid19Sim-Simulator/2021-02-28-Covid19Sim-Simulator.parquet,TRUE,0,308.9309093952179,NA,
COVIDhub_CDC-ensemble/2021-04-19-COVIDhub_CDC-ensemble.parquet,TRUE,0,613.4272911548615,NA,
COVIDhub-4_week_ensemble/2021-02-15-COVIDhub-4_week_ensemble.parquet,TRUE,0,631.0032975673676,NA,
COVIDhub-baseline/2020-11-23-COVIDhub-baseline.parquet,TRUE,0,1119.6987335681915,NA,
COVIDhub-ensemble/2020-09-07-COVIDhub-ensemble.parquet,TRUE,0,533.5977544784546,NA,
COVIDhub-trained_ensemble/2021-06-07-COVIDhub-trained_ensemble.parquet,TRUE,0,593.10573387146,NA,
CU-nochange/2020-11-29-CU-nochange.parquet,TRUE,0,872.8867654800415,NA,
CU-scenario_high/2021-04-25-CU-scenario_high.parquet,TRUE,0,804.1466472148895,NA,
CU-scenario_mid/2020-05-31-CU-scenario_mid.parquet,TRUE,0,6.983466386795044,NA,
CU-select/2020-09-27-CU-select.parquet,TRUE,0,848.8611226081848,NA,
CUB_PopCouncil-SLSTM/2023-05-27-CUB_PopCouncil-SLSTM.parquet,TRUE,0,37.28257489204407,NA,
epiforecasts-ensemble1/2020-09-14-epiforecasts-ensemble1.parquet,TRUE,0,12.668172836303713,NA,
FAIR-NRAR/2021-05-05-FAIR-NRAR.parquet,TRUE,0,489.9086911678314,NA,
FDANIHASU-Sweight/2021-08-30-FDANIHASU-Sweight.parquet,TRUE,0,5.788125514984131,NA,
Google_Harvard-CPF/2021-06-20-Google_Harvard-CPF.parquet,TRUE,0,199.9886121749878,NA,
GT-DeepCOVID/2023-03-20-GT-DeepCOVID.parquet,TRUE,0,35.312216997146606,NA,
IEM_MED-CovidProject/2022-03-14-IEM_MED-CovidProject.parquet,TRUE,0,18.81865906715393,NA,
IUPUI-HkPrMobiDyR/2021-04-12-IUPUI-HkPrMobiDyR.parquet,TRUE,0,20.671754837036133,NA,
JHU_IDD-CovidSP/2022-02-06-JHU_IDD-CovidSP.parquet,TRUE,0,78.21295070648193,NA,
JHUAPL-Bucky/2021-11-08-JHUAPL-Bucky.parquet,TRUE,0,1164.4207203388214,NA,
JHUAPL-SLPHospEns/2022-06-13-JHUAPL-SLPHospEns.parquet,TRUE,0,58.74028730392456,NA,
KITmetricslab-select_ensemble/2022-03-14-KITmetricslab-select_ensemble.parquet,TRUE,0,19.785757541656498,NA,
LNQ-ens1/2021-01-10-LNQ-ens1.parquet,FALSE,1,503.2101466655731,"?: Required task ID/output type/output type ID combinations missing.  
 See `missing` attribute for details.",
MIT_CritData-GBCF/2021-01-17-MIT_CritData-GBCF.parquet,TRUE,0,13.875757932662964,NA,
MIT-Cassandra/2021-09-20-MIT-Cassandra.parquet,TRUE,0,25.63537073135376,NA,
MOBS-GLEAM_COVID/2022-07-11-MOBS-GLEAM_COVID.parquet,TRUE,0,71.29893946647644,NA,
MUNI-ARIMA/2023-07-17-MUNI-ARIMA.parquet,TRUE,0,34.95046520233154,NA,
PandemicCentral-USCounty/2021-02-01-PandemicCentral-USCounty.parquet,TRUE,0,466.8377823829651,NA,
PSI-DICE/2024-03-24-PSI-DICE.parquet,TRUE,0,30.74660086631775,NA,
QJHong-Encounter/2021-08-22-QJHong-Encounter.parquet,TRUE,0,5.625639915466309,NA,
RPI_UW-Mob_Collision/2020-10-25-RPI_UW-Mob_Collision.parquet,TRUE,0,9.331669569015505,NA,
SteveMcConnell-CovidComplete/2021-03-08-SteveMcConnell-CovidComplete.parquet,TRUE,0,11.517496347427368,NA,
TTU-squider/2021-12-05-TTU-squider.parquet,TRUE,0,8.007853984832764,NA,
UCF-AEM/2022-01-30-UCF-AEM.parquet,TRUE,0,5.210149049758911,NA,
UCSB-ACTS/2020-12-13-UCSB-ACTS.parquet,TRUE,0,86.8246374130249,NA,
UMass-gbq/2024-04-29-UMass-gbq.parquet,TRUE,0,33.28735375404358,NA,
UMass-trends_ensemble/2022-01-24-UMass-trends_ensemble.parquet,TRUE,0,60.48163747787475,NA,
UMich-RidgeTfReg/2022-04-04-UMich-RidgeTfReg.parquet,TRUE,0,19.772082805633545,NA,
UT_GISAG-SPDM/2021-10-11-UT_GISAG-SPDM.parquet,TRUE,0,86.04718732833862,NA,
UVA-Ensemble/2021-03-01-UVA-Ensemble.parquet,TRUE,0,499.7234559059143,NA,
YYG-ParamSearch/2020-05-29-YYG-ParamSearch.parquet,TRUE,0,17.00506091117859,NA,
AMM-EpiInvert/2023-01-09-AMM-EpiInvert.parquet,TRUE,0,13.447184801101685,NA,
CEID-Walk/2021-02-22-CEID-Walk.parquet,TRUE,0,517.8104798793793,NA,
CMU-TimeSeries/2021-07-05-CMU-TimeSeries.parquet,TRUE,0,37.29230737686157,NA,
Covid19Sim-Simulator/2021-03-07-Covid19Sim-Simulator.parquet,TRUE,0,321.3391737937927,NA,
COVIDhub_CDC-ensemble/2021-04-26-COVIDhub_CDC-ensemble.parquet,TRUE,0,562.8470582962036,NA,
COVIDhub-4_week_ensemble/2021-02-22-COVIDhub-4_week_ensemble.parquet,TRUE,0,567.0987832546234,NA,
COVIDhub-baseline/2020-11-30-COVIDhub-baseline.parquet,TRUE,0,1050.3225209712982,NA,
COVIDhub-ensemble/2020-09-14-COVIDhub-ensemble.parquet,TRUE,0,501.04153966903687,NA,
COVIDhub-trained_ensemble/2021-06-14-COVIDhub-trained_ensemble.parquet,TRUE,0,606.6858396530151,NA,
CU-nochange/2020-12-03-CU-nochange.parquet,TRUE,0,812.4162447452545,NA,
CU-scenario_high/2021-05-02-CU-scenario_high.parquet,TRUE,0,797.6889178752899,NA,
CU-scenario_mid/2020-06-04-CU-scenario_mid.parquet,TRUE,0,5.844662427902222,NA,
CU-select/2020-10-04-CU-select.parquet,TRUE,0,800.8469524383545,NA,
CUB_PopCouncil-SLSTM/2023-06-03-CUB_PopCouncil-SLSTM.parquet,TRUE,0,34.77001452445984,NA,
epiforecasts-ensemble1/2020-09-21-epiforecasts-ensemble1.parquet,TRUE,0,10.956743717193604,NA,
FAIR-NRAR/2021-05-06-FAIR-NRAR.parquet,TRUE,0,488.7715859413147,NA,
FDANIHASU-Sweight/2021-09-06-FDANIHASU-Sweight.parquet,TRUE,0,5.85470986366272,NA,
Google_Harvard-CPF/2021-06-27-Google_Harvard-CPF.parquet,TRUE,0,174.6659638881683,NA,
GT-DeepCOVID/2023-03-27-GT-DeepCOVID.parquet,TRUE,0,32.609861612319946,NA,
IEM_MED-CovidProject/2022-03-21-IEM_MED-CovidProject.parquet,TRUE,0,15.52133297920227,NA,
IUPUI-HkPrMobiDyR/2021-04-19-IUPUI-HkPrMobiDyR.parquet,TRUE,0,18.76507782936096,NA,
JHU_IDD-CovidSP/2022-02-13-JHU_IDD-CovidSP.parquet,TRUE,0,111.38533782958984,NA,
JHUAPL-Bucky/2021-11-15-JHUAPL-Bucky.parquet,TRUE,0,1193.0824944972992,NA,
JHUAPL-SLPHospEns/2022-07-11-JHUAPL-SLPHospEns.parquet,TRUE,0,59.633341789245605,NA,
KITmetricslab-select_ensemble/2022-03-21-KITmetricslab-select_ensemble.parquet,TRUE,0,21.30038571357727,NA,
LNQ-ens1/2021-01-17-LNQ-ens1.parquet,FALSE,1,514.603951215744,"?: Required task ID/output type/output type ID combinations missing.  
 See `missing` attribute for details.",
MIT_CritData-GBCF/2021-01-24-MIT_CritData-GBCF.parquet,TRUE,0,11.799174308776855,NA,
MIT-Cassandra/2021-09-27-MIT-Cassandra.parquet,TRUE,0,23.0201735496521,NA,
MOBS-GLEAM_COVID/2022-07-18-MOBS-GLEAM_COVID.parquet,TRUE,0,70.93052744865417,NA,
MUNI-ARIMA/2023-07-31-MUNI-ARIMA.parquet,TRUE,0,33.446491956710815,NA,
PandemicCentral-USCounty/2021-02-07-PandemicCentral-USCounty.parquet,TRUE,0,512.6077914237976,NA,
PSI-DICE/2024-03-31-PSI-DICE.parquet,TRUE,0,30.03183078765869,NA,
QJHong-Encounter/2021-08-29-QJHong-Encounter.parquet,TRUE,0,5.184289216995239,NA,
RPI_UW-Mob_Collision/2020-11-01-RPI_UW-Mob_Collision.parquet,TRUE,0,8.946512699127197,NA,
SteveMcConnell-CovidComplete/2021-03-15-SteveMcConnell-CovidComplete.parquet,TRUE,0,11.698509454727173,NA,
TTU-squider/2021-12-12-TTU-squider.parquet,TRUE,0,7.69520115852356,NA,
UCF-AEM/2022-02-06-UCF-AEM.parquet,TRUE,0,5.429155111312866,NA,
UCSB-ACTS/2020-12-20-UCSB-ACTS.parquet,TRUE,0,79.7574577331543,NA,
UMass-MechBayes/2020-04-26-UMass-MechBayes.parquet,TRUE,0,6.024296045303345,NA,
UMass-trends_ensemble/2022-01-31-UMass-trends_ensemble.parquet,TRUE,0,57.870463848114014,NA,
UMich-RidgeTfReg/2022-04-11-UMich-RidgeTfReg.parquet,TRUE,0,18.48099136352539,NA,
UT_GISAG-SPDM/2021-10-18-UT_GISAG-SPDM.parquet,TRUE,0,78.87110257148743,NA,
UVA-Ensemble/2021-03-08-UVA-Ensemble.parquet,TRUE,0,520.4049665927887,NA,
YYG-ParamSearch/2020-05-30-YYG-ParamSearch.parquet,TRUE,0,23.056095123291016,NA,
AMM-EpiInvert/2023-01-16-AMM-EpiInvert.parquet,TRUE,0,13.851207494735718,NA,
CEID-Walk/2021-03-01-CEID-Walk.parquet,TRUE,0,536.6840043067932,NA,
CMU-TimeSeries/2021-07-12-CMU-TimeSeries.parquet,TRUE,0,39.526830196380615,NA,
Covid19Sim-Simulator/2021-03-14-Covid19Sim-Simulator.parquet,TRUE,0,318.337397813797,NA,
COVIDhub_CDC-ensemble/2021-05-03-COVIDhub_CDC-ensemble.parquet,TRUE,0,584.7693271636963,NA,
COVIDhub-4_week_ensemble/2021-03-01-COVIDhub-4_week_ensemble.parquet,TRUE,0,638.7833478450775,NA,
COVIDhub-baseline/2020-12-07-COVIDhub-baseline.parquet,TRUE,0,1141.3981804847715,NA,
COVIDhub-ensemble/2020-09-21-COVIDhub-ensemble.parquet,TRUE,0,537.3788418769836,NA,
COVIDhub-trained_ensemble/2021-06-21-COVIDhub-trained_ensemble.parquet,TRUE,0,599.3075678348541,NA,
CU-nochange/2020-12-06-CU-nochange.parquet,TRUE,0,867.519647359848,NA,
CU-scenario_high/2021-05-09-CU-scenario_high.parquet,TRUE,0,817.455687046051,NA,
CU-scenario_mid/2020-06-07-CU-scenario_mid.parquet,TRUE,0,7.638251543045044,NA,
CU-select/2020-10-08-CU-select.parquet,TRUE,0,827.8911738395691,NA,
CUB_PopCouncil-SLSTM/2023-06-10-CUB_PopCouncil-SLSTM.parquet,TRUE,0,40.11065411567688,NA,
epiforecasts-ensemble1/2020-09-28-epiforecasts-ensemble1.parquet,TRUE,0,14.024380922317505,NA,
FAIR-NRAR/2021-05-07-FAIR-NRAR.parquet,TRUE,0,498.5595121383667,NA,
FDANIHASU-Sweight/2021-09-13-FDANIHASU-Sweight.parquet,TRUE,0,5.898478984832764,NA,
Google_Harvard-CPF/2021-07-05-Google_Harvard-CPF.parquet,TRUE,0,208.5050013065338,NA,
GT-DeepCOVID/2023-04-10-GT-DeepCOVID.parquet,TRUE,0,32.489309549331665,NA,
IEM_MED-CovidProject/2022-03-28-IEM_MED-CovidProject.parquet,TRUE,0,9.158608198165894,NA,
IUPUI-HkPrMobiDyR/2021-04-26-IUPUI-HkPrMobiDyR.parquet,TRUE,0,19.40848278999329,NA,
JHU_IDD-CovidSP/2022-02-20-JHU_IDD-CovidSP.parquet,TRUE,0,102.4244577884674,NA,
JHUAPL-Bucky/2021-11-22-JHUAPL-Bucky.parquet,TRUE,0,1279.1019525527954,NA,
JHUAPL-SLPHospEns/2022-07-18-JHUAPL-SLPHospEns.parquet,TRUE,0,55.26815176010132,NA,
KITmetricslab-select_ensemble/2022-03-28-KITmetricslab-select_ensemble.parquet,TRUE,0,18.02868390083313,NA,
LNQ-ens1/2021-01-24-LNQ-ens1.parquet,FALSE,1,521.6060528755188,"?: Required task ID/output type/output type ID combinations missing.  
 See `missing` attribute for details.",
MIT_CritData-GBCF/2021-01-31-MIT_CritData-GBCF.parquet,TRUE,0,13.988600492477415,NA,
MIT-Cassandra/2021-10-04-MIT-Cassandra.parquet,TRUE,0,25.853061199188232,NA,
MOBS-GLEAM_COVID/2022-07-25-MOBS-GLEAM_COVID.parquet,TRUE,0,68.11641430854797,NA,
MUNI-ARIMA/2023-08-21-MUNI-ARIMA.parquet,TRUE,0,35.74807643890381,NA,
PandemicCentral-USCounty/2021-02-15-PandemicCentral-USCounty.parquet,TRUE,0,521.6077363491058,NA,
PSI-DICE/2024-04-08-PSI-DICE.parquet,TRUE,0,32.4172580242157,NA,
QJHong-Encounter/2021-09-05-QJHong-Encounter.parquet,TRUE,0,5.623044729232788,NA,
RPI_UW-Mob_Collision/2020-11-08-RPI_UW-Mob_Collision.parquet,TRUE,0,9.997411251068115,NA,
SteveMcConnell-CovidComplete/2021-03-22-SteveMcConnell-CovidComplete.parquet,TRUE,0,13.765128135681152,NA,
TTU-squider/2021-12-19-TTU-squider.parquet,TRUE,0,9.267050981521606,NA,
UCF-AEM/2022-02-13-UCF-AEM.parquet,TRUE,0,6.324489116668701,NA,
UCSB-ACTS/2020-12-27-UCSB-ACTS.parquet,TRUE,0,99.81640100479126,NA,
UMass-MechBayes/2020-05-03-UMass-MechBayes.parquet,TRUE,0,7.695211172103882,NA,
UMass-trends_ensemble/2022-02-07-UMass-trends_ensemble.parquet,TRUE,0,71.862802028656,NA,
UMich-RidgeTfReg/2022-04-18-UMich-RidgeTfReg.parquet,TRUE,0,22.4820454120636,NA,
UT_GISAG-SPDM/2021-10-25-UT_GISAG-SPDM.parquet,TRUE,0,85.71555924415588,NA,
UVA-Ensemble/2021-03-15-UVA-Ensemble.parquet,TRUE,0,435.6511356830597,NA,
YYG-ParamSearch/2020-05-31-YYG-ParamSearch.parquet,TRUE,0,17.46628975868225,NA,
AMM-EpiInvert/2023-01-23-AMM-EpiInvert.parquet,TRUE,0,14.05019736289978,NA,
CEID-Walk/2021-03-08-CEID-Walk.parquet,TRUE,0,538.7416226863861,NA,
CMU-TimeSeries/2021-07-19-CMU-TimeSeries.parquet,TRUE,0,24.30102801322937,NA,
Covid19Sim-Simulator/2021-03-21-Covid19Sim-Simulator.parquet,TRUE,0,320.1291606426239,NA,
COVIDhub_CDC-ensemble/2021-05-10-COVIDhub_CDC-ensemble.parquet,TRUE,0,588.7426474094391,NA,
COVIDhub-4_week_ensemble/2021-03-08-COVIDhub-4_week_ensemble.parquet,TRUE,0,583.5454914569855,NA,
COVIDhub-baseline/2020-12-14-COVIDhub-baseline.parquet,TRUE,0,1150.5984086990356,NA,
COVIDhub-ensemble/2020-09-28-COVIDhub-ensemble.parquet,TRUE,0,501.6209888458252,NA,
COVIDhub-trained_ensemble/2021-06-28-COVIDhub-trained_ensemble.parquet,TRUE,0,585.9500865936279,NA,
CU-nochange/2020-12-10-CU-nochange.parquet,TRUE,0,846.2386469841003,NA,
CU-scenario_high/2021-05-16-CU-scenario_high.parquet,TRUE,0,846.1846737861633,NA,
CU-scenario_mid/2020-06-11-CU-scenario_mid.parquet,TRUE,0,5.47589373588562,NA,
CU-select/2020-10-11-CU-select.parquet,TRUE,0,856.8904078006744,NA,
CUBoulder-COVIDLSTM/2021-08-22-CUBoulder-COVIDLSTM.parquet,TRUE,0,471.6321032047272,NA,
epiforecasts-ensemble1/2020-10-05-epiforecasts-ensemble1.parquet,TRUE,0,11.28140115737915,NA,
FAIR-NRAR/2021-05-08-FAIR-NRAR.parquet,TRUE,0,506.1169469356537,NA,
FDANIHASU-Sweight/2021-09-20-FDANIHASU-Sweight.parquet,TRUE,0,5.365941286087036,NA,
Google_Harvard-CPF/2021-07-11-Google_Harvard-CPF.parquet,TRUE,0,118.99247193336488,NA,
GT-DeepCOVID/2023-04-17-GT-DeepCOVID.parquet,TRUE,0,31.134995460510257,NA,
IHME-CurveFit/2020-03-27-IHME-CurveFit.parquet,FALSE,1,19.64912724494934,"?: Required task ID/output type/output type ID combinations missing.  
 See `missing` attribute for details.",
IUPUI-HkPrMobiDyR/2021-05-10-IUPUI-HkPrMobiDyR.parquet,TRUE,0,21.453073024749756,NA,
JHU_IDD-CovidSP/2022-02-27-JHU_IDD-CovidSP.parquet,TRUE,0,110.40235137939452,NA,
JHUAPL-Bucky/2021-11-29-JHUAPL-Bucky.parquet,TRUE,0,1210.8447616100311,NA,
JHUAPL-SLPHospEns/2022-08-01-JHUAPL-SLPHospEns.parquet,TRUE,0,62.81530714035034,NA,
KITmetricslab-select_ensemble/2022-04-04-KITmetricslab-select_ensemble.parquet,TRUE,0,21.10248899459839,NA,
LNQ-ens1/2021-01-31-LNQ-ens1.parquet,FALSE,1,544.7162477970123,"?: Required task ID/output type/output type ID combinations missing.  
 See `missing` attribute for details.",
MIT_CritData-GBCF/2021-02-07-MIT_CritData-GBCF.parquet,TRUE,0,11.716755628585815,NA,
MIT-Cassandra/2021-10-11-MIT-Cassandra.parquet,TRUE,0,22.064481735229492,NA,
MOBS-GLEAM_COVID/2022-08-01-MOBS-GLEAM_COVID.parquet,TRUE,0,46.11173748970032,NA,
MUNI-ARIMA/2023-09-11-MUNI-ARIMA.parquet,TRUE,0,34.49896049499512,NA,
PR_UMD-CF_RepTiLe/2022-10-09-PR_UMD-CF_RepTiLe.parquet,TRUE,0,13.370188474655151,NA,
PSI-DICE/2024-04-14-PSI-DICE.parquet,TRUE,0,29.910897493362427,NA,
QJHong-Encounter/2021-09-12-QJHong-Encounter.parquet,TRUE,0,5.295796871185303,NA,
RPI_UW-Mob_Collision/2020-11-15-RPI_UW-Mob_Collision.parquet,TRUE,0,9.237362384796144,NA,
SteveMcConnell-CovidComplete/2021-03-29-SteveMcConnell-CovidComplete.parquet,TRUE,0,11.376096725463867,NA,
TTU-squider/2021-12-26-TTU-squider.parquet,TRUE,0,7.917970180511475,NA,
UCF-AEM/2022-02-20-UCF-AEM.parquet,TRUE,0,5.395102024078369,NA,
UCSB-ACTS/2021-01-03-UCSB-ACTS.parquet,TRUE,0,82.49717664718628,NA,
UMass-MechBayes/2020-05-10-UMass-MechBayes.parquet,TRUE,0,10.055497169494627,NA,
UMass-trends_ensemble/2022-02-14-UMass-trends_ensemble.parquet,TRUE,0,63.97561979293823,NA,
UMich-RidgeTfReg/2022-04-25-UMich-RidgeTfReg.parquet,TRUE,0,20.626559257507324,NA,
UT_GISAG-SPDM/2021-11-01-UT_GISAG-SPDM.parquet,TRUE,0,78.61714339256287,NA,
UVA-Ensemble/2021-03-22-UVA-Ensemble.parquet,TRUE,0,481.6090693473816,NA,
YYG-ParamSearch/2020-06-01-YYG-ParamSearch.parquet,TRUE,0,21.061772108078003,NA,
AMM-EpiInvert/2023-01-30-AMM-EpiInvert.parquet,TRUE,0,14.317233562469482,NA,
CEID-Walk/2021-03-15-CEID-Walk.parquet,TRUE,0,539.4807534217834,NA,
CMU-TimeSeries/2022-01-17-CMU-TimeSeries.parquet,TRUE,0,58.384726762771606,NA,
Covid19Sim-Simulator/2021-03-28-Covid19Sim-Simulator.parquet,TRUE,0,311.9072382450104,NA,
COVIDhub_CDC-ensemble/2021-05-17-COVIDhub_CDC-ensemble.parquet,TRUE,0,584.7105677127838,NA,
COVIDhub-4_week_ensemble/2021-03-15-COVIDhub-4_week_ensemble.parquet,TRUE,0,584.4572927951813,NA,
COVIDhub-baseline/2020-12-21-COVIDhub-baseline.parquet,TRUE,0,1166.7261385917664,NA,
COVIDhub-ensemble/2020-10-05-COVIDhub-ensemble.parquet,TRUE,0,522.828604221344,NA,
COVIDhub-trained_ensemble/2021-07-05-COVIDhub-trained_ensemble.parquet,TRUE,0,583.9215829372406,NA,
CU-nochange/2020-12-13-CU-nochange.parquet,TRUE,0,834.9475901126862,NA,
CU-scenario_high/2021-05-23-CU-scenario_high.parquet,TRUE,0,795.5249757766724,NA,
CU-scenario_mid/2020-06-14-CU-scenario_mid.parquet,TRUE,0,6.341843843460083,NA,
CU-select/2020-10-15-CU-select.parquet,TRUE,0,874.1908655166626,NA,
CUBoulder-COVIDLSTM/2021-08-29-CUBoulder-COVIDLSTM.parquet,TRUE,0,494.7903254032135,NA,
epiforecasts-ensemble1/2020-10-12-epiforecasts-ensemble1.parquet,TRUE,0,11.834801197052002,NA,
FAIR-NRAR/2021-05-09-FAIR-NRAR.parquet,TRUE,0,494.4074261188507,NA,
FDANIHASU-Sweight/2021-09-27-FDANIHASU-Sweight.parquet,TRUE,0,5.44478964805603,NA,
Google_Harvard-CPF/2021-07-18-Google_Harvard-CPF.parquet,TRUE,0,121.12591457366943,NA,
GT-DeepCOVID/2023-04-24-GT-DeepCOVID.parquet,TRUE,0,32.598694801330566,NA,
IHME-CurveFit/2020-03-29-IHME-CurveFit.parquet,FALSE,1,20.64226984977722,"?: Required task ID/output type/output type ID combinations missing.  
 See `missing` attribute for details.",
IUPUI-HkPrMobiDyR/2021-05-17-IUPUI-HkPrMobiDyR.parquet,TRUE,0,21.606879472732544,NA,
JHU_IDD-CovidSP/2022-03-06-JHU_IDD-CovidSP.parquet,TRUE,0,118.83920788764954,NA,
JHUAPL-Bucky/2021-12-06-JHUAPL-Bucky.parquet,TRUE,0,1226.1897497177124,NA,
JHUAPL-SLPHospEns/2022-08-15-JHUAPL-SLPHospEns.parquet,TRUE,0,61.59499979019165,NA,
KITmetricslab-select_ensemble/2022-04-11-KITmetricslab-select_ensemble.parquet,TRUE,0,21.386476278305057,NA,
LNQ-ens1/2021-02-07-LNQ-ens1.parquet,TRUE,0,509.70263957977295,NA,
MIT_CritData-GBCF/2021-02-14-MIT_CritData-GBCF.parquet,TRUE,0,12.047098875045776,NA,
MIT-Cassandra/2021-10-18-MIT-Cassandra.parquet,TRUE,0,22.31104588508606,NA,
MOBS-GLEAM_COVID/2022-08-08-MOBS-GLEAM_COVID.parquet,TRUE,0,71.0946409702301,NA,
MUNI-ARIMA/2023-09-18-MUNI-ARIMA.parquet,TRUE,0,32.58708953857422,NA,
PR_UMD-CF_RepTiLe/2022-10-16-PR_UMD-CF_RepTiLe.parquet,TRUE,0,13.292993783950806,NA,
PSI-DICE/2024-04-21-PSI-DICE.parquet,TRUE,0,31.516865491867065,NA,
QJHong-Encounter/2021-09-19-QJHong-Encounter.parquet,TRUE,0,5.543639898300171,NA,
RPI_UW-Mob_Collision/2020-11-22-RPI_UW-Mob_Collision.parquet,TRUE,0,9.271917819976808,NA,
SteveMcConnell-CovidComplete/2021-04-05-SteveMcConnell-CovidComplete.parquet,TRUE,0,12.260398149490356,NA,
TTU-squider/2022-01-02-TTU-squider.parquet,TRUE,0,8.570371389389038,NA,
UCF-AEM/2022-02-27-UCF-AEM.parquet,TRUE,0,5.573653221130371,NA,
UCSB-ACTS/2021-01-10-UCSB-ACTS.parquet,TRUE,0,84.99458479881287,NA,
UMass-MechBayes/2020-05-17-UMass-MechBayes.parquet,TRUE,0,10.188727855682371,NA,
UMass-trends_ensemble/2022-02-21-UMass-trends_ensemble.parquet,TRUE,0,60.36209464073181,NA,
UpstateSU-GRU/2021-01-04-UpstateSU-GRU.parquet,TRUE,0,107.95652198791504,NA,
UT_GISAG-SPDM/2021-11-08-UT_GISAG-SPDM.parquet,TRUE,0,85.99136018753052,NA,
UVA-Ensemble/2021-03-29-UVA-Ensemble.parquet,TRUE,0,474.5761473178863,NA,
YYG-ParamSearch/2020-06-02-YYG-ParamSearch.parquet,TRUE,0,20.507029056549072,NA,
AMM-EpiInvert/2023-02-06-AMM-EpiInvert.parquet,TRUE,0,13.943479537963867,NA,
CEID-Walk/2021-03-22-CEID-Walk.parquet,TRUE,0,530.1389484405518,NA,
CMU-TimeSeries/2022-01-24-CMU-TimeSeries.parquet,TRUE,0,58.56399059295654,NA,
Covid19Sim-Simulator/2021-04-04-Covid19Sim-Simulator.parquet,TRUE,0,307.93690276145935,NA,
COVIDhub_CDC-ensemble/2021-05-24-COVIDhub_CDC-ensemble.parquet,TRUE,0,574.3679461479187,NA,
COVIDhub-4_week_ensemble/2021-03-22-COVIDhub-4_week_ensemble.parquet,TRUE,0,581.8228633403778,NA,
COVIDhub-baseline/2020-12-28-COVIDhub-baseline.parquet,TRUE,0,1164.7801468372345,NA,
COVIDhub-ensemble/2020-10-12-COVIDhub-ensemble.parquet,TRUE,0,531.8339645862579,NA,
COVIDhub-trained_ensemble/2021-07-12-COVIDhub-trained_ensemble.parquet,TRUE,0,579.1864833831787,NA,
CU-nochange/2020-12-17-CU-nochange.parquet,TRUE,0,836.1096110343933,NA,
CU-scenario_high/2021-05-30-CU-scenario_high.parquet,TRUE,0,796.8657646179199,NA,
CU-scenario_mid/2020-06-18-CU-scenario_mid.parquet,TRUE,0,5.268187761306763,NA,
CU-select/2020-10-18-CU-select.parquet,TRUE,0,861.690262556076,NA,
CUBoulder-COVIDLSTM/2021-09-05-CUBoulder-COVIDLSTM.parquet,TRUE,0,506.38601565361023,NA,
epiforecasts-ensemble1/2020-10-19-epiforecasts-ensemble1.parquet,TRUE,0,10.659241199493408,NA,
FAIR-NRAR/2021-05-10-FAIR-NRAR.parquet,TRUE,0,480.0144455432892,NA,
FDANIHASU-Sweight/2021-10-04-FDANIHASU-Sweight.parquet,TRUE,0,5.194098949432373,NA,
Google_Harvard-CPF/2021-07-26-Google_Harvard-CPF.parquet,TRUE,0,118.04911518096924,NA,
GT-DeepCOVID/2023-05-01-GT-DeepCOVID.parquet,TRUE,0,30.6648530960083,NA,
IHME-CurveFit/2020-03-30-IHME-CurveFit.parquet,FALSE,1,18.85263156890869,"?: Required task ID/output type/output type ID combinations missing.  
 See `missing` attribute for details.",
JBUD-HMXK/2021-11-14-JBUD-HMXK.parquet,TRUE,0,3.6011009216308594,NA,
JHU_IDD-CovidSP/2022-03-13-JHU_IDD-CovidSP.parquet,TRUE,0,114.25958108901978,NA,
JHUAPL-Bucky/2021-12-13-JHUAPL-Bucky.parquet,TRUE,0,1210.634786605835,NA,
JHUAPL-SLPHospEns/2022-08-22-JHUAPL-SLPHospEns.parquet,TRUE,0,58.624863386154175,NA,
KITmetricslab-select_ensemble/2022-04-18-KITmetricslab-select_ensemble.parquet,TRUE,0,20.299580335617065,NA,
LNQ-ens1/2021-02-14-LNQ-ens1.parquet,TRUE,0,538.5349621772766,NA,
MIT_CritData-GBCF/2021-02-21-MIT_CritData-GBCF.parquet,TRUE,0,11.115095853805542,NA,
MIT-Cassandra/2021-10-25-MIT-Cassandra.parquet,TRUE,0,21.27641224861145,NA,
MOBS-GLEAM_COVID/2022-08-15-MOBS-GLEAM_COVID.parquet,TRUE,0,61.35681462287903,NA,
MUNI-ARIMA/2023-09-25-MUNI-ARIMA.parquet,TRUE,0,32.70438885688782,NA,
PR_UMD-CF_RepTiLe/2022-10-23-PR_UMD-CF_RepTiLe.parquet,TRUE,0,13.099968910217283,NA,
PSI-DICE/2024-04-28-PSI-DICE.parquet,TRUE,0,31.16709566116333,NA,
QJHong-Encounter/2021-09-26-QJHong-Encounter.parquet,TRUE,0,5.7748963832855225,NA,
RPI_UW-Mob_Collision/2020-11-29-RPI_UW-Mob_Collision.parquet,TRUE,0,9.35556983947754,NA,
SteveMcConnell-CovidComplete/2021-04-12-SteveMcConnell-CovidComplete.parquet,TRUE,0,11.78679656982422,NA,
TTU-squider/2022-01-09-TTU-squider.parquet,TRUE,0,7.848000049591064,NA,
UCF-AEM/2022-03-13-UCF-AEM.parquet,TRUE,0,5.821591854095459,NA,
UCSB-ACTS/2021-01-17-UCSB-ACTS.parquet,TRUE,0,86.050865650177,NA,
UMass-MechBayes/2020-05-24-UMass-MechBayes.parquet,TRUE,0,11.345391750335692,NA,
UMass-trends_ensemble/2022-02-28-UMass-trends_ensemble.parquet,TRUE,0,62.47597408294678,NA,
UpstateSU-GRU/2021-01-11-UpstateSU-GRU.parquet,TRUE,0,356.2702751159668,NA,
UT_GISAG-SPDM/2021-11-15-UT_GISAG-SPDM.parquet,TRUE,0,76.22803354263306,NA,
UVA-Ensemble/2021-04-05-UVA-Ensemble.parquet,TRUE,0,435.3040351867676,NA,
YYG-ParamSearch/2020-06-03-YYG-ParamSearch.parquet,TRUE,0,16.569948196411133,NA,
AMM-EpiInvert/2023-02-13-AMM-EpiInvert.parquet,TRUE,0,14.24929666519165,NA,
CEID-Walk/2021-03-29-CEID-Walk.parquet,TRUE,0,531.9418385028839,NA,
CMU-TimeSeries/2022-01-31-CMU-TimeSeries.parquet,TRUE,0,58.78381037712097,NA,
Covid19Sim-Simulator/2021-04-11-Covid19Sim-Simulator.parquet,TRUE,0,309.20267057418823,NA,
COVIDhub_CDC-ensemble/2021-05-31-COVIDhub_CDC-ensemble.parquet,TRUE,0,570.5014982223511,NA,
COVIDhub-4_week_ensemble/2021-03-29-COVIDhub-4_week_ensemble.parquet,TRUE,0,573.7419788837433,NA,
COVIDhub-baseline/2021-01-04-COVIDhub-baseline.parquet,TRUE,0,1139.326843500137,NA,
COVIDhub-ensemble/2020-10-19-COVIDhub-ensemble.parquet,TRUE,0,519.0236942768097,NA,
COVIDhub-trained_ensemble/2021-07-19-COVIDhub-trained_ensemble.parquet,TRUE,0,579.8716824054718,NA,
CU-nochange/2020-12-20-CU-nochange.parquet,TRUE,0,831.2096138000488,NA,
CU-scenario_high/2021-06-06-CU-scenario_high.parquet,TRUE,0,830.9188697338104,NA,
CU-scenario_mid/2020-06-21-CU-scenario_mid.parquet,TRUE,0,8.975925922393799,NA,
CU-select/2020-10-22-CU-select.parquet,TRUE,0,830.0589516162872,NA,
CUBoulder-COVIDLSTM/2021-09-12-CUBoulder-COVIDLSTM.parquet,TRUE,0,488.47776794433594,NA,
epiforecasts-ensemble1/2020-10-26-epiforecasts-ensemble1.parquet,TRUE,0,10.018432140350342,NA,
FAIR-NRAR/2021-05-11-FAIR-NRAR.parquet,TRUE,0,522.6696200370789,NA,
FDANIHASU-Sweight/2021-11-01-FDANIHASU-Sweight.parquet,TRUE,0,5.915671110153198,NA,
Google_Harvard-CPF/2021-08-23-Google_Harvard-CPF.parquet,TRUE,0,117.93292617797852,NA,
GT-DeepCOVID/2023-05-08-GT-DeepCOVID.parquet,TRUE,0,28.67579960823059,NA,
IHME-CurveFit/2020-03-31-IHME-CurveFit.parquet,FALSE,1,18.62049102783203,"?: Required task ID/output type/output type ID combinations missing.  
 See `missing` attribute for details.",
JBUD-HMXK/2021-11-21-JBUD-HMXK.parquet,TRUE,0,3.666555643081665,NA,
JHU_IDD-CovidSP/2022-03-20-JHU_IDD-CovidSP.parquet,TRUE,0,335.58699584007263,NA,
JHUAPL-Bucky/2021-12-20-JHUAPL-Bucky.parquet,TRUE,0,1053.6406016349792,NA,
JHUAPL-SLPHospEns/2022-08-29-JHUAPL-SLPHospEns.parquet,TRUE,0,60.47554016113281,NA,
KITmetricslab-select_ensemble/2022-04-25-KITmetricslab-select_ensemble.parquet,TRUE,0,21.153851747512817,NA,
LNQ-ens1/2021-02-21-LNQ-ens1.parquet,TRUE,0,560.4667227268219,NA,
MIT_CritData-GBCF/2021-02-28-MIT_CritData-GBCF.parquet,TRUE,0,12.467299699783323,NA,
MIT-Cassandra/2021-11-01-MIT-Cassandra.parquet,TRUE,0,22.19569730758667,NA,
MOBS-GLEAM_COVID/2022-08-22-MOBS-GLEAM_COVID.parquet,TRUE,0,65.92056512832642,NA,
MUNI-ARIMA/2023-10-02-MUNI-ARIMA.parquet,TRUE,0,31.86633610725403,NA,
PR_UMD-CF_RepTiLe/2022-10-30-PR_UMD-CF_RepTiLe.parquet,TRUE,0,13.243531465530396,NA,
PSI-DRAFT/2020-05-18-PSI-DRAFT.parquet,TRUE,0,8.011679649353027,NA,
QJHong-Encounter/2021-10-04-QJHong-Encounter.parquet,TRUE,0,5.708235502243042,NA,
RPI_UW-Mob_Collision/2020-12-06-RPI_UW-Mob_Collision.parquet,TRUE,0,9.421607255935667,NA,
SteveMcConnell-CovidComplete/2021-04-19-SteveMcConnell-CovidComplete.parquet,TRUE,0,11.858699560165403,NA,
TTU-squider/2022-01-16-TTU-squider.parquet,TRUE,0,7.987732648849487,NA,
UCF-AEM/2022-03-20-UCF-AEM.parquet,TRUE,0,5.62846827507019,NA,
UCSB-ACTS/2021-01-24-UCSB-ACTS.parquet,TRUE,0,81.87867784500122,NA,
UMass-MechBayes/2020-05-31-UMass-MechBayes.parquet,TRUE,0,10.334951162338257,NA,
UMass-trends_ensemble/2022-03-07-UMass-trends_ensemble.parquet,TRUE,0,61.611072301864624,NA,
UpstateSU-GRU/2021-01-18-UpstateSU-GRU.parquet,TRUE,0,475.0818588733673,NA,
UT_GISAG-SPDM/2021-11-22-UT_GISAG-SPDM.parquet,TRUE,0,73.65614080429077,NA,
UVA-Ensemble/2021-04-12-UVA-Ensemble.parquet,TRUE,0,400.13068175315857,NA,
YYG-ParamSearch/2020-06-04-YYG-ParamSearch.parquet,TRUE,0,15.444604873657228,NA,
AMM-EpiInvert/2023-02-20-AMM-EpiInvert.parquet,TRUE,0,14.250929355621338,NA,
CEID-Walk/2021-04-05-CEID-Walk.parquet,TRUE,0,534.4252808094025,NA,
CMU-TimeSeries/2022-02-07-CMU-TimeSeries.parquet,TRUE,0,57.97228670120239,NA,
Covid19Sim-Simulator/2021-04-18-Covid19Sim-Simulator.parquet,TRUE,0,311.9360227584839,NA,
COVIDhub_CDC-ensemble/2021-06-07-COVIDhub_CDC-ensemble.parquet,TRUE,0,581.4872534275055,NA,
COVIDhub-4_week_ensemble/2021-04-05-COVIDhub-4_week_ensemble.parquet,TRUE,0,634.0713701248169,NA,
COVIDhub-baseline/2021-01-11-COVIDhub-baseline.parquet,TRUE,0,1117.004605293274,NA,
COVIDhub-ensemble/2020-10-26-COVIDhub-ensemble.parquet,TRUE,0,525.8598279953003,NA,
COVIDhub-trained_ensemble/2021-07-26-COVIDhub-trained_ensemble.parquet,TRUE,0,565.2457332611084,NA,
CU-nochange/2020-12-24-CU-nochange.parquet,TRUE,0,798.1152393817902,NA,
CU-scenario_high/2021-06-13-CU-scenario_high.parquet,TRUE,0,824.4267127513885,NA,
CU-scenario_mid/2020-06-25-CU-scenario_mid.parquet,TRUE,0,7.437722444534302,NA,
CU-select/2020-10-25-CU-select.parquet,TRUE,0,824.3092360496521,NA,
CUBoulder-COVIDLSTM/2021-09-19-CUBoulder-COVIDLSTM.parquet,TRUE,0,487.9871017932892,NA,
epiforecasts-ensemble1/2020-11-02-epiforecasts-ensemble1.parquet,TRUE,0,11.13194751739502,NA,
FAIR-NRAR/2021-05-12-FAIR-NRAR.parquet,TRUE,0,491.9277548789978,NA,
FDANIHASU-Sweight/2021-11-08-FDANIHASU-Sweight.parquet,TRUE,0,5.480603218078613,NA,
Google_Harvard-CPF/2021-08-30-Google_Harvard-CPF.parquet,TRUE,0,115.29182171821594,NA,
GT-DeepCOVID/2023-05-29-GT-DeepCOVID.parquet,TRUE,0,29.45340919494629,NA,
IHME-CurveFit/2020-04-01-IHME-CurveFit.parquet,FALSE,1,17.70837926864624,"?: Required task ID/output type/output type ID combinations missing.  
 See `missing` attribute for details.",
JBUD-HMXK/2021-12-19-JBUD-HMXK.parquet,TRUE,0,3.694523334503174,NA,
JHU_IDD-CovidSP/2022-03-27-JHU_IDD-CovidSP.parquet,TRUE,0,205.47478437423703,NA,
JHUAPL-Bucky/2021-12-27-JHUAPL-Bucky.parquet,TRUE,0,1013.8422963619232,NA,
JHUAPLTDWG-ICATTML/2023-02-13-JHUAPLTDWG-ICATTML.parquet,TRUE,0,47.25881099700928,NA,
KITmetricslab-select_ensemble/2022-05-02-KITmetricslab-select_ensemble.parquet,TRUE,0,18.429141759872437,NA,
LNQ-ens1/2021-02-28-LNQ-ens1.parquet,TRUE,0,501.2450158596039,NA,
MIT_CritData-GBCF/2021-03-07-MIT_CritData-GBCF.parquet,TRUE,0,13.059882640838625,NA,
MIT-Cassandra/2021-11-08-MIT-Cassandra.parquet,TRUE,0,24.210367441177368,NA,
MOBS-GLEAM_COVID/2022-08-29-MOBS-GLEAM_COVID.parquet,TRUE,0,72.43545365333557,NA,
MUNI-ARIMA/2023-10-09-MUNI-ARIMA.parquet,TRUE,0,34.765613317489624,NA,
PR_UMD-CF_RepTiLe/2022-11-06-PR_UMD-CF_RepTiLe.parquet,TRUE,0,13.238632440567017,NA,
PSI-DRAFT/2020-05-25-PSI-DRAFT.parquet,TRUE,0,8.34106707572937,NA,
QJHong-Encounter/2021-10-10-QJHong-Encounter.parquet,TRUE,0,5.770639181137085,NA,
RPI_UW-Mob_Collision/2020-12-13-RPI_UW-Mob_Collision.parquet,TRUE,0,9.274351835250854,NA,
SteveMcConnell-CovidComplete/2021-04-26-SteveMcConnell-CovidComplete.parquet,TRUE,0,11.08976411819458,NA,
TTU-squider/2022-01-23-TTU-squider.parquet,TRUE,0,7.362630367279053,NA,
UCF-AEM/2022-03-27-UCF-AEM.parquet,TRUE,0,5.007867097854614,NA,
UCSD_NEU-DeepGLEAM/2020-09-07-UCSD_NEU-DeepGLEAM.parquet,TRUE,0,10.785096645355225,NA,
UMass-MechBayes/2020-06-07-UMass-MechBayes.parquet,TRUE,0,9.043864250183104,NA,
UMass-trends_ensemble/2022-03-14-UMass-trends_ensemble.parquet,TRUE,0,57.774171590805054,NA,
UpstateSU-GRU/2021-01-25-UpstateSU-GRU.parquet,TRUE,0,455.2293395996094,NA,
UT_GISAG-SPDM/2021-11-29-UT_GISAG-SPDM.parquet,TRUE,0,84.89353847503662,NA,
UVA-Ensemble/2021-04-19-UVA-Ensemble.parquet,TRUE,0,514.9921085834503,NA,
YYG-ParamSearch/2020-06-05-YYG-ParamSearch.parquet,TRUE,0,18.52955842018127,NA,
Auquan-SEIR/2020-05-18-Auquan-SEIR.parquet,TRUE,0,8.113054990768433,NA,
CEID-Walk/2021-04-12-CEID-Walk.parquet,TRUE,0,559.8554577827454,NA,
CMU-TimeSeries/2022-02-14-CMU-TimeSeries.parquet,TRUE,0,57.873093128204346,NA,
Covid19Sim-Simulator/2021-04-25-Covid19Sim-Simulator.parquet,TRUE,0,308.08371567726135,NA,
COVIDhub_CDC-ensemble/2021-06-14-COVIDhub_CDC-ensemble.parquet,TRUE,0,604.4562439918518,NA,
COVIDhub-4_week_ensemble/2021-04-12-COVIDhub-4_week_ensemble.parquet,TRUE,0,603.0336377620697,NA,
COVIDhub-baseline/2021-01-18-COVIDhub-baseline.parquet,TRUE,0,1128.0736093521118,NA,
COVIDhub-ensemble/2020-11-02-COVIDhub-ensemble.parquet,TRUE,0,517.000230550766,NA,
COVIDhub-trained_ensemble/2021-08-02-COVIDhub-trained_ensemble.parquet,TRUE,0,625.8680012226105,NA,
CU-nochange/2020-12-27-CU-nochange.parquet,TRUE,0,818.558590888977,NA,
CU-scenario_high/2021-06-20-CU-scenario_high.parquet,TRUE,0,838.89462018013,NA,
CU-scenario_mid/2020-06-28-CU-scenario_mid.parquet,TRUE,0,11.353848934173584,NA,
CU-select/2020-10-29-CU-select.parquet,TRUE,0,836.6127533912659,NA,
CUBoulder-COVIDLSTM/2021-09-26-CUBoulder-COVIDLSTM.parquet,TRUE,0,492.0363574028015,NA,
epiforecasts-ensemble1/2020-11-09-epiforecasts-ensemble1.parquet,TRUE,0,13.48297667503357,NA,
FAIR-NRAR/2021-05-13-FAIR-NRAR.parquet,TRUE,0,521.3349764347076,NA,
FDANIHASU-Sweight/2021-11-15-FDANIHASU-Sweight.parquet,TRUE,0,5.631108283996582,NA,
Google_Harvard-CPF/2021-09-05-Google_Harvard-CPF.parquet,TRUE,0,142.21075057983398,NA,
GT-DeepCOVID/2023-06-05-GT-DeepCOVID.parquet,TRUE,0,33.86740517616272,NA,
IHME-CurveFit/2020-04-05-IHME-CurveFit.parquet,FALSE,1,20.431177616119385,"?: Required task ID/output type/output type ID combinations missing.  
 See `missing` attribute for details.",
JBUD-HMXK/2021-12-26-JBUD-HMXK.parquet,TRUE,0,3.651867628097534,NA,
JHU_IDD-CovidSP/2022-04-03-JHU_IDD-CovidSP.parquet,TRUE,0,294.2643971443176,NA,
JHUAPL-Bucky/2022-01-03-JHUAPL-Bucky.parquet,TRUE,0,998.5287256240844,NA,
JHUAPLTDWG-ICATTML/2023-02-20-JHUAPLTDWG-ICATTML.parquet,TRUE,0,57.84410858154297,NA,
KITmetricslab-select_ensemble/2022-05-09-KITmetricslab-select_ensemble.parquet,TRUE,0,23.01433801651001,NA,
LNQ-ens1/2021-03-07-LNQ-ens1.parquet,TRUE,0,523.7708661556244,NA,
MIT_CritData-GBCF/2021-03-14-MIT_CritData-GBCF.parquet,TRUE,0,12.314057350158691,NA,
MIT-Cassandra/2021-11-29-MIT-Cassandra.parquet,TRUE,0,24.93258023262024,NA,
MOBS-GLEAM_COVID/2022-09-05-MOBS-GLEAM_COVID.parquet,TRUE,0,66.10890007019043,NA,
MUNI-ARIMA/2023-10-16-MUNI-ARIMA.parquet,TRUE,0,33.661407232284546,NA,
PR_UMD-CF_RepTiLe/2022-11-13-PR_UMD-CF_RepTiLe.parquet,TRUE,0,12.399123668670654,NA,
PSI-DRAFT/2020-06-01-PSI-DRAFT.parquet,TRUE,0,8.76248812675476,NA,
QJHong-Encounter/2021-10-17-QJHong-Encounter.parquet,TRUE,0,5.93483829498291,NA,
RPI_UW-Mob_Collision/2020-12-20-RPI_UW-Mob_Collision.parquet,TRUE,0,9.777407884597778,NA,
SteveMcConnell-CovidComplete/2021-05-03-SteveMcConnell-CovidComplete.parquet,TRUE,0,14.4708251953125,NA,
TTU-squider/2022-01-30-TTU-squider.parquet,TRUE,0,9.188066959381104,NA,
UCF-AEM/2022-04-03-UCF-AEM.parquet,TRUE,0,6.5941455364227295,NA,
UCSD_NEU-DeepGLEAM/2020-09-14-UCSD_NEU-DeepGLEAM.parquet,TRUE,0,13.679675579071043,NA,
UMass-MechBayes/2020-06-14-UMass-MechBayes.parquet,TRUE,0,11.022984743118286,NA,
UMass-trends_ensemble/2022-03-21-UMass-trends_ensemble.parquet,TRUE,0,59.965327501297,NA,
UpstateSU-GRU/2021-02-01-UpstateSU-GRU.parquet,TRUE,0,463.1899528503418,NA,
UT_GISAG-SPDM/2021-12-06-UT_GISAG-SPDM.parquet,TRUE,0,82.2042236328125,NA,
UVA-Ensemble/2021-04-26-UVA-Ensemble.parquet,TRUE,0,405.4217557907105,NA,
YYG-ParamSearch/2020-06-06-YYG-ParamSearch.parquet,TRUE,0,16.196966886520386,NA,
Auquan-SEIR/2020-05-24-Auquan-SEIR.parquet,TRUE,0,6.630137920379639,NA,
CEID-Walk/2021-04-19-CEID-Walk.parquet,TRUE,0,378.21359491348267,NA,
CMU-TimeSeries/2022-02-21-CMU-TimeSeries.parquet,TRUE,0,42.2600953578949,NA,
Covid19Sim-Simulator/2021-05-02-Covid19Sim-Simulator.parquet,TRUE,0,222.7005026340485,NA,
COVIDhub_CDC-ensemble/2021-06-21-COVIDhub_CDC-ensemble.parquet,TRUE,0,394.64111328125,NA,
COVIDhub-4_week_ensemble/2021-04-19-COVIDhub-4_week_ensemble.parquet,TRUE,0,398.83112382888794,NA,
COVIDhub-baseline/2021-01-25-COVIDhub-baseline.parquet,TRUE,0,792.7574458122253,NA,
COVIDhub-ensemble/2020-11-09-COVIDhub-ensemble.parquet,TRUE,0,351.1915683746338,NA,
COVIDhub-trained_ensemble/2021-08-09-COVIDhub-trained_ensemble.parquet,TRUE,0,404.1939349174499,NA,
CU-nochange/2021-01-03-CU-nochange.parquet,TRUE,0,594.1046001911163,NA,
CU-scenario_high/2021-06-27-CU-scenario_high.parquet,TRUE,0,602.0981636047363,NA,
CU-scenario_mid/2020-07-02-CU-scenario_mid.parquet,TRUE,0,7.211008787155151,NA,
CU-select/2020-11-01-CU-select.parquet,TRUE,0,618.9593887329102,NA,
CUBoulder-COVIDLSTM/2021-10-03-CUBoulder-COVIDLSTM.parquet,TRUE,0,360.29736137390137,NA,
epiforecasts-ensemble1/2020-11-16-epiforecasts-ensemble1.parquet,TRUE,0,9.25053358078003,NA,
FAIR-NRAR/2021-05-14-FAIR-NRAR.parquet,TRUE,0,381.4795198440552,NA,
FDANIHASU-Sweight/2021-11-22-FDANIHASU-Sweight.parquet,TRUE,0,4.364893198013306,NA,
Google_Harvard-CPF/2021-09-13-Google_Harvard-CPF.parquet,TRUE,0,91.43226790428162,NA,
GT-DeepCOVID/2023-06-12-GT-DeepCOVID.parquet,TRUE,0,25.010432958602905,NA,
IHME-CurveFit/2020-04-07-IHME-CurveFit.parquet,FALSE,1,13.268362760543823,"?: Required task ID/output type/output type ID combinations missing.  
 See `missing` attribute for details.",
JBUD-HMXK/2022-01-02-JBUD-HMXK.parquet,TRUE,0,2.955352544784546,NA,
JHU_IDD-CovidSP/2022-04-10-JHU_IDD-CovidSP.parquet,TRUE,0,148.27346801757812,NA,
JHUAPL-Bucky/2022-01-10-JHUAPL-Bucky.parquet,TRUE,0,738.2607688903809,NA,
JHUAPLTDWG-ICATTML/2023-02-27-JHUAPLTDWG-ICATTML.parquet,TRUE,0,40.73079967498779,NA,
KITmetricslab-select_ensemble/2022-05-23-KITmetricslab-select_ensemble.parquet,TRUE,0,15.24394154548645,NA,
LNQ-ens1/2021-03-14-LNQ-ens1.parquet,TRUE,0,389.5180654525757,NA,
MIT_CritData-GBCF/2021-03-21-MIT_CritData-GBCF.parquet,TRUE,0,9.434098958969116,NA,
MIT-Cassandra/2021-12-06-MIT-Cassandra.parquet,TRUE,0,17.643125772476196,NA,
MOBS-GLEAM_COVID/2022-09-12-MOBS-GLEAM_COVID.parquet,TRUE,0,52.33507585525513,NA,
MUNI-ARIMA/2023-10-23-MUNI-ARIMA.parquet,TRUE,0,24.982912063598633,NA,
PR_UMD-CF_RepTiLe/2022-11-20-PR_UMD-CF_RepTiLe.parquet,TRUE,0,10.046538829803469,NA,
PSI-DRAFT/2020-06-08-PSI-DRAFT.parquet,TRUE,0,6.253329753875732,NA,
QJHong-Encounter/2021-10-25-QJHong-Encounter.parquet,TRUE,0,4.604724168777466,NA,
RPI_UW-Mob_Collision/2020-12-27-RPI_UW-Mob_Collision.parquet,TRUE,0,7.030173063278198,NA,
SteveMcConnell-CovidComplete/2021-05-10-SteveMcConnell-CovidComplete.parquet,TRUE,0,8.962312936782837,NA,
TTU-squider/2022-02-06-TTU-squider.parquet,TRUE,0,5.904076337814331,NA,
UCF-AEM/2022-04-10-UCF-AEM.parquet,TRUE,0,4.306232213973999,NA,
UCSD_NEU-DeepGLEAM/2020-09-21-UCSD_NEU-DeepGLEAM.parquet,TRUE,0,9.077924251556396,NA,
UMass-MechBayes/2020-06-21-UMass-MechBayes.parquet,TRUE,0,7.506984233856201,NA,
UMass-trends_ensemble/2022-03-28-UMass-trends_ensemble.parquet,TRUE,0,44.45654487609863,NA,
UpstateSU-GRU/2021-02-08-UpstateSU-GRU.parquet,TRUE,0,324.9738402366638,NA,
UT_GISAG-SPDM/2021-12-13-UT_GISAG-SPDM.parquet,TRUE,0,54.606064796447754,NA,
UVA-Ensemble/2021-05-03-UVA-Ensemble.parquet,TRUE,0,391.9618589878082,NA,
YYG-ParamSearch/2020-06-07-YYG-ParamSearch.parquet,TRUE,0,20.08203887939453,NA,
Auquan-SEIR/2020-05-31-Auquan-SEIR.parquet,TRUE,0,5.337192535400391,NA,
CEID-Walk/2021-04-26-CEID-Walk.parquet,TRUE,0,352.338787317276,NA,
CMU-TimeSeries/2022-02-28-CMU-TimeSeries.parquet,TRUE,0,40.56684851646423,NA,
Covid19Sim-Simulator/2021-05-09-Covid19Sim-Simulator.parquet,TRUE,0,212.7218542098999,NA,
COVIDhub_CDC-ensemble/2021-06-28-COVIDhub_CDC-ensemble.parquet,TRUE,0,403.71561646461487,NA,
COVIDhub-4_week_ensemble/2021-04-26-COVIDhub-4_week_ensemble.parquet,TRUE,0,406.7388105392456,NA,
COVIDhub-baseline/2021-02-01-COVIDhub-baseline.parquet,TRUE,0,803.8700816631317,NA,
COVIDhub-ensemble/2020-11-16-COVIDhub-ensemble.parquet,TRUE,0,392.6355788707733,NA,
COVIDhub-trained_ensemble/2021-08-16-COVIDhub-trained_ensemble.parquet,TRUE,0,409.86646032333374,NA,
CU-nochange/2021-01-10-CU-nochange.parquet,TRUE,0,582.0054471492767,NA,
CU-scenario_high/2021-07-04-CU-scenario_high.parquet,TRUE,0,557.9245781898499,NA,
CU-scenario_mid/2020-07-05-CU-scenario_mid.parquet,TRUE,0,6.984771728515625,NA,
CU-select/2020-11-05-CU-select.parquet,TRUE,0,560.3910491466522,NA,
CUBoulder-COVIDLSTM/2021-10-10-CUBoulder-COVIDLSTM.parquet,TRUE,0,359.94630432128906,NA,
epiforecasts-ensemble1/2020-11-23-epiforecasts-ensemble1.parquet,TRUE,0,8.356261253356934,NA,
FAIR-NRAR/2021-05-15-FAIR-NRAR.parquet,TRUE,0,356.14271450042725,NA,
FDANIHASU-Sweight/2021-11-29-FDANIHASU-Sweight.parquet,TRUE,0,3.9907615184783936,NA,
Google_Harvard-CPF/2021-09-19-Google_Harvard-CPF.parquet,TRUE,0,83.09302401542664,NA,
HKUST-DNN/2021-06-14-HKUST-DNN.parquet,TRUE,0,6.452917575836182,NA,
IHME-CurveFit/2020-04-09-IHME-CurveFit.parquet,FALSE,1,12.41632318496704,"?: Required task ID/output type/output type ID combinations missing.  
 See `missing` attribute for details.",
JBUD-HMXK/2022-01-16-JBUD-HMXK.parquet,TRUE,0,2.51749849319458,NA,
JHU_IDD-CovidSP/2022-04-17-JHU_IDD-CovidSP.parquet,TRUE,0,146.9138479232788,NA,
JHUAPL-Bucky/2022-01-17-JHUAPL-Bucky.parquet,TRUE,0,729.3579607009888,NA,
JHUAPLTDWG-ICATTML/2023-03-06-JHUAPLTDWG-ICATTML.parquet,TRUE,0,16.452048540115356,NA,
KITmetricslab-select_ensemble/2022-05-30-KITmetricslab-select_ensemble.parquet,TRUE,0,14.278116226196287,NA,
LNQ-ens1/2021-03-21-LNQ-ens1.parquet,TRUE,0,386.0825746059418,NA,
MIT_CritData-GBCF/2021-03-28-MIT_CritData-GBCF.parquet,TRUE,0,8.65457272529602,NA,
MIT-Cassandra/2021-12-13-MIT-Cassandra.parquet,TRUE,0,15.560447931289673,NA,
MOBS-GLEAM_COVID/2022-09-19-MOBS-GLEAM_COVID.parquet,TRUE,0,46.369335651397705,NA,
MUNI-ARIMA/2023-10-30-MUNI-ARIMA.parquet,TRUE,0,22.924658060073853,NA,
PR_UMD-CF_RepTiLe/2022-11-27-PR_UMD-CF_RepTiLe.parquet,TRUE,0,9.308568000793455,NA,
PSI-DRAFT/2020-06-15-PSI-DRAFT.parquet,TRUE,0,5.945892333984375,NA,
QJHong-Encounter/2021-10-31-QJHong-Encounter.parquet,TRUE,0,4.131507396697998,NA,
RPI_UW-Mob_Collision/2021-01-03-RPI_UW-Mob_Collision.parquet,TRUE,0,6.66020941734314,NA,
SteveMcConnell-CovidComplete/2021-05-17-SteveMcConnell-CovidComplete.parquet,TRUE,0,8.52249789237976,NA,
TTU-squider/2022-02-13-TTU-squider.parquet,TRUE,0,5.484820365905762,NA,
UCF-AEM/2022-04-17-UCF-AEM.parquet,TRUE,0,4.042753219604492,NA,
UCSD_NEU-DeepGLEAM/2020-09-28-UCSD_NEU-DeepGLEAM.parquet,TRUE,0,8.223949432373047,NA,
UMass-MechBayes/2020-06-28-UMass-MechBayes.parquet,TRUE,0,6.814365863800049,NA,
UMass-trends_ensemble/2022-04-04-UMass-trends_ensemble.parquet,TRUE,0,41.48887372016907,NA,
UpstateSU-GRU/2021-02-15-UpstateSU-GRU.parquet,TRUE,0,297.1346712112427,NA,
UT_GISAG-SPDM/2021-12-20-UT_GISAG-SPDM.parquet,TRUE,0,48.86436176300049,NA,
UVA-Ensemble/2021-05-10-UVA-Ensemble.parquet,TRUE,0,339.86676383018494,NA,
YYG-ParamSearch/2020-06-08-YYG-ParamSearch.parquet,TRUE,0,16.939990282058716,NA,
Auquan-SEIR/2020-06-07-Auquan-SEIR.parquet,TRUE,0,11.27679443359375,NA,
CEID-Walk/2021-05-03-CEID-Walk.parquet,TRUE,0,570.7435338497162,NA,
CMU-TimeSeries/2022-03-07-CMU-TimeSeries.parquet,TRUE,0,70.86235785484314,NA,
Covid19Sim-Simulator/2021-05-16-Covid19Sim-Simulator.parquet,TRUE,0,372.1487584114074,NA,
COVIDhub_CDC-ensemble/2021-07-05-COVIDhub_CDC-ensemble.parquet,TRUE,0,673.2763187885284,NA,
COVIDhub-4_week_ensemble/2021-05-03-COVIDhub-4_week_ensemble.parquet,TRUE,0,633.0362205505371,NA,
COVIDhub-baseline/2021-02-08-COVIDhub-baseline.parquet,TRUE,0,1240.9699652194977,NA,
COVIDhub-ensemble/2020-11-23-COVIDhub-ensemble.parquet,TRUE,0,572.01917552948,NA,
COVIDhub-trained_ensemble/2021-08-23-COVIDhub-trained_ensemble.parquet,TRUE,0,638.0151541233063,NA,
CU-nochange/2021-01-17-CU-nochange.parquet,TRUE,0,950.4579598903656,NA,
CU-scenario_high/2021-07-11-CU-scenario_high.parquet,TRUE,0,938.4707403182985,NA,
CU-scenario_mid/2020-07-12-CU-scenario_mid.parquet,TRUE,0,12.834158658981323,NA,
CU-select/2020-11-08-CU-select.parquet,TRUE,0,926.0473392009736,NA,
CUBoulder-COVIDLSTM/2021-10-17-CUBoulder-COVIDLSTM.parquet,TRUE,0,578.5373594760895,NA,
epiforecasts-ensemble1/2020-11-30-epiforecasts-ensemble1.parquet,TRUE,0,15.643888235092165,NA,
FAIR-NRAR/2021-05-16-FAIR-NRAR.parquet,TRUE,0,591.1065404415131,NA,
FDANIHASU-Sweight/2021-12-06-FDANIHASU-Sweight.parquet,TRUE,0,7.03736138343811,NA,
Google_Harvard-CPF/2021-09-26-Google_Harvard-CPF.parquet,TRUE,0,152.46993136405945,NA,
HKUST-DNN/2021-06-21-HKUST-DNN.parquet,TRUE,0,11.04140830039978,NA,
IHME-CurveFit/2020-04-12-IHME-CurveFit.parquet,FALSE,1,22.126039028167725,"?: Required task ID/output type/output type ID combinations missing.  
 See `missing` attribute for details.",
JBUD-HMXK/2022-01-23-JBUD-HMXK.parquet,TRUE,0,4.634833812713623,NA,
JHU_IDD-CovidSP/2022-04-24-JHU_IDD-CovidSP.parquet,TRUE,0,235.20717692375183,NA,
JHUAPL-Bucky/2022-01-24-JHUAPL-Bucky.parquet,TRUE,0,1178.501262664795,NA,
JHUAPLTDWG-ICATTML/2023-03-13-JHUAPLTDWG-ICATTML.parquet,TRUE,0,26.809125661849976,NA,
KITmetricslab-select_ensemble/2022-06-06-KITmetricslab-select_ensemble.parquet,TRUE,0,26.132956981658936,NA,
LNQ-ens1/2021-03-28-LNQ-ens1.parquet,TRUE,0,595.4457943439484,NA,
MIT_CritData-GBCF/2021-04-04-MIT_CritData-GBCF.parquet,TRUE,0,15.542253971099854,NA,
MIT-Cassandra/2021-12-20-MIT-Cassandra.parquet,TRUE,0,29.919686555862427,NA,
MOBS-GLEAM_COVID/2022-09-26-MOBS-GLEAM_COVID.parquet,TRUE,0,81.86620140075684,NA,
MUNI-ARIMA/2023-11-06-MUNI-ARIMA.parquet,TRUE,0,43.049861431121826,NA,
PR_UMD-CF_RepTiLe/2022-12-04-PR_UMD-CF_RepTiLe.parquet,TRUE,0,16.062567472457886,NA,
PSI-DRAFT/2020-06-22-PSI-DRAFT.parquet,TRUE,0,11.01417112350464,NA,
QJHong-Encounter/2021-11-07-QJHong-Encounter.parquet,TRUE,0,7.254133224487305,NA,
RPI_UW-Mob_Collision/2021-01-10-RPI_UW-Mob_Collision.parquet,TRUE,0,12.1326642036438,NA,
SteveMcConnell-CovidComplete/2021-05-24-SteveMcConnell-CovidComplete.parquet,TRUE,0,15.526081562042236,NA,
TTU-squider/2022-02-20-TTU-squider.parquet,TRUE,0,10.662415027618408,NA,
UCF-AEM/2022-04-24-UCF-AEM.parquet,TRUE,0,7.424351215362549,NA,
UCSD_NEU-DeepGLEAM/2020-10-05-UCSD_NEU-DeepGLEAM.parquet,TRUE,0,15.721335411071776,NA,
UMass-MechBayes/2020-07-05-UMass-MechBayes.parquet,TRUE,0,14.210421085357666,NA,
UMass-trends_ensemble/2022-04-11-UMass-trends_ensemble.parquet,TRUE,0,77.28277516365051,NA,
UpstateSU-GRU/2021-02-22-UpstateSU-GRU.parquet,TRUE,0,530.2095897197723,NA,
UT_GISAG-SPDM/2021-12-27-UT_GISAG-SPDM.parquet,TRUE,0,95.16763591766356,NA,
UVA-Ensemble/2021-05-17-UVA-Ensemble.parquet,TRUE,0,615.591255903244,NA,
YYG-ParamSearch/2020-06-09-YYG-ParamSearch.parquet,TRUE,0,30.833701610565186,NA,
Auquan-SEIR/2020-06-15-Auquan-SEIR.parquet,TRUE,0,6.895440578460693,NA,
CEID-Walk/2021-05-10-CEID-Walk.parquet,TRUE,0,393.0010399818421,NA,
CMU-TimeSeries/2022-03-14-CMU-TimeSeries.parquet,TRUE,0,44.37414503097534,NA,
Covid19Sim-Simulator/2021-05-23-Covid19Sim-Simulator.parquet,TRUE,0,230.240581035614,NA,
COVIDhub_CDC-ensemble/2021-07-12-COVIDhub_CDC-ensemble.parquet,TRUE,0,422.39009952545166,NA,
COVIDhub-4_week_ensemble/2021-05-10-COVIDhub-4_week_ensemble.parquet,TRUE,0,460.91610050201416,NA,
COVIDhub-baseline/2021-02-15-COVIDhub-baseline.parquet,TRUE,0,867.1098465919495,NA,
COVIDhub-ensemble/2020-11-30-COVIDhub-ensemble.parquet,TRUE,0,389.33016991615295,NA,
COVIDhub-trained_ensemble/2021-08-30-COVIDhub-trained_ensemble.parquet,TRUE,0,436.10187005996704,NA,
CU-nochange/2021-01-24-CU-nochange.parquet,TRUE,0,622.1101005077362,NA,
CU-scenario_high/2021-07-18-CU-scenario_high.parquet,TRUE,0,615.4112010002136,NA,
CU-scenario_mid/2020-07-19-CU-scenario_mid.parquet,TRUE,0,7.560609817504883,NA,
CU-select/2020-11-12-CU-select.parquet,TRUE,0,628.1076781749725,NA,
CUBoulder-COVIDLSTM/2021-10-24-CUBoulder-COVIDLSTM.parquet,TRUE,0,365.65350890159607,NA,
epiforecasts-ensemble1/2020-12-07-epiforecasts-ensemble1.parquet,TRUE,0,8.630204439163208,NA,
FAIR-NRAR/2021-05-19-FAIR-NRAR.parquet,TRUE,0,370.70291233062744,NA,
FDANIHASU-Sweight/2021-12-13-FDANIHASU-Sweight.parquet,TRUE,0,4.105177640914917,NA,
Google_Harvard-CPF/2021-10-04-Google_Harvard-CPF.parquet,TRUE,0,82.0381383895874,NA,
HKUST-DNN/2021-06-28-HKUST-DNN.parquet,TRUE,0,6.313203811645508,NA,
IHME-CurveFit/2020-04-16-IHME-CurveFit.parquet,FALSE,1,11.782344818115234,"?: Required task ID/output type/output type ID combinations missing.  
 See `missing` attribute for details.",
JBUD-HMXK/2022-01-30-JBUD-HMXK.parquet,TRUE,0,2.7093024253845215,NA,
JHU_IDD-CovidSP/2022-05-01-JHU_IDD-CovidSP.parquet,TRUE,0,149.77250123023987,NA,
JHUAPL-Bucky/2022-01-31-JHUAPL-Bucky.parquet,TRUE,0,734.9935688972473,NA,
JHUAPLTDWG-ICATTML/2023-03-20-JHUAPLTDWG-ICATTML.parquet,TRUE,0,15.289635181427002,NA,
KITmetricslab-select_ensemble/2022-06-13-KITmetricslab-select_ensemble.parquet,TRUE,0,14.559596300125122,NA,
LNQ-ens1/2021-04-04-LNQ-ens1.parquet,TRUE,0,394.50311517715454,NA,
MIT_CritData-GBCF/2021-04-11-MIT_CritData-GBCF.parquet,TRUE,0,8.679913997650146,NA,
MIT-Cassandra/2021-12-27-MIT-Cassandra.parquet,TRUE,0,16.852248191833496,NA,
MOBS-GLEAM_COVID/2022-10-03-MOBS-GLEAM_COVID.parquet,TRUE,0,48.34338188171387,NA,
MUNI-ARIMA/2023-11-13-MUNI-ARIMA.parquet,TRUE,0,23.92976689338684,NA,
PR_UMD-CF_RepTiLe/2022-12-12-PR_UMD-CF_RepTiLe.parquet,TRUE,0,9.9473979473114,NA,
PSI-DRAFT/2020-06-29-PSI-DRAFT.parquet,TRUE,0,6.299767017364502,NA,
QJHong-Encounter/2021-11-14-QJHong-Encounter.parquet,TRUE,0,4.5829315185546875,NA,
RPI_UW-Mob_Collision/2021-01-17-RPI_UW-Mob_Collision.parquet,TRUE,0,7.031974792480469,NA,
SteveMcConnell-CovidComplete/2021-05-31-SteveMcConnell-CovidComplete.parquet,TRUE,0,8.726227521896362,NA,
TTU-squider/2022-02-27-TTU-squider.parquet,TRUE,0,5.706106424331665,NA,
UCF-AEM/2022-05-01-UCF-AEM.parquet,TRUE,0,4.350915908813477,NA,
UCSD_NEU-DeepGLEAM/2020-10-12-UCSD_NEU-DeepGLEAM.parquet,TRUE,0,8.766129970550537,NA,
UMass-MechBayes/2020-07-12-UMass-MechBayes.parquet,TRUE,0,7.752690076828003,NA,
UMass-trends_ensemble/2022-04-18-UMass-trends_ensemble.parquet,TRUE,0,47.84660243988037,NA,
UpstateSU-GRU/2021-03-01-UpstateSU-GRU.parquet,TRUE,0,343.05400037765503,NA,
UT_GISAG-SPDM/2022-01-03-UT_GISAG-SPDM.parquet,TRUE,0,54.16204857826233,NA,
UVA-Ensemble/2021-05-24-UVA-Ensemble.parquet,TRUE,0,401.2515461444855,NA,
YYG-ParamSearch/2020-06-10-YYG-ParamSearch.parquet,TRUE,0,18.147186517715458,NA,
Auquan-SEIR/2020-06-21-Auquan-SEIR.parquet,TRUE,0,9.305926322937012,NA,
CEID-Walk/2021-05-17-CEID-Walk.parquet,TRUE,0,533.9877517223358,NA,
CMU-TimeSeries/2022-03-21-CMU-TimeSeries.parquet,TRUE,0,64.66497898101807,NA,
Covid19Sim-Simulator/2021-05-30-Covid19Sim-Simulator.parquet,TRUE,0,311.1426775455475,NA,
COVIDhub_CDC-ensemble/2021-07-19-COVIDhub_CDC-ensemble.parquet,TRUE,0,597.9607934951782,NA,
COVIDhub-4_week_ensemble/2021-05-17-COVIDhub-4_week_ensemble.parquet,TRUE,0,589.5842995643616,NA,
COVIDhub-baseline/2021-02-22-COVIDhub-baseline.parquet,TRUE,0,1096.3209736347198,NA,
COVIDhub-ensemble/2020-12-07-COVIDhub-ensemble.parquet,TRUE,0,567.5696158409119,NA,
COVIDhub-trained_ensemble/2021-09-06-COVIDhub-trained_ensemble.parquet,TRUE,0,607.4861469268799,NA,
CU-nochange/2021-01-31-CU-nochange.parquet,TRUE,0,812.4865267276764,NA,
CU-scenario_high/2021-07-25-CU-scenario_high.parquet,TRUE,0,899.9092445373535,NA,
CU-scenario_mid/2020-07-26-CU-scenario_mid.parquet,TRUE,0,800.5547378063202,NA,
CU-select/2020-11-15-CU-select.parquet,TRUE,0,811.4591660499573,NA,
CUBoulder-COVIDLSTM/2021-10-31-CUBoulder-COVIDLSTM.parquet,TRUE,0,480.61488032341,NA,
epiforecasts-ensemble1/2020-12-14-epiforecasts-ensemble1.parquet,TRUE,0,13.9942946434021,NA,
FAIR-NRAR/2021-05-20-FAIR-NRAR.parquet,TRUE,0,551.7183737754822,NA,
FDANIHASU-Sweight/2021-12-20-FDANIHASU-Sweight.parquet,TRUE,0,6.312757253646851,NA,
Google_Harvard-CPF/2021-10-10-Google_Harvard-CPF.parquet,TRUE,0,132.62262964248657,NA,
HKUST-DNN/2021-07-05-HKUST-DNN.parquet,TRUE,0,8.853933095932007,NA,
IHME-CurveFit/2020-04-20-IHME-CurveFit.parquet,FALSE,1,16.996597051620483,"?: Required task ID/output type/output type ID combinations missing.  
 See `missing` attribute for details.",
JBUD-HMXK/2022-02-06-JBUD-HMXK.parquet,TRUE,0,3.6383790969848633,NA,
JHU_IDD-CovidSP/2022-05-08-JHU_IDD-CovidSP.parquet,TRUE,0,195.75419116020203,NA,
JHUAPL-Bucky/2022-02-07-JHUAPL-Bucky.parquet,TRUE,0,967.6683588027954,NA,
JHUAPLTDWG-ICATTML/2023-03-27-JHUAPLTDWG-ICATTML.parquet,TRUE,0,20.65281558036804,NA,
KITmetricslab-select_ensemble/2022-06-20-KITmetricslab-select_ensemble.parquet,TRUE,0,19.095775365829468,NA,
LNQ-ens1/2021-04-11-LNQ-ens1.parquet,TRUE,0,520.9717428684235,NA,
MIT_CritData-GBCF/2021-04-18-MIT_CritData-GBCF.parquet,TRUE,0,11.870687484741213,NA,
MIT-Cassandra/2022-01-03-MIT-Cassandra.parquet,TRUE,0,22.367328882217407,NA,
MOBS-GLEAM_COVID/2022-10-10-MOBS-GLEAM_COVID.parquet,TRUE,0,67.64581322669983,NA,
MUNI-ARIMA/2023-11-20-MUNI-ARIMA.parquet,TRUE,0,31.883392333984375,NA,
PR_UMD-CF_RepTiLe/2022-12-18-PR_UMD-CF_RepTiLe.parquet,TRUE,0,12.421208620071411,NA,
PSI-DRAFT/2020-07-06-PSI-DRAFT.parquet,TRUE,0,13.365504026412964,NA,
QJHong-Encounter/2021-11-21-QJHong-Encounter.parquet,TRUE,0,5.243675708770752,NA,
RPI_UW-Mob_Collision/2021-01-24-RPI_UW-Mob_Collision.parquet,TRUE,0,9.148741245269775,NA,
SteveMcConnell-CovidComplete/2021-06-07-SteveMcConnell-CovidComplete.parquet,TRUE,0,11.55902934074402,NA,
TTU-squider/2022-03-06-TTU-squider.parquet,TRUE,0,7.978806495666504,NA,
UCF-AEM/2022-05-08-UCF-AEM.parquet,TRUE,0,5.08253812789917,NA,
UCSD_NEU-DeepGLEAM/2020-10-19-UCSD_NEU-DeepGLEAM.parquet,TRUE,0,11.844069242477415,NA,
UMass-MechBayes/2020-07-19-UMass-MechBayes.parquet,TRUE,0,10.405410289764404,NA,
UMass-trends_ensemble/2022-04-25-UMass-trends_ensemble.parquet,TRUE,0,58.54054117202759,NA,
UpstateSU-GRU/2021-03-08-UpstateSU-GRU.parquet,TRUE,0,341.5577311515808,NA,
UT_GISAG-SPDM/2022-01-10-UT_GISAG-SPDM.parquet,TRUE,0,53.11891198158264,NA,
UVA-Ensemble/2021-05-31-UVA-Ensemble.parquet,TRUE,0,380.7545714378357,NA,
YYG-ParamSearch/2020-06-11-YYG-ParamSearch.parquet,TRUE,0,21.957603454589844,NA,
Auquan-SEIR/2020-06-28-Auquan-SEIR.parquet,TRUE,0,5.74437403678894,NA,
CEID-Walk/2021-05-24-CEID-Walk.parquet,TRUE,0,394.6949455738067,NA,
CMU-TimeSeries/2022-03-28-CMU-TimeSeries.parquet,TRUE,0,44.6270477771759,NA,
Covid19Sim-Simulator/2021-06-06-Covid19Sim-Simulator.parquet,TRUE,0,217.11396431922913,NA,
COVIDhub_CDC-ensemble/2021-07-26-COVIDhub_CDC-ensemble.parquet,TRUE,0,419.4403305053711,NA,
COVIDhub-4_week_ensemble/2021-05-24-COVIDhub-4_week_ensemble.parquet,TRUE,0,421.73213243484497,NA,
COVIDhub-baseline/2021-03-01-COVIDhub-baseline.parquet,TRUE,0,854.0406584739685,NA,
COVIDhub-ensemble/2020-12-14-COVIDhub-ensemble.parquet,TRUE,0,445.3468329906464,NA,
COVIDhub-trained_ensemble/2021-09-13-COVIDhub-trained_ensemble.parquet,TRUE,0,433.28587222099304,NA,
CU-nochange/2021-02-07-CU-nochange.parquet,TRUE,0,638.239716053009,NA,
CU-scenario_low/2020-04-12-CU-scenario_low.parquet,TRUE,0,6.347827672958374,NA,
CU-scenario_mid/2020-08-02-CU-scenario_mid.parquet,TRUE,0,604.7094528675079,NA,
CU-select/2020-11-19-CU-select.parquet,TRUE,0,634.0246942043304,NA,
CUBoulder-COVIDLSTM/2021-11-07-CUBoulder-COVIDLSTM.parquet,TRUE,0,371.7757484912872,NA,
epiforecasts-ensemble1/2020-12-21-epiforecasts-ensemble1.parquet,TRUE,0,9.188828945159912,NA,
FAIR-NRAR/2021-05-21-FAIR-NRAR.parquet,TRUE,0,372.1533076763153,NA,
FDANIHASU-Sweight/2021-12-27-FDANIHASU-Sweight.parquet,TRUE,0,4.089120388031006,NA,
Google_Harvard-CPF/2021-10-17-Google_Harvard-CPF.parquet,TRUE,0,85.18758726119995,NA,
HKUST-DNN/2021-07-12-HKUST-DNN.parquet,TRUE,0,6.343522071838379,NA,
IHME-CurveFit/2020-04-21-IHME-CurveFit.parquet,FALSE,1,11.252670288085938,"?: Required task ID/output type/output type ID combinations missing.  
 See `missing` attribute for details.",
JBUD-HMXK/2022-02-13-JBUD-HMXK.parquet,TRUE,0,2.638766288757324,NA,
JHU_IDD-CovidSP/2022-05-15-JHU_IDD-CovidSP.parquet,TRUE,0,152.719491481781,NA,
JHUAPL-Bucky/2022-02-14-JHUAPL-Bucky.parquet,TRUE,0,777.2889702320099,NA,
JHUAPLTDWG-ICATTML/2023-04-03-JHUAPLTDWG-ICATTML.parquet,TRUE,0,16.087717294692993,NA,
KITmetricslab-select_ensemble/2022-06-27-KITmetricslab-select_ensemble.parquet,TRUE,0,14.907320737838743,NA,
LNQ-ens1/2021-04-18-LNQ-ens1.parquet,TRUE,0,383.9392049312592,NA,
MIT_CritData-GBCF/2021-04-25-MIT_CritData-GBCF.parquet,TRUE,0,8.705193042755127,NA,
MIT-Cassandra/2022-01-09-MIT-Cassandra.parquet,TRUE,0,16.539857387542725,NA,
MOBS-GLEAM_COVID/2022-10-17-MOBS-GLEAM_COVID.parquet,TRUE,0,47.33818674087525,NA,
MUNI-ARIMA/2023-11-27-MUNI-ARIMA.parquet,TRUE,0,24.27351999282837,NA,
PR_UMD-CF_RepTiLe/2022-12-26-PR_UMD-CF_RepTiLe.parquet,TRUE,0,9.871850728988647,NA,
PSI-DRAFT/2020-07-13-PSI-DRAFT.parquet,TRUE,0,9.998181343078612,NA,
QJHong-Encounter/2021-11-28-QJHong-Encounter.parquet,TRUE,0,4.5519819259643555,NA,
RPI_UW-Mob_Collision/2021-01-31-RPI_UW-Mob_Collision.parquet,TRUE,0,6.974146842956543,NA,
SteveMcConnell-CovidComplete/2021-06-14-SteveMcConnell-CovidComplete.parquet,TRUE,0,8.659978151321411,NA,
TTU-squider/2022-03-13-TTU-squider.parquet,TRUE,0,5.849391222000122,NA,
UCF-AEM/2022-05-15-UCF-AEM.parquet,TRUE,0,4.362240314483643,NA,
UCSD_NEU-DeepGLEAM/2020-10-26-UCSD_NEU-DeepGLEAM.parquet,TRUE,0,8.872663974761963,NA,
UMass-MechBayes/2020-07-26-UMass-MechBayes.parquet,TRUE,0,67.20643162727356,NA,
UMass-trends_ensemble/2022-05-02-UMass-trends_ensemble.parquet,TRUE,0,44.86899709701538,NA,
UpstateSU-GRU/2021-03-15-UpstateSU-GRU.parquet,TRUE,0,325.96031379699707,NA,
UT_GISAG-SPDM/2022-01-17-UT_GISAG-SPDM.parquet,TRUE,0,55.022626876831055,NA,
UVA-Ensemble/2021-06-07-UVA-Ensemble.parquet,TRUE,0,421.31510734558105,NA,
YYG-ParamSearch/2020-06-12-YYG-ParamSearch.parquet,TRUE,0,25.929415702819824,NA,
Auquan-SEIR/2020-07-05-Auquan-SEIR.parquet,FALSE,1,8.888524770736694,"?: Required task ID/output type/output type ID combinations missing.  
 See `missing` attribute for details.",
CEID-Walk/2021-05-31-CEID-Walk.parquet,TRUE,0,382.34153008461,NA,
CMU-TimeSeries/2022-04-04-CMU-TimeSeries.parquet,TRUE,0,43.39364242553711,NA,
Covid19Sim-Simulator/2021-06-13-Covid19Sim-Simulator.parquet,TRUE,0,225.63946914672852,NA,
COVIDhub_CDC-ensemble/2021-08-02-COVIDhub_CDC-ensemble.parquet,TRUE,0,406.446652173996,NA,
COVIDhub-4_week_ensemble/2021-05-31-COVIDhub-4_week_ensemble.parquet,TRUE,0,401.61715483665466,NA,
COVIDhub-baseline/2021-03-08-COVIDhub-baseline.parquet,TRUE,0,759.7884402275085,NA,
COVIDhub-ensemble/2020-12-21-COVIDhub-ensemble.parquet,TRUE,0,404.5954556465149,NA,
COVIDhub-trained_ensemble/2021-09-20-COVIDhub-trained_ensemble.parquet,TRUE,0,405.9442141056061,NA,
CU-nochange/2021-02-14-CU-nochange.parquet,TRUE,0,553.2183427810669,NA,
CU-scenario_low/2020-04-16-CU-scenario_low.parquet,TRUE,0,4.962280988693237,NA,
CU-scenario_mid/2020-08-06-CU-scenario_mid.parquet,TRUE,0,555.2459318637848,NA,
CU-select/2020-11-22-CU-select.parquet,TRUE,0,555.492919921875,NA,
CUBoulder-COVIDLSTM/2021-11-14-CUBoulder-COVIDLSTM.parquet,TRUE,0,346.90638279914856,NA,
epiforecasts-ensemble1/2020-12-28-epiforecasts-ensemble1.parquet,TRUE,0,9.1185622215271,NA,
FAIR-NRAR/2021-05-22-FAIR-NRAR.parquet,TRUE,0,352.1826915740967,NA,
FRBSF_Wilson-Econometric/2021-03-18-FRBSF_Wilson-Econometric.parquet,TRUE,0,254.2849247455597,NA,
Google_Harvard-CPF/2021-10-24-Google_Harvard-CPF.parquet,TRUE,0,82.12555003166199,NA,
HKUST-DNN/2021-07-19-HKUST-DNN.parquet,TRUE,0,5.976881265640259,NA,
IHME-CurveFit/2020-04-27-IHME-CurveFit.parquet,FALSE,1,10.542013883590698,"?: Required task ID/output type/output type ID combinations missing.  
 See `missing` attribute for details.",
JBUD-HMXK/2022-02-20-JBUD-HMXK.parquet,TRUE,0,2.473170757293701,NA,
JHU_IDD-CovidSP/2022-05-22-JHU_IDD-CovidSP.parquet,TRUE,0,141.7719371318817,NA,
JHUAPL-Bucky/2022-02-21-JHUAPL-Bucky.parquet,TRUE,0,719.1419360637665,NA,
JHUAPLTDWG-ICATTML/2023-04-10-JHUAPLTDWG-ICATTML.parquet,TRUE,0,15.362585544586182,NA,
KITmetricslab-select_ensemble/2022-07-04-KITmetricslab-select_ensemble.parquet,TRUE,0,13.941351413726808,NA,
LNQ-ens1/2021-04-25-LNQ-ens1.parquet,TRUE,0,358.01824712753296,NA,
MIT_CritData-GBCF/2021-05-02-MIT_CritData-GBCF.parquet,TRUE,0,8.6053924560546875,NA,
MIT-Cassandra/2022-01-17-MIT-Cassandra.parquet,TRUE,0,15.442659854888916,NA,
MOBS-GLEAM_COVID/2022-10-24-MOBS-GLEAM_COVID.parquet,TRUE,0,45.24185132980347,NA,
MUNI-ARIMA/2023-12-04-MUNI-ARIMA.parquet,TRUE,0,23.161245584487915,NA,
PR_UMD-CF_RepTiLe/2023-01-02-PR_UMD-CF_RepTiLe.parquet,TRUE,0,9.273678302764893,NA,
PSI-DRAFT/2020-07-20-PSI-DRAFT.parquet,TRUE,0,9.446263313293455,NA,
QJHong-Encounter/2021-12-05-QJHong-Encounter.parquet,TRUE,0,3.7802634239196777,NA,
RPI_UW-Mob_Collision/2021-02-07-RPI_UW-Mob_Collision.parquet,TRUE,0,6.360541582107544,NA,
SteveMcConnell-CovidComplete/2021-06-21-SteveMcConnell-CovidComplete.parquet,TRUE,0,8.513694286346436,NA,
TTU-squider/2022-03-20-TTU-squider.parquet,TRUE,0,5.545459985733032,NA,
UCF-AEM/2022-05-22-UCF-AEM.parquet,TRUE,0,3.7514352798461914,NA,
UCSD_NEU-DeepGLEAM/2020-11-02-UCSD_NEU-DeepGLEAM.parquet,TRUE,0,8.056132316589355,NA,
UMass-MechBayes/2020-08-02-UMass-MechBayes.parquet,TRUE,0,63.72586607933045,NA,
UMass-trends_ensemble/2022-05-09-UMass-trends_ensemble.parquet,TRUE,0,40.78265309333801,NA,
UpstateSU-GRU/2021-03-22-UpstateSU-GRU.parquet,TRUE,0,306.3605465888977,NA,
UT_GISAG-SPDM/2022-01-24-UT_GISAG-SPDM.parquet,TRUE,0,51.74334716796875,NA,
UVA-Ensemble/2021-06-14-UVA-Ensemble.parquet,TRUE,0,352.06017112731934,NA,
YYG-ParamSearch/2020-06-13-YYG-ParamSearch.parquet,TRUE,0,21.181427240371704,NA,
Auquan-SEIR/2020-08-02-Auquan-SEIR.parquet,FALSE,1,8.486084461212158,"?: Required task ID/output type/output type ID combinations missing.  
 See `missing` attribute for details.",
CEID-Walk/2021-06-07-CEID-Walk.parquet,TRUE,0,371.3082699775696,NA,
CMU-TimeSeries/2022-04-11-CMU-TimeSeries.parquet,TRUE,0,45.846555948257446,NA,
Covid19Sim-Simulator/2021-06-20-Covid19Sim-Simulator.parquet,TRUE,0,202.679705619812,NA,
COVIDhub_CDC-ensemble/2021-08-09-COVIDhub_CDC-ensemble.parquet,TRUE,0,361.85771012306213,NA,
COVIDhub-4_week_ensemble/2021-06-07-COVIDhub-4_week_ensemble.parquet,TRUE,0,362.8336443901062,NA,
COVIDhub-baseline/2021-03-15-COVIDhub-baseline.parquet,TRUE,0,711.5708103179932,NA,
COVIDhub-ensemble/2020-12-28-COVIDhub-ensemble.parquet,TRUE,0,361.16861510276794,NA,
COVIDhub-trained_ensemble/2021-09-27-COVIDhub-trained_ensemble.parquet,TRUE,0,387.9073457717895,NA,
CU-nochange/2021-02-21-CU-nochange.parquet,TRUE,0,522.9903888702393,NA,
CU-scenario_low/2020-04-19-CU-scenario_low.parquet,TRUE,0,5.19535231590271,NA,
CU-scenario_mid/2020-08-09-CU-scenario_mid.parquet,TRUE,0,524.4001882076263,NA,
CU-select/2020-11-29-CU-select.parquet,TRUE,0,536.4273447990417,NA,
CUBoulder-COVIDLSTM/2021-11-21-CUBoulder-COVIDLSTM.parquet,TRUE,0,314.6501998901367,NA,
epiforecasts-ensemble1/2021-01-04-epiforecasts-ensemble1.parquet,TRUE,0,8.077751159667969,NA,
FAIR-NRAR/2021-05-23-FAIR-NRAR.parquet,TRUE,0,339.1954708099365,NA,
FRBSF_Wilson-Econometric/2021-03-20-FRBSF_Wilson-Econometric.parquet,TRUE,0,233.69413089752197,NA,
Google_Harvard-CPF/2021-10-31-Google_Harvard-CPF.parquet,TRUE,0,76.7760694026947,NA,
HKUST-DNN/2021-07-26-HKUST-DNN.parquet,TRUE,0,5.6278955936431885,NA,
IHME-CurveFit/2020-04-28-IHME-CurveFit.parquet,FALSE,1,8.1753671169281,"?: Required task ID/output type/output type ID combinations missing.  
 See `missing` attribute for details.",
JBUD-HMXK/2022-02-27-JBUD-HMXK.parquet,TRUE,0,2.2499752044677734,NA,
JHU_IDD-CovidSP/2022-05-29-JHU_IDD-CovidSP.parquet,TRUE,0,132.61127424240112,NA,
JHUAPL-Bucky/2022-02-28-JHUAPL-Bucky.parquet,TRUE,0,648.944361448288,NA,
JHUAPLTDWG-ICATTML/2023-04-17-JHUAPLTDWG-ICATTML.parquet,TRUE,0,14.18692684173584,NA,
KITmetricslab-select_ensemble/2022-07-11-KITmetricslab-select_ensemble.parquet,TRUE,0,13.173488855361938,NA,
LNQ-ens1/2021-05-02-LNQ-ens1.parquet,TRUE,0,331.95175528526306,NA,
MIT_CritData-GBCF/2021-05-09-MIT_CritData-GBCF.parquet,TRUE,0,7.894349813461304,NA,
MIT-Cassandra/2022-01-24-MIT-Cassandra.parquet,TRUE,0,15.318054676055908,NA,
MOBS-GLEAM_COVID/2022-10-31-MOBS-GLEAM_COVID.parquet,TRUE,0,43.10319542884827,NA,
MUNI-ARIMA/2023-12-11-MUNI-ARIMA.parquet,TRUE,0,21.237478256225582,NA,
PR_UMD-CF_RepTiLe/2023-01-09-PR_UMD-CF_RepTiLe.parquet,TRUE,0,8.748976469039917,NA,
PSI-DRAFT/2020-07-27-PSI-DRAFT.parquet,TRUE,0,10.354816913604736,NA,
QJHong-Encounter/2021-12-13-QJHong-Encounter.parquet,TRUE,0,3.901521205902099,NA,
RPI_UW-Mob_Collision/2021-02-14-RPI_UW-Mob_Collision.parquet,TRUE,0,6.086116075515747,NA,
SteveMcConnell-CovidComplete/2021-06-28-SteveMcConnell-CovidComplete.parquet,TRUE,0,8.136027336120605,NA,
TTU-squider/2022-03-27-TTU-squider.parquet,TRUE,0,5.276848554611206,NA,
UCF-AEM/2022-05-29-UCF-AEM.parquet,TRUE,0,3.7567334175109863,NA,
UCSD_NEU-DeepGLEAM/2020-11-09-UCSD_NEU-DeepGLEAM.parquet,TRUE,0,7.6001245975494385,NA,
UMass-MechBayes/2020-08-09-UMass-MechBayes.parquet,TRUE,0,57.95636320114136,NA,
UMass-trends_ensemble/2022-05-16-UMass-trends_ensemble.parquet,TRUE,0,37.67001223564148,NA,
UpstateSU-GRU/2021-03-29-UpstateSU-GRU.parquet,TRUE,0,289.53999304771423,NA,
UT_GISAG-SPDM/2022-01-31-UT_GISAG-SPDM.parquet,TRUE,0,47.76854157447815,NA,
UVA-Ensemble/2021-06-21-UVA-Ensemble.parquet,TRUE,0,334.2488615512848,NA,
YYG-ParamSearch/2020-06-14-YYG-ParamSearch.parquet,TRUE,0,19.56415867805481,NA,
Auquan-SEIR/2020-08-09-Auquan-SEIR.parquet,FALSE,1,10.652255058288574,"?: Required task ID/output type/output type ID combinations missing.  
 See `missing` attribute for details.",
CEID-Walk/2021-06-14-CEID-Walk.parquet,TRUE,0,449.4437086582184,NA,
CMU-TimeSeries/2022-04-18-CMU-TimeSeries.parquet,TRUE,0,51.46723437309265,NA,
Covid19Sim-Simulator/2021-06-27-Covid19Sim-Simulator.parquet,TRUE,0,256.68562269210815,NA,
COVIDhub_CDC-ensemble/2021-08-16-COVIDhub_CDC-ensemble.parquet,TRUE,0,494.1189224720001,NA,
COVIDhub-4_week_ensemble/2021-06-14-COVIDhub-4_week_ensemble.parquet,TRUE,0,494.7114472389221,NA,
COVIDhub-baseline/2021-03-22-COVIDhub-baseline.parquet,TRUE,0,930.6271133422852,NA,
COVIDhub-ensemble/2021-01-04-COVIDhub-ensemble.parquet,TRUE,0,479.51702404022217,NA,
COVIDhub-trained_ensemble/2021-10-04-COVIDhub-trained_ensemble.parquet,TRUE,0,499.421033859253,NA,
CU-nochange/2021-02-28-CU-nochange.parquet,TRUE,0,719.6086401939392,NA,
CU-scenario_low/2020-04-23-CU-scenario_low.parquet,TRUE,0,6.677617788314819,NA,
CU-scenario_mid/2020-08-13-CU-scenario_mid.parquet,TRUE,0,725.719455242157,NA,
CU-select/2020-12-03-CU-select.parquet,TRUE,0,722.7288122177124,NA,
CUBoulder-COVIDLSTM/2021-11-28-CUBoulder-COVIDLSTM.parquet,TRUE,0,430.7902722358704,NA,
epiforecasts-ensemble1/2021-01-11-epiforecasts-ensemble1.parquet,TRUE,0,11.6428804397583,NA,
FAIR-NRAR/2021-05-24-FAIR-NRAR.parquet,TRUE,0,439.1149835586548,NA,
FRBSF_Wilson-Econometric/2021-03-22-FRBSF_Wilson-Econometric.parquet,TRUE,0,304.08718252182007,NA,
Google_Harvard-CPF/2021-11-07-Google_Harvard-CPF.parquet,TRUE,0,107.66287565231325,NA,
HKUST-DNN/2021-08-02-HKUST-DNN.parquet,TRUE,0,7.728733777999878,NA,
IHME-CurveFit/2020-05-04-IHME-CurveFit.parquet,FALSE,1,15.406972408294678,"?: Required task ID/output type/output type ID combinations missing.  
 See `missing` attribute for details.",
JBUD-HMXK/2022-03-06-JBUD-HMXK.parquet,TRUE,0,3.210094928741455,NA,
JHU_IDD-CovidSP/2022-06-05-JHU_IDD-CovidSP.parquet,TRUE,0,175.8376214504242,NA,
JHUAPL-Bucky/2022-03-07-JHUAPL-Bucky.parquet,TRUE,0,886.8202307224274,NA,
JHUAPLTDWG-ICATTML/2023-04-24-JHUAPLTDWG-ICATTML.parquet,TRUE,0,19.30984592437744,NA,
KITmetricslab-select_ensemble/2022-07-18-KITmetricslab-select_ensemble.parquet,TRUE,0,18.00865626335144,NA,
LNQ-ens1/2021-05-09-LNQ-ens1.parquet,TRUE,0,472.9964148998261,NA,
MIT_CritData-GBCF/2021-05-16-MIT_CritData-GBCF.parquet,TRUE,0,10.723130702972412,NA,
MIT-Cassandra/2022-01-31-MIT-Cassandra.parquet,TRUE,0,20.176479816436768,NA,
MOBS-GLEAM_COVID/2022-11-07-MOBS-GLEAM_COVID.parquet,TRUE,0,58.44987726211548,NA,
MUNI-ARIMA/2023-12-18-MUNI-ARIMA.parquet,TRUE,0,29.30181884765625,NA,
PR_UMD-CF_RepTiLe/2023-01-16-PR_UMD-CF_RepTiLe.parquet,TRUE,0,11.67882513999939,NA,
PSI-DRAFT/2020-08-03-PSI-DRAFT.parquet,TRUE,0,14.519999980926514,NA,
QJHong-Encounter/2021-12-20-QJHong-Encounter.parquet,TRUE,0,5.218707323074341,NA,
RPI_UW-Mob_Collision/2021-02-21-RPI_UW-Mob_Collision.parquet,TRUE,0,8.516027688980103,NA,
SteveMcConnell-CovidComplete/2021-07-05-SteveMcConnell-CovidComplete.parquet,TRUE,0,10.678370714187622,NA,
TTU-squider/2022-04-03-TTU-squider.parquet,TRUE,0,6.940042495727539,NA,
UCF-AEM/2022-06-05-UCF-AEM.parquet,TRUE,0,5.169551134109497,NA,
UCSD_NEU-DeepGLEAM/2020-11-16-UCSD_NEU-DeepGLEAM.parquet,TRUE,0,10.848372220993042,NA,
UMass-MechBayes/2020-08-16-UMass-MechBayes.parquet,TRUE,0,79.71410131454468,NA,
UMass-trends_ensemble/2022-05-23-UMass-trends_ensemble.parquet,TRUE,0,51.48245644569397,NA,
UpstateSU-GRU/2021-04-05-UpstateSU-GRU.parquet,TRUE,0,396.746169090271,NA,
UT_GISAG-SPDM/2022-02-07-UT_GISAG-SPDM.parquet,TRUE,0,66.96271586418152,NA,
UVA-Ensemble/2021-06-28-UVA-Ensemble.parquet,TRUE,0,463.1827721595764,NA,
YYG-ParamSearch/2020-06-15-YYG-ParamSearch.parquet,TRUE,0,27.670422315597538,NA,
Auquan-SEIR/2020-08-16-Auquan-SEIR.parquet,FALSE,1,10.890494346618652,"?: Required task ID/output type/output type ID combinations missing.  
 See `missing` attribute for details.",
CEID-Walk/2021-06-21-CEID-Walk.parquet,TRUE,0,373.4256808757782,NA,
CMU-TimeSeries/2022-04-25-CMU-TimeSeries.parquet,TRUE,0,40.82362103462219,NA,
Covid19Sim-Simulator/2021-07-04-Covid19Sim-Simulator.parquet,TRUE,0,224.0318768024445,NA,
COVIDhub_CDC-ensemble/2021-08-23-COVIDhub_CDC-ensemble.parquet,TRUE,0,414.064457654953,NA,
COVIDhub-4_week_ensemble/2021-06-21-COVIDhub-4_week_ensemble.parquet,TRUE,0,423.1639733314514,NA,
COVIDhub-baseline/2021-03-29-COVIDhub-baseline.parquet,TRUE,0,808.6970307826996,NA,
COVIDhub-ensemble/2021-01-11-COVIDhub-ensemble.parquet,TRUE,0,415.7918150424957,NA,
COVIDhub-trained_ensemble/2021-10-11-COVIDhub-trained_ensemble.parquet,TRUE,0,436.17922592163086,NA,
CU-nochange/2021-03-07-CU-nochange.parquet,TRUE,0,606.2928969860077,NA,
CU-scenario_low/2020-04-26-CU-scenario_low.parquet,TRUE,0,6.215102434158325,NA,
CU-scenario_mid/2020-08-16-CU-scenario_mid.parquet,TRUE,0,597.7816388607025,NA,
CU-select/2020-12-06-CU-select.parquet,TRUE,0,595.2978193759918,NA,
CUBoulder-COVIDLSTM/2021-12-05-CUBoulder-COVIDLSTM.parquet,TRUE,0,358.63837909698486,NA,
epiforecasts-ensemble1/2021-01-18-epiforecasts-ensemble1.parquet,TRUE,0,9.610523462295532,NA,
FAIR-NRAR/2021-05-25-FAIR-NRAR.parquet,TRUE,0,364.0218811035156,NA,
FRBSF_Wilson-Econometric/2021-03-29-FRBSF_Wilson-Econometric.parquet,TRUE,0,293.7357223033905,NA,
Google_Harvard-CPF/2021-11-14-Google_Harvard-CPF.parquet,TRUE,0,88.56490159034729,NA,
HKUST-DNN/2021-08-09-HKUST-DNN.parquet,TRUE,0,6.631806373596191,NA,
IHME-CurveFit/2020-05-08-IHME-CurveFit.parquet,FALSE,1,11.69769024848938,"?: Required task ID/output type/output type ID combinations missing.  
 See `missing` attribute for details.",
JBUD-HMXK/2022-03-13-JBUD-HMXK.parquet,TRUE,0,2.7160723209381104,NA,
JHU_IDD-CovidSP/2022-06-12-JHU_IDD-CovidSP.parquet,TRUE,0,137.1736776828766,NA,
JHUAPL-Bucky/2022-03-14-JHUAPL-Bucky.parquet,TRUE,0,734.7188954353333,NA,
JHUAPLTDWG-ICATTML/2023-05-01-JHUAPLTDWG-ICATTML.parquet,TRUE,0,16.04672908782959,NA,
KITmetricslab-select_ensemble/2022-07-25-KITmetricslab-select_ensemble.parquet,TRUE,0,15.302687406539915,NA,
LNQ-ens1/2021-05-16-LNQ-ens1.parquet,TRUE,0,412.32781052589417,NA,
MIT_CritData-GBCF/2021-05-23-MIT_CritData-GBCF.parquet,TRUE,0,9.224481344223022,NA,
MIT-Cassandra/2022-02-07-MIT-Cassandra.parquet,TRUE,0,17.256183385849,NA,
MOBS-GLEAM_COVID/2022-11-14-MOBS-GLEAM_COVID.parquet,TRUE,0,47.60599112510681,NA,
MUNI-ARIMA/2024-01-08-MUNI-ARIMA.parquet,TRUE,0,24.991568326950073,NA,
PR_UMD-CF_RepTiLe/2023-01-23-PR_UMD-CF_RepTiLe.parquet,TRUE,0,10.146236181259155,NA,
PSI-DRAFT/2020-08-10-PSI-DRAFT.parquet,TRUE,0,12.040328741073608,NA,
QJHong-Encounter/2021-12-26-QJHong-Encounter.parquet,TRUE,0,4.447729110717773,NA,
RPI_UW-Mob_Collision/2021-02-28-RPI_UW-Mob_Collision.parquet,TRUE,0,6.989356994628906,NA,
SteveMcConnell-CovidComplete/2021-07-12-SteveMcConnell-CovidComplete.parquet,TRUE,0,9.147687673568726,NA,
TTU-squider/2022-04-10-TTU-squider.parquet,TRUE,0,6.120968580245972,NA,
UCF-AEM/2022-06-12-UCF-AEM.parquet,TRUE,0,4.467053174972534,NA,
UCSD_NEU-DeepGLEAM/2020-11-23-UCSD_NEU-DeepGLEAM.parquet,TRUE,0,9.107412576675417,NA,
UMass-MechBayes/2020-08-23-UMass-MechBayes.parquet,TRUE,0,67.3950924873352,NA,
UMass-trends_ensemble/2022-05-30-UMass-trends_ensemble.parquet,TRUE,0,44.15157842636109,NA,
UpstateSU-GRU/2021-04-12-UpstateSU-GRU.parquet,TRUE,0,352.9025950431824,NA,
UT_GISAG-SPDM/2022-02-14-UT_GISAG-SPDM.parquet,TRUE,0,55.92826986312866,NA,
UVA-Ensemble/2021-07-05-UVA-Ensemble.parquet,TRUE,0,406.593346118927,NA,
YYG-ParamSearch/2020-06-16-YYG-ParamSearch.parquet,TRUE,0,21.721895933151245,NA,
Auquan-SEIR/2020-08-24-Auquan-SEIR.parquet,FALSE,1,12.716197967529297,"?: Required task ID/output type/output type ID combinations missing.  
 See `missing` attribute for details.",
CEID-Walk/2021-06-28-CEID-Walk.parquet,TRUE,0,428.498957157135,NA,
CMU-TimeSeries/2022-05-02-CMU-TimeSeries.parquet,TRUE,0,53.35471749305725,NA,
Covid19Sim-Simulator/2021-08-01-Covid19Sim-Simulator.parquet,TRUE,0,49.29540371894837,NA,
COVIDhub_CDC-ensemble/2021-08-30-COVIDhub_CDC-ensemble.parquet,TRUE,0,497.4168429374695,NA,
COVIDhub-4_week_ensemble/2021-06-28-COVIDhub-4_week_ensemble.parquet,TRUE,0,468.60964369773865,NA,
COVIDhub-baseline/2021-04-05-COVIDhub-baseline.parquet,TRUE,0,930.1768827438354,NA,
COVIDhub-ensemble/2021-01-18-COVIDhub-ensemble.parquet,TRUE,0,496.5479590892792,NA,
COVIDhub-trained_ensemble/2021-10-18-COVIDhub-trained_ensemble.parquet,TRUE,0,478.9336321353912,NA,
CU-nochange/2021-03-14-CU-nochange.parquet,TRUE,0,695.8528287410736,NA,
CU-scenario_low/2020-05-07-CU-scenario_low.parquet,TRUE,0,6.37028694152832,NA,
CU-scenario_mid/2020-08-20-CU-scenario_mid.parquet,TRUE,0,697.3630602359772,NA,
CU-select/2020-12-10-CU-select.parquet,TRUE,0,694.4135785102844,NA,
CUBoulder-COVIDLSTM/2021-12-12-CUBoulder-COVIDLSTM.parquet,TRUE,0,400.7746551036835,NA,
epiforecasts-ensemble1/2021-01-25-epiforecasts-ensemble1.parquet,TRUE,0,11.054953336715698,NA,
FAIR-NRAR/2021-05-26-FAIR-NRAR.parquet,TRUE,0,404.03991198539734,NA,
FRBSF_Wilson-Econometric/2021-04-05-FRBSF_Wilson-Econometric.parquet,TRUE,0,332.2742774486542,NA,
Google_Harvard-CPF/2021-11-21-Google_Harvard-CPF.parquet,TRUE,0,77.82591390609741,NA,
HKUST-DNN/2021-08-16-HKUST-DNN.parquet,TRUE,0,7.623700618743896,NA,
IHME-CurveFit/2020-05-12-IHME-CurveFit.parquet,TRUE,0,20.100812196731567,NA,
JBUD-HMXK/2022-03-20-JBUD-HMXK.parquet,TRUE,0,3.1613378524780273,NA,
JHU_IDD-CovidSP/2022-06-19-JHU_IDD-CovidSP.parquet,TRUE,0,169.53667330741882,NA,
JHUAPL-Bucky/2022-03-21-JHUAPL-Bucky.parquet,TRUE,0,851.8337068557739,NA,
JHUAPLTDWG-ICATTML/2023-05-08-JHUAPLTDWG-ICATTML.parquet,TRUE,0,17.9868426322937,NA,
KITmetricslab-select_ensemble/2022-08-01-KITmetricslab-select_ensemble.parquet,TRUE,0,17.235363483428955,NA,
LNQ-ens1/2021-05-23-LNQ-ens1.parquet,TRUE,0,428.27867460250854,NA,
MIT_CritData-GBCF/2021-05-30-MIT_CritData-GBCF.parquet,TRUE,0,10.58604335784912,NA,
MIT-Cassandra/2022-02-14-MIT-Cassandra.parquet,TRUE,0,19.447312593460083,NA,
MOBS-GLEAM_COVID/2022-11-21-MOBS-GLEAM_COVID.parquet,TRUE,0,61.21513390541077,NA,
MUNI-ARIMA/2024-01-15-MUNI-ARIMA.parquet,TRUE,0,28.59127950668335,NA,
PR_UMD-CF_RepTiLe/2023-01-30-PR_UMD-CF_RepTiLe.parquet,TRUE,0,11.495856046676636,NA,
PSI-DRAFT/2020-08-17-PSI-DRAFT.parquet,TRUE,0,14.20961308479309,NA,
QJHong-Encounter/2022-01-03-QJHong-Encounter.parquet,TRUE,0,5.296578407287598,NA,
RPI_UW-Mob_Collision/2021-03-07-RPI_UW-Mob_Collision.parquet,TRUE,0,8.496971368789673,NA,
SteveMcConnell-CovidComplete/2021-07-19-SteveMcConnell-CovidComplete.parquet,TRUE,0,10.785217761993408,NA,
TTU-squider/2022-04-17-TTU-squider.parquet,TRUE,0,7.051827669143677,NA,
UCF-AEM/2022-06-19-UCF-AEM.parquet,TRUE,0,5.095737457275391,NA,
UCSD_NEU-DeepGLEAM/2020-11-30-UCSD_NEU-DeepGLEAM.parquet,TRUE,0,10.510574579238892,NA,
UMass-MechBayes/2020-08-30-UMass-MechBayes.parquet,TRUE,0,76.8076069355011,NA,
UMass-trends_ensemble/2022-06-06-UMass-trends_ensemble.parquet,TRUE,0,49.31591200828552,NA,
UpstateSU-GRU/2021-04-19-UpstateSU-GRU.parquet,TRUE,0,364.3977265357971,NA,
UT_GISAG-SPDM/2022-02-21-UT_GISAG-SPDM.parquet,TRUE,0,63.28539824485779,NA,
UVA-Ensemble/2021-07-12-UVA-Ensemble.parquet,TRUE,0,424.5954337120056,NA,
YYG-ParamSearch/2020-06-17-YYG-ParamSearch.parquet,TRUE,0,24.403502464294434,NA,
BPagano-RtDriven/2020-10-04-BPagano-RtDriven.parquet,TRUE,0,18.843542098999023,NA,
CEID-Walk/2021-07-05-CEID-Walk.parquet,TRUE,0,358.75610399246216,NA,
CMU-TimeSeries/2022-05-09-CMU-TimeSeries.parquet,TRUE,0,42.44254446029663,NA,
Covid19Sim-Simulator/2021-08-08-Covid19Sim-Simulator.parquet,TRUE,0,39.51421236991882,NA,
COVIDhub_CDC-ensemble/2021-09-06-COVIDhub_CDC-ensemble.parquet,TRUE,0,394.0115993022918,NA,
COVIDhub-4_week_ensemble/2021-07-05-COVIDhub-4_week_ensemble.parquet,TRUE,0,398.475768327713,NA,
COVIDhub-baseline/2021-04-12-COVIDhub-baseline.parquet,TRUE,0,773.4085216522217,NA,
COVIDhub-ensemble/2021-01-25-COVIDhub-ensemble.parquet,TRUE,0,394.75716614723206,NA,
COVIDhub-trained_ensemble/2021-10-25-COVIDhub-trained_ensemble.parquet,TRUE,0,396.09844493865967,NA,
CU-nochange/2021-03-21-CU-nochange.parquet,TRUE,0,577.3932864665985,NA,
CU-scenario_low/2020-05-10-CU-scenario_low.parquet,TRUE,0,5.486494541168213,NA,
CU-scenario_mid/2020-08-23-CU-scenario_mid.parquet,TRUE,0,578.5454664230347,NA,
CU-select/2020-12-13-CU-select.parquet,TRUE,0,576.0979926586151,NA,
CUBoulder-COVIDLSTM/2021-12-19-CUBoulder-COVIDLSTM.parquet,TRUE,0,336.04745388031006,NA,
epiforecasts-ensemble1/2021-02-01-epiforecasts-ensemble1.parquet,TRUE,0,8.57184886932373,NA,
FAIR-NRAR/2021-05-27-FAIR-NRAR.parquet,TRUE,0,352.4972891807556,NA,
FRBSF_Wilson-Econometric/2021-04-12-FRBSF_Wilson-Econometric.parquet,TRUE,0,197.46438431739807,NA,
Google_Harvard-CPF/2021-11-29-Google_Harvard-CPF.parquet,TRUE,0,81.19474244117737,NA,
HKUST-DNN/2021-08-23-HKUST-DNN.parquet,TRUE,0,5.967323541641235,NA,
IHME-CurveFit/2020-05-18-IHME-CurveFit.parquet,TRUE,0,15.511579036712646,NA,
JBUD-HMXK/2022-03-27-JBUD-HMXK.parquet,TRUE,0,2.395336389541626,NA,
JHU_IDD-CovidSP/2022-07-03-JHU_IDD-CovidSP.parquet,TRUE,0,212.55003881454468,NA,
JHUAPL-Bucky/2022-04-04-JHUAPL-Bucky.parquet,TRUE,0,706.0972616672516,NA,
JHUAPLTDWG-ICATTML/2023-05-15-JHUAPLTDWG-ICATTML.parquet,TRUE,0,15.573381900787354,NA,
KITmetricslab-select_ensemble/2022-08-08-KITmetricslab-select_ensemble.parquet,TRUE,0,13.56881308555603,NA,
LNQ-ens1/2021-05-30-LNQ-ens1.parquet,TRUE,0,360.8564374446869,NA,
MIT_CritData-GBCF/2021-06-06-MIT_CritData-GBCF.parquet,TRUE,0,8.29733681678772,NA,
MIT-Cassandra/2022-02-21-MIT-Cassandra.parquet,TRUE,0,16.498671531677246,NA,
MOBS-GLEAM_COVID/2022-11-28-MOBS-GLEAM_COVID.parquet,TRUE,0,46.355634927749634,NA,
MUNI-ARIMA/2024-01-22-MUNI-ARIMA.parquet,TRUE,0,22.80159902572632,NA,
PR_UMD-CF_RepTiLe/2023-02-06-PR_UMD-CF_RepTiLe.parquet,TRUE,0,10.028048753738403,NA,
PSI-DRAFT/2020-08-24-PSI-DRAFT.parquet,TRUE,0,10.990435123443604,NA,
QJHong-Encounter/2022-01-09-QJHong-Encounter.parquet,TRUE,0,3.9224448204040527,NA,
RPI_UW-Mob_Collision/2021-03-14-RPI_UW-Mob_Collision.parquet,TRUE,0,6.609342813491821,NA,
SteveMcConnell-CovidComplete/2021-07-26-SteveMcConnell-CovidComplete.parquet,TRUE,0,8.394664525985718,NA,
TTU-squider/2022-04-24-TTU-squider.parquet,TRUE,0,5.324869871139526,NA,
UCF-AEM/2022-06-26-UCF-AEM.parquet,TRUE,0,3.827176332473755,NA,
UCSD_NEU-DeepGLEAM/2020-12-07-UCSD_NEU-DeepGLEAM.parquet,TRUE,0,8.172905206680298,NA,
UMass-MechBayes/2020-09-06-UMass-MechBayes.parquet,TRUE,0,64.14267659187317,NA,
UMass-trends_ensemble/2022-06-13-UMass-trends_ensemble.parquet,TRUE,0,44.98877835273743,NA,
UpstateSU-GRU/2021-04-26-UpstateSU-GRU.parquet,TRUE,0,326.6672637462616,NA,
UT_GISAG-SPDM/2022-02-28-UT_GISAG-SPDM.parquet,TRUE,0,50.61293005943298,NA,
UVA-Ensemble/2021-07-19-UVA-Ensemble.parquet,TRUE,0,379.0793046951294,NA,
YYG-ParamSearch/2020-06-18-YYG-ParamSearch.parquet,TRUE,0,19.891953945159912,NA,
BPagano-RtDriven/2020-10-11-BPagano-RtDriven.parquet,TRUE,0,27.287660598754883,NA,
CEID-Walk/2021-07-12-CEID-Walk.parquet,TRUE,0,476.7038524150848,NA,
CMU-TimeSeries/2022-05-16-CMU-TimeSeries.parquet,TRUE,0,56.55022382736206,NA,
Covid19Sim-Simulator/2021-08-22-Covid19Sim-Simulator.parquet,TRUE,0,53.57688283920288,NA,
COVIDhub_CDC-ensemble/2021-09-13-COVIDhub_CDC-ensemble.parquet,TRUE,0,526.2785606384277,NA,
COVIDhub-4_week_ensemble/2021-07-12-COVIDhub-4_week_ensemble.parquet,TRUE,0,551.0334870815277,NA,
COVIDhub-baseline/2021-04-19-COVIDhub-baseline.parquet,TRUE,0,1047.1766185760498,NA,
COVIDhub-ensemble/2021-02-01-COVIDhub-ensemble.parquet,TRUE,0,536.7641222476959,NA,
COVIDhub-trained_ensemble/2021-11-01-COVIDhub-trained_ensemble.parquet,TRUE,0,537.435049533844,NA,
CU-nochange/2021-03-28-CU-nochange.parquet,TRUE,0,772.8311190605164,NA,
CU-scenario_low/2020-05-14-CU-scenario_low.parquet,TRUE,0,7.199073314666748,NA,
CU-scenario_mid/2020-08-30-CU-scenario_mid.parquet,TRUE,0,774.9609684944153,NA,
CU-select/2020-12-17-CU-select.parquet,TRUE,0,770.8672468662262,NA,
CUBoulder-COVIDLSTM/2021-12-26-CUBoulder-COVIDLSTM.parquet,TRUE,0,466.1639161109924,NA,
epiforecasts-ensemble1/2021-02-08-epiforecasts-ensemble1.parquet,TRUE,0,11.94248342514038,NA,
FAIR-NRAR/2021-05-28-FAIR-NRAR.parquet,TRUE,0,472.73608350753784,NA,
FRBSF_Wilson-Econometric/2021-04-19-FRBSF_Wilson-Econometric.parquet,TRUE,0,271.7757444381714,NA,
Google_Harvard-CPF/2021-12-05-Google_Harvard-CPF.parquet,TRUE,0,118.54886293411256,NA,
HKUST-DNN/2021-08-30-HKUST-DNN.parquet,TRUE,0,8.157599687576294,NA,
IHME-CurveFit/2020-05-29-IHME-CurveFit.parquet,TRUE,0,20.1723792552948,NA,
JBUD-HMXK/2022-04-03-JBUD-HMXK.parquet,TRUE,0,5.81447172164917,NA,
JHU_IDD-CovidSP/2022-07-10-JHU_IDD-CovidSP.parquet,TRUE,0,192.36855959892273,NA,
JHUAPL-Bucky/2022-04-11-JHUAPL-Bucky.parquet,TRUE,0,958.4938538074492,NA,
JHUAPLTDWG-ICATTML/2023-05-22-JHUAPLTDWG-ICATTML.parquet,TRUE,0,18.126662969589233,NA,
KITmetricslab-select_ensemble/2022-08-15-KITmetricslab-select_ensemble.parquet,TRUE,0,17.337356567382812,NA,
LNQ-ens1/2021-06-06-LNQ-ens1.parquet,TRUE,0,521.5000936985016,NA,
MIT_CritData-GBCF/2021-06-13-MIT_CritData-GBCF.parquet,TRUE,0,12.903753280639648,NA,
MIT-Cassandra/2022-02-28-MIT-Cassandra.parquet,TRUE,0,23.604583263397217,NA,
MOBS-GLEAM_COVID/2022-12-05-MOBS-GLEAM_COVID.parquet,TRUE,0,67.86475229263306,NA,
MUNI-ARIMA/2024-01-29-MUNI-ARIMA.parquet,TRUE,0,35.113994121551514,NA,
PR_UMD-CF_RepTiLe/2023-02-13-PR_UMD-CF_RepTiLe.parquet,TRUE,0,13.610021829605104,NA,
PSI-DRAFT/2020-08-31-PSI-DRAFT.parquet,TRUE,0,15.829524517059326,NA,
QJHong-Encounter/2022-01-16-QJHong-Encounter.parquet,TRUE,0,5.682173490524292,NA,
RPI_UW-Mob_Collision/2021-03-21-RPI_UW-Mob_Collision.parquet,TRUE,0,9.848746061325071,NA,
SteveMcConnell-CovidComplete/2021-08-02-SteveMcConnell-CovidComplete.parquet,TRUE,0,12.451200246810911,NA,
TTU-squider/2022-05-01-TTU-squider.parquet,TRUE,0,8.342169761657715,NA,
UCF-AEM/2022-07-03-UCF-AEM.parquet,TRUE,0,5.735772132873535,NA,
UCSD_NEU-DeepGLEAM/2020-12-14-UCSD_NEU-DeepGLEAM.parquet,TRUE,0,11.468709707260132,NA,
UMass-MechBayes/2020-09-13-UMass-MechBayes.parquet,TRUE,0,89.07238435745239,NA,
UMass-trends_ensemble/2022-06-20-UMass-trends_ensemble.parquet,TRUE,0,62.09609603881836,NA,
UpstateSU-GRU/2021-05-03-UpstateSU-GRU.parquet,TRUE,0,428.1418869495392,NA,
UT_GISAG-SPDM/2022-03-14-UT_GISAG-SPDM.parquet,TRUE,0,75.46965527534485,NA,
UVA-Ensemble/2021-07-26-UVA-Ensemble.parquet,TRUE,0,520.3268921375275,NA,
YYG-ParamSearch/2020-06-19-YYG-ParamSearch.parquet,TRUE,0,30.131426334381104,NA,
BPagano-RtDriven/2020-10-18-BPagano-RtDriven.parquet,TRUE,0,38.93504619598389,NA,
CEID-Walk/2021-07-19-CEID-Walk.parquet,TRUE,0,446.7607128620148,NA,
CMU-TimeSeries/2022-05-23-CMU-TimeSeries.parquet,TRUE,0,51.34611201286316,NA,
Covid19Sim-Simulator/2021-11-14-Covid19Sim-Simulator.parquet,TRUE,0,34.40052032470703,NA,
COVIDhub_CDC-ensemble/2021-09-20-COVIDhub_CDC-ensemble.parquet,TRUE,0,504.4536521434784,NA,
COVIDhub-4_week_ensemble/2021-07-19-COVIDhub-4_week_ensemble.parquet,TRUE,0,511.5150167942047,NA,
COVIDhub-baseline/2021-04-26-COVIDhub-baseline.parquet,TRUE,0,907.6802628040314,NA,
COVIDhub-ensemble/2021-02-08-COVIDhub-ensemble.parquet,TRUE,0,486.6153218746186,NA,
COVIDhub-trained_ensemble/2021-11-08-COVIDhub-trained_ensemble.parquet,TRUE,0,488.22113728523254,NA,
CU-nochange/2021-04-04-CU-nochange.parquet,TRUE,0,707.8132843971252,NA,
CU-scenario_low/2020-05-17-CU-scenario_low.parquet,TRUE,0,5.587510585784912,NA,
CU-scenario_mid/2020-09-03-CU-scenario_mid.parquet,TRUE,0,704.9536776542664,NA,
CU-select/2020-12-20-CU-select.parquet,TRUE,0,727.6825637817383,NA,
CUBoulder-COVIDLSTM/2022-01-02-CUBoulder-COVIDLSTM.parquet,TRUE,0,436.9556579589844,NA,
epiforecasts-ensemble1/2021-02-15-epiforecasts-ensemble1.parquet,TRUE,0,11.61640477180481,NA,
FAIR-NRAR/2021-05-29-FAIR-NRAR.parquet,TRUE,0,440.8063716888428,NA,
FRBSF_Wilson-Econometric/2021-04-26-FRBSF_Wilson-Econometric.parquet,TRUE,0,241.12790966033936,NA,
Google_Harvard-CPF/2021-12-12-Google_Harvard-CPF.parquet,TRUE,0,106.81704115867616,NA,
HKUST-DNN/2021-09-06-HKUST-DNN.parquet,TRUE,0,8.117083072662354,NA,
IHME-CurveFit/2020-06-05-IHME-CurveFit.parquet,TRUE,0,22.325640201568604,NA,
JBUD-HMXK/2022-04-10-JBUD-HMXK.parquet,TRUE,0,5.229196786880493,NA,
JHU_IDD-CovidSP/2022-07-17-JHU_IDD-CovidSP.parquet,TRUE,0,264.53167390823364,NA,
JHUAPL-Bucky/2022-04-18-JHUAPL-Bucky.parquet,TRUE,0,899.0696036815643,NA,
JHUAPLTDWG-ICATTML/2023-05-29-JHUAPLTDWG-ICATTML.parquet,TRUE,0,19.2075617313385,NA,
KITmetricslab-select_ensemble/2022-08-22-KITmetricslab-select_ensemble.parquet,TRUE,0,17.490373849868774,NA,
LosAlamos_NAU-CModel_SDVaxVar/2021-11-07-LosAlamos_NAU-CModel_SDVaxVar.parquet,TRUE,0,10.058316707611084,NA,
MIT_CritData-GBCF/2021-06-20-MIT_CritData-GBCF.parquet,TRUE,0,11.1681969165802,NA,
MIT-Cassandra/2022-03-07-MIT-Cassandra.parquet,TRUE,0,20.67011570930481,NA,
MOBS-GLEAM_COVID/2022-12-12-MOBS-GLEAM_COVID.parquet,TRUE,0,60.15753221511841,NA,
MUNI-ARIMA/2024-02-12-MUNI-ARIMA.parquet,TRUE,0,29.422316789627075,NA,
PR_UMD-CF_RepTiLe/2023-02-20-PR_UMD-CF_RepTiLe.parquet,TRUE,0,11.99361252784729,NA,
PSI-DRAFT/2020-09-07-PSI-DRAFT.parquet,TRUE,0,14.283735752105711,NA,
QJHong-Encounter/2022-01-23-QJHong-Encounter.parquet,TRUE,0,5.421037197113037,NA,
RPI_UW-Mob_Collision/2021-03-28-RPI_UW-Mob_Collision.parquet,TRUE,0,8.655608892440796,NA,
SteveMcConnell-CovidComplete/2021-08-09-SteveMcConnell-CovidComplete.parquet,TRUE,0,10.777355909347534,NA,
TTU-squider/2022-05-08-TTU-squider.parquet,TRUE,0,6.991964340209961,NA,
UCF-AEM/2022-07-10-UCF-AEM.parquet,TRUE,0,5.370651006698608,NA,
UCSD_NEU-DeepGLEAM/2020-12-21-UCSD_NEU-DeepGLEAM.parquet,TRUE,0,10.61302614212036,NA,
UMass-MechBayes/2020-09-20-UMass-MechBayes.parquet,TRUE,0,79.10262179374695,NA,
UMass-trends_ensemble/2022-06-27-UMass-trends_ensemble.parquet,TRUE,0,55.057551860809326,NA,
UpstateSU-GRU/2021-05-10-UpstateSU-GRU.parquet,TRUE,0,411.0093603134155,NA,
UT_GISAG-SPDM/2022-03-21-UT_GISAG-SPDM.parquet,TRUE,0,64.62952613830566,NA,
UVA-Ensemble/2021-08-02-UVA-Ensemble.parquet,TRUE,0,478.9627494812012,NA,
YYG-ParamSearch/2020-06-20-YYG-ParamSearch.parquet,TRUE,0,25.47949981689453,NA,
BPagano-RtDriven/2020-10-25-BPagano-RtDriven.parquet,TRUE,0,47.38899111747742,NA,
CEID-Walk/2021-07-26-CEID-Walk.parquet,TRUE,0,528.110125541687,NA,
CMU-TimeSeries/2022-05-30-CMU-TimeSeries.parquet,TRUE,0,59.6552095413208,NA,
Covid19Sim-Simulator/2021-11-21-Covid19Sim-Simulator.parquet,TRUE,0,42.095513343811035,NA,
COVIDhub_CDC-ensemble/2021-09-27-COVIDhub_CDC-ensemble.parquet,TRUE,0,585.1494274139404,NA,
COVIDhub-4_week_ensemble/2021-07-26-COVIDhub-4_week_ensemble.parquet,TRUE,0,594.6436007022858,NA,
COVIDhub-baseline/2021-05-03-COVIDhub-baseline.parquet,TRUE,0,1147.6731247901917,NA,
COVIDhub-ensemble/2021-02-15-COVIDhub-ensemble.parquet,TRUE,0,545.8179156780243,NA,
COVIDhub-trained_ensemble/2021-11-15-COVIDhub-trained_ensemble.parquet,TRUE,0,561.1168797016144,NA,
CU-nochange/2021-04-11-CU-nochange.parquet,TRUE,0,822.1365585327148,NA,
CU-scenario_low/2020-05-21-CU-scenario_low.parquet,TRUE,0,6.280484914779663,NA,
CU-scenario_mid/2020-09-06-CU-scenario_mid.parquet,TRUE,0,833.464465379715,NA,
CU-select/2020-12-24-CU-select.parquet,TRUE,0,785.8776354789734,NA,
CUBoulder-COVIDLSTM/2022-01-09-CUBoulder-COVIDLSTM.parquet,TRUE,0,509.1583020687103,NA,
epiforecasts-ensemble1/2021-02-22-epiforecasts-ensemble1.parquet,TRUE,0,13.687831401824951,NA,
FAIR-NRAR/2021-05-30-FAIR-NRAR.parquet,TRUE,0,508.945280790329,NA,
FRBSF_Wilson-Econometric/2021-05-03-FRBSF_Wilson-Econometric.parquet,TRUE,0,276.9474380016327,NA,
Google_Harvard-CPF/2021-12-19-Google_Harvard-CPF.parquet,TRUE,0,135.66419339179993,NA,
HKUST-DNN/2021-09-13-HKUST-DNN.parquet,TRUE,0,8.924062967300415,NA,
IHME-CurveFit/2020-06-08-IHME-CurveFit.parquet,TRUE,0,40.81138849258423,NA,
JBUD-HMXK/2022-04-17-JBUD-HMXK.parquet,TRUE,0,5.64587926864624,NA,
JHU_IDD-CovidSP/2022-07-24-JHU_IDD-CovidSP.parquet,TRUE,0,303.1576783657074,NA,
JHUAPL-Bucky/2022-04-25-JHUAPL-Bucky.parquet,TRUE,0,976.3601591587068,NA,
JHUAPLTDWG-ICATTML/2023-06-05-JHUAPLTDWG-ICATTML.parquet,TRUE,0,21.991095542907715,NA,
KITmetricslab-select_ensemble/2022-08-29-KITmetricslab-select_ensemble.parquet,TRUE,0,21.02267336845398,NA,
LosAlamos_NAU-CModel_SDVaxVar/2021-11-14-LosAlamos_NAU-CModel_SDVaxVar.parquet,TRUE,0,11.22663426399231,NA,
MIT_CritData-GBCF/2021-06-27-MIT_CritData-GBCF.parquet,TRUE,0,13.307798147201538,NA,
MIT-Cassandra/2022-03-14-MIT-Cassandra.parquet,TRUE,0,24.981316566467285,NA,
MOBS-GLEAM_COVID/2022-12-19-MOBS-GLEAM_COVID.parquet,TRUE,0,69.80054759979248,NA,
MUNI-ARIMA/2024-02-19-MUNI-ARIMA.parquet,TRUE,0,35.484036445617676,NA,
PR_UMD-CF_RepTiLe/2023-02-27-PR_UMD-CF_RepTiLe.parquet,TRUE,0,13.337657928466797,NA,
PSI-DRAFT/2020-09-14-PSI-DRAFT.parquet,TRUE,0,16.161542177200317,NA,
QJHong-Encounter/2022-01-30-QJHong-Encounter.parquet,TRUE,0,5.591550827026367,NA,
SDSC_ISG-TrendModel/2021-09-05-SDSC_ISG-TrendModel.parquet,TRUE,0,4.52216100692749,NA,
SteveMcConnell-CovidComplete/2021-08-16-SteveMcConnell-CovidComplete.parquet,TRUE,0,12.00956892967224,NA,
TTU-squider/2022-05-15-TTU-squider.parquet,TRUE,0,8.332889318466187,NA,
UCF-AEM/2022-07-24-UCF-AEM.parquet,TRUE,0,5.403645753860474,NA,
UCSD_NEU-DeepGLEAM/2020-12-28-UCSD_NEU-DeepGLEAM.parquet,TRUE,0,12.57633638381958,NA,
UMass-MechBayes/2020-09-27-UMass-MechBayes.parquet,TRUE,0,91.77187824249268,NA,
UMass-trends_ensemble/2022-07-04-UMass-trends_ensemble.parquet,TRUE,0,60.55699038505554,NA,
UpstateSU-GRU/2021-05-17-UpstateSU-GRU.parquet,TRUE,0,468.8007657527923,NA,
UT_GISAG-SPDM/2022-04-04-UT_GISAG-SPDM.parquet,TRUE,0,85.06636643409729,NA,
UVA-Ensemble/2021-08-09-UVA-Ensemble.parquet,TRUE,0,524.5941209793091,NA,
YYG-ParamSearch/2020-06-21-YYG-ParamSearch.parquet,TRUE,0,29.09808349609375,NA,
BPagano-RtDriven/2020-11-01-BPagano-RtDriven.parquet,TRUE,0,39.61921238899231,NA,
CEID-Walk/2021-08-02-CEID-Walk.parquet,TRUE,0,528.9906191825867,NA,
CMU-TimeSeries/2022-06-06-CMU-TimeSeries.parquet,TRUE,0,61.49597239494324,NA,
Covid19Sim-Simulator/2022-02-06-Covid19Sim-Simulator.parquet,TRUE,0,27.948800325393677,NA,
COVIDhub_CDC-ensemble/2021-10-04-COVIDhub_CDC-ensemble.parquet,TRUE,0,593.8347008228302,NA,
COVIDhub-4_week_ensemble/2021-08-02-COVIDhub-4_week_ensemble.parquet,TRUE,0,576.4363825321198,NA,
COVIDhub-baseline/2021-05-10-COVIDhub-baseline.parquet,TRUE,0,1148.3618113994598,NA,
COVIDhub-ensemble/2021-02-22-COVIDhub-ensemble.parquet,TRUE,0,562.7502181529999,NA,
COVIDhub-trained_ensemble/2021-11-22-COVIDhub-trained_ensemble.parquet,TRUE,0,590.7995719909668,NA,
CU-nochange/2021-04-18-CU-nochange.parquet,TRUE,0,801.3613348007202,NA,
CU-scenario_low/2020-05-24-CU-scenario_low.parquet,TRUE,0,7.027153491973877,NA,
CU-scenario_mid/2020-09-13-CU-scenario_mid.parquet,TRUE,0,790.1481673717499,NA,
CU-select/2020-12-27-CU-select.parquet,TRUE,0,809.8337564468384,NA,
CUBoulder-COVIDLSTM/2022-01-16-CUBoulder-COVIDLSTM.parquet,TRUE,0,513.9675951004028,NA,
epiforecasts-ensemble1/2021-03-01-epiforecasts-ensemble1.parquet,TRUE,0,14.25216794013977,NA,
FAIR-NRAR/2021-05-31-FAIR-NRAR.parquet,TRUE,0,550.6741845607758,NA,
FRBSF_Wilson-Econometric/2021-05-10-FRBSF_Wilson-Econometric.parquet,TRUE,0,285.53693747520447,NA,
GT_CHHS-COVID19/2020-05-31-GT_CHHS-COVID19.parquet,TRUE,0,3.4179444313049316,NA,
HKUST-DNN/2021-09-20-HKUST-DNN.parquet,TRUE,0,9.634598731994627,NA,
IHME-CurveFit/2020-06-10-IHME-CurveFit.parquet,TRUE,0,40.042622566223145,NA,
JBUD-HMXK/2022-04-24-JBUD-HMXK.parquet,TRUE,0,5.770737648010254,NA,
JHU_IDD-CovidSP/2022-07-31-JHU_IDD-CovidSP.parquet,TRUE,0,316.00560450553894,NA,
JHUAPL-Bucky/2022-05-02-JHUAPL-Bucky.parquet,TRUE,0,1048.0102202892303,NA,
JHUAPLTDWG-ICATTML/2023-06-12-JHUAPLTDWG-ICATTML.parquet,TRUE,0,20.44020915031433,NA,
KITmetricslab-select_ensemble/2022-09-12-KITmetricslab-select_ensemble.parquet,TRUE,0,22.11404323577881,NA,
LosAlamos_NAU-CModel_SDVaxVar/2021-11-21-LosAlamos_NAU-CModel_SDVaxVar.parquet,TRUE,0,12.117205142974854,NA,
MIT_CritData-GBCF/2021-07-04-MIT_CritData-GBCF.parquet,TRUE,0,13.234707355499268,NA,
MIT-Cassandra/2022-03-21-MIT-Cassandra.parquet,TRUE,0,26.00563263893127,NA,
MOBS-GLEAM_COVID/2022-12-26-MOBS-GLEAM_COVID.parquet,TRUE,0,71.56573224067688,NA,
MUNI-ARIMA/2024-03-04-MUNI-ARIMA.parquet,TRUE,0,37.722065687179565,NA,
prolix-euclidean/2022-01-03-prolix-euclidean.parquet,TRUE,0,4.207193851470947,NA,
PSI-DRAFT/2020-09-21-PSI-DRAFT.parquet,TRUE,0,17.60448956489563,NA,
QJHong-Encounter/2022-02-06-QJHong-Encounter.parquet,TRUE,0,6.039605140686035,NA,
SDSC_ISG-TrendModel/2021-09-12-SDSC_ISG-TrendModel.parquet,TRUE,0,4.768816709518433,NA,
SteveMcConnell-CovidComplete/2021-08-23-SteveMcConnell-CovidComplete.parquet,TRUE,0,12.56814742088318,NA,
TTU-squider/2022-05-22-TTU-squider.parquet,TRUE,0,7.721516132354736,NA,
UCF-AEM/2022-07-31-UCF-AEM.parquet,TRUE,0,5.759559631347656,NA,
UCSD_NEU-DeepGLEAM/2021-01-04-UCSD_NEU-DeepGLEAM.parquet,TRUE,0,12.695847511291504,NA,
UMass-MechBayes/2020-10-04-UMass-MechBayes.parquet,TRUE,0,94.46355080604552,NA,
UMass-trends_ensemble/2022-07-11-UMass-trends_ensemble.parquet,TRUE,0,58.427081823349,NA,
UpstateSU-GRU/2021-05-24-UpstateSU-GRU.parquet,TRUE,0,445.1023361682892,NA,
UT_GISAG-SPDM/2022-04-18-UT_GISAG-SPDM.parquet,TRUE,0,87.08037662506104,NA,
UVA-Ensemble/2021-08-16-UVA-Ensemble.parquet,TRUE,0,498.26789450645447,NA,
YYG-ParamSearch/2020-06-22-YYG-ParamSearch.parquet,TRUE,0,31.97506809234619,NA,
BPagano-RtDriven/2020-11-08-BPagano-RtDriven.parquet,TRUE,0,54.85630178451538,NA,
CEID-Walk/2021-08-09-CEID-Walk.parquet,TRUE,0,597.0233833789825,NA,
CMU-TimeSeries/2022-06-13-CMU-TimeSeries.parquet,TRUE,0,81.17146563529968,NA,
Covid19Sim-Simulator/2022-02-13-Covid19Sim-Simulator.parquet,TRUE,0,19.1179518699646,NA,
COVIDhub_CDC-ensemble/2021-10-11-COVIDhub_CDC-ensemble.parquet,TRUE,0,681.0032155513763,NA,
COVIDhub-4_week_ensemble/2021-08-09-COVIDhub-4_week_ensemble.parquet,TRUE,0,639.0928702354431,NA,
COVIDhub-baseline/2021-05-17-COVIDhub-baseline.parquet,TRUE,0,1271.361806154251,NA,
COVIDhub-ensemble/2021-03-01-COVIDhub-ensemble.parquet,TRUE,0,659.8485579490662,NA,
COVIDhub-trained_ensemble/2021-11-29-COVIDhub-trained_ensemble.parquet,TRUE,0,658.1087739467621,NA,
CU-nochange/2021-04-25-CU-nochange.parquet,TRUE,0,915.3446931838988,NA,
CU-scenario_low/2020-05-28-CU-scenario_low.parquet,TRUE,0,7.252405405044556,NA,
CU-scenario_mid/2020-09-20-CU-scenario_mid.parquet,TRUE,0,921.4395086765288,NA,
CU-select/2021-01-03-CU-select.parquet,TRUE,0,890.4047455787659,NA,
CUBoulder-COVIDLSTM/2022-01-23-CUBoulder-COVIDLSTM.parquet,TRUE,0,544.6264362335205,NA,
epiforecasts-ensemble1/2021-03-08-epiforecasts-ensemble1.parquet,TRUE,0,16.225465297698975,NA,
FAIR-NRAR/2021-06-01-FAIR-NRAR.parquet,TRUE,0,566.0243685245514,NA,
FRBSF_Wilson-Econometric/2021-05-17-FRBSF_Wilson-Econometric.parquet,TRUE,0,325.89897775650024,NA,
GT_CHHS-COVID19/2020-06-07-GT_CHHS-COVID19.parquet,TRUE,0,7.689383268356323,NA,
HKUST-DNN/2021-09-27-HKUST-DNN.parquet,TRUE,0,8.176448345184326,NA,
IHME-CurveFit/2020-06-15-IHME-CurveFit.parquet,TRUE,0,36.86768436431885,NA,
JBUD-HMXK/2022-05-01-JBUD-HMXK.parquet,TRUE,0,6.519319534301758,NA,
JHU_IDD-CovidSP/2022-08-07-JHU_IDD-CovidSP.parquet,TRUE,0,344.41077303886414,NA,
JHUAPL-Bucky/2022-05-09-JHUAPL-Bucky.parquet,TRUE,0,1266.4308304786682,NA,
JHUAPLTDWG-ICATTML/2023-06-26-JHUAPLTDWG-ICATTML.parquet,TRUE,0,22.046335458755493,NA,
KITmetricslab-select_ensemble/2022-09-19-KITmetricslab-select_ensemble.parquet,TRUE,0,25.51825976371765,NA,
LosAlamos_NAU-CModel_SDVaxVar/2021-11-28-LosAlamos_NAU-CModel_SDVaxVar.parquet,TRUE,0,12.584858655929564,NA,
MIT_CritData-GBCF/2021-07-11-MIT_CritData-GBCF.parquet,TRUE,0,15.914330244064333,NA,
MIT-Cassandra/2022-03-28-MIT-Cassandra.parquet,TRUE,0,28.291330575942993,NA,
MOBS-GLEAM_COVID/2023-01-02-MOBS-GLEAM_COVID.parquet,TRUE,0,81.84167742729187,NA,
MUNI-ARIMA/2024-03-11-MUNI-ARIMA.parquet,TRUE,0,54.445785999298096,NA,
prolix-euclidean/2022-01-08-prolix-euclidean.parquet,TRUE,0,2.8312478065490723,NA,
PSI-DRAFT/2020-09-28-PSI-DRAFT.parquet,TRUE,0,11.741392612457275,NA,
QJHong-Encounter/2022-02-13-QJHong-Encounter.parquet,TRUE,0,5.027175426483154,NA,
SDSC_ISG-TrendModel/2021-09-19-SDSC_ISG-TrendModel.parquet,TRUE,0,5.820537805557251,NA,
SteveMcConnell-CovidComplete/2021-08-30-SteveMcConnell-CovidComplete.parquet,TRUE,0,15.273901224136353,NA,
TTU-squider/2022-05-29-TTU-squider.parquet,TRUE,0,10.898389101028442,NA,
UCF-AEM/2022-08-07-UCF-AEM.parquet,TRUE,0,6.564599275588989,NA,
UCSD_NEU-DeepGLEAM/2021-01-11-UCSD_NEU-DeepGLEAM.parquet,TRUE,0,15.30201268196106,NA,
UMass-MechBayes/2020-10-11-UMass-MechBayes.parquet,TRUE,0,118.48537802696228,NA,
UMass-trends_ensemble/2022-07-18-UMass-trends_ensemble.parquet,TRUE,0,66.81534934043884,NA,
USACE-ERDC_SEIR/2020-05-14-USACE-ERDC_SEIR.parquet,TRUE,0,13.38461971282959,NA,
UT-Mobility/2020-04-20-UT-Mobility.parquet,TRUE,0,17.952481985092163,NA,
UVA-Ensemble/2021-08-23-UVA-Ensemble.parquet,TRUE,0,624.0322964191437,NA,
YYG-ParamSearch/2020-06-23-YYG-ParamSearch.parquet,TRUE,0,36.67373728752136,NA,
BPagano-RtDriven/2020-11-15-BPagano-RtDriven.parquet,TRUE,0,29.124212741851807,NA,
CEID-Walk/2021-08-16-CEID-Walk.parquet,TRUE,0,394.6157989501953,NA,
CMU-TimeSeries/2022-06-20-CMU-TimeSeries.parquet,TRUE,0,44.05847954750061,NA,
Covid19Sim-Simulator/2022-02-20-Covid19Sim-Simulator.parquet,TRUE,0,18.81726598739624,NA,
COVIDhub_CDC-ensemble/2021-10-18-COVIDhub_CDC-ensemble.parquet,TRUE,0,422.0324068069458,NA,
COVIDhub-4_week_ensemble/2021-08-16-COVIDhub-4_week_ensemble.parquet,TRUE,0,439.6064519882202,NA,
COVIDhub-baseline/2021-05-24-COVIDhub-baseline.parquet,TRUE,0,804.441933631897,NA,
COVIDhub-ensemble/2021-03-08-COVIDhub-ensemble.parquet,TRUE,0,413.83096504211426,NA,
COVIDhub-trained_ensemble/2021-12-06-COVIDhub-trained_ensemble.parquet,TRUE,0,430.0609474182129,NA,
CU-nochange/2021-05-02-CU-nochange.parquet,TRUE,0,623.0517246723175,NA,
CU-scenario_low/2020-05-31-CU-scenario_low.parquet,TRUE,0,4.793229103088379,NA,
CU-scenario_mid/2020-09-24-CU-scenario_mid.parquet,TRUE,0,599.3289222717285,NA,
CU-select/2021-01-10-CU-select.parquet,TRUE,0,590.584860086441,NA,
CUBoulder-COVIDLSTM/2022-01-30-CUBoulder-COVIDLSTM.parquet,TRUE,0,364.6989555358887,NA,
epiforecasts-ensemble1/2021-03-15-epiforecasts-ensemble1.parquet,TRUE,0,9.35680627822876,NA,
FAIR-NRAR/2021-06-02-FAIR-NRAR.parquet,TRUE,0,384.99869871139526,NA,
FRBSF_Wilson-Econometric/2021-05-24-FRBSF_Wilson-Econometric.parquet,TRUE,0,200.2200026512146,NA,
GT_CHHS-COVID19/2020-06-14-GT_CHHS-COVID19.parquet,TRUE,0,2.4961066246032715,NA,
HKUST-DNN/2021-10-04-HKUST-DNN.parquet,TRUE,0,6.366293430328369,NA,
IHME-CurveFit/2020-06-22-IHME-CurveFit.parquet,TRUE,0,26.77075242996216,NA,
JBUD-HMXK/2022-05-08-JBUD-HMXK.parquet,TRUE,0,4.075256109237671,NA,
JHU_IDD-CovidSP/2022-08-15-JHU_IDD-CovidSP.parquet,TRUE,0,220.43280148506165,NA,
JHUAPL-Bucky/2022-05-16-JHUAPL-Bucky.parquet,TRUE,0,742.1937923431396,NA,
JHUAPLTDWG-ICATTML/2023-07-03-JHUAPLTDWG-ICATTML.parquet,TRUE,0,16.052573919296265,NA,
KITmetricslab-select_ensemble/2022-09-26-KITmetricslab-select_ensemble.parquet,TRUE,0,14.897897481918337,NA,
LosAlamos_NAU-CModel_SDVaxVar/2021-12-05-LosAlamos_NAU-CModel_SDVaxVar.parquet,TRUE,0,8.21414041519165,NA,
MIT_CritData-GBCF/2021-07-18-MIT_CritData-GBCF.parquet,TRUE,0,8.863620281219482,NA,
MIT-Cassandra/2022-04-04-MIT-Cassandra.parquet,TRUE,0,16.705410480499268,NA,
MOBS-GLEAM_COVID/2023-01-09-MOBS-GLEAM_COVID.parquet,TRUE,0,49.38610601425171,NA,
MUNI-ARIMA/2024-03-18-MUNI-ARIMA.parquet,TRUE,0,24.534916162490845,NA,
prolix-euclidean/2022-01-10-prolix-euclidean.parquet,TRUE,0,2.7858705520629883,NA,
PSI-DRAFT/2020-10-05-PSI-DRAFT.parquet,TRUE,0,11.99841856956482,NA,
QJHong-Encounter/2022-02-21-QJHong-Encounter.parquet,TRUE,0,4.264038324356079,NA,
SDSC_ISG-TrendModel/2021-09-26-SDSC_ISG-TrendModel.parquet,TRUE,0,3.5191805362701416,NA,
SteveMcConnell-CovidComplete/2021-09-06-SteveMcConnell-CovidComplete.parquet,TRUE,0,8.999239921569824,NA,
TTU-squider/2022-06-05-TTU-squider.parquet,TRUE,0,5.8295958042144775,NA,
UCF-AEM/2022-08-14-UCF-AEM.parquet,TRUE,0,4.165649175643921,NA,
UCSD_NEU-DeepGLEAM/2021-01-18-UCSD_NEU-DeepGLEAM.parquet,TRUE,0,8.882259130477905,NA,
UMass-MechBayes/2020-10-18-UMass-MechBayes.parquet,TRUE,0,69.17891430854797,NA,
UMass-trends_ensemble/2022-07-25-UMass-trends_ensemble.parquet,TRUE,0,44.415356397628784,NA,
USACE-ERDC_SEIR/2020-05-18-USACE-ERDC_SEIR.parquet,TRUE,0,8.277321577072144,NA,
UT-Mobility/2020-04-27-UT-Mobility.parquet,TRUE,0,9.767737865447998,NA,
UVA-Ensemble/2021-08-30-UVA-Ensemble.parquet,TRUE,0,402.8457193374634,NA,
YYG-ParamSearch/2020-06-24-YYG-ParamSearch.parquet,TRUE,0,19.843039512634277,NA,
BPagano-RtDriven/2020-11-22-BPagano-RtDriven.parquet,TRUE,0,16.784285068511963,NA,
CEID-Walk/2021-08-23-CEID-Walk.parquet,TRUE,0,371.09234523773193,NA,
CMU-TimeSeries/2022-06-27-CMU-TimeSeries.parquet,TRUE,0,41.428773641586304,NA,
Covid19Sim-Simulator/2022-02-27-Covid19Sim-Simulator.parquet,TRUE,0,18.428629398345947,NA,
COVIDhub_CDC-ensemble/2021-10-25-COVIDhub_CDC-ensemble.parquet,TRUE,0,396.0671617984772,NA,
COVIDhub-4_week_ensemble/2021-08-23-COVIDhub-4_week_ensemble.parquet,TRUE,0,415.9520614147186,NA,
COVIDhub-baseline/2021-05-31-COVIDhub-baseline.parquet,TRUE,0,785.17285776138306,NA,
COVIDhub-ensemble/2021-03-15-COVIDhub-ensemble.parquet,TRUE,0,389.0741968154907,NA,
COVIDhub-trained_ensemble/2021-12-13-COVIDhub-trained_ensemble.parquet,TRUE,0,401.88706707954407,NA,
CU-nochange/2021-05-09-CU-nochange.parquet,TRUE,0,573.8702411651611,NA,
CU-scenario_low/2020-06-04-CU-scenario_low.parquet,TRUE,0,4.080809593200684,NA,
CU-scenario_mid/2020-09-27-CU-scenario_mid.parquet,TRUE,0,547.7386176586151,NA,
CU-select/2021-01-17-CU-select.parquet,TRUE,0,570.7807269096375,NA,
CUBoulder-COVIDLSTM/2022-02-06-CUBoulder-COVIDLSTM.parquet,TRUE,0,343.89741683006287,NA,
epiforecasts-ensemble1/2021-03-22-epiforecasts-ensemble1.parquet,TRUE,0,8.941155195236206,NA,
FAIR-NRAR/2021-06-03-FAIR-NRAR.parquet,TRUE,0,347.1253488063812,NA,
FRBSF_Wilson-Econometric/2021-05-31-FRBSF_Wilson-Econometric.parquet,TRUE,0,189.08262825012207,NA,
GT_CHHS-COVID19/2020-06-21-GT_CHHS-COVID19.parquet,TRUE,0,2.4747488498687744,NA,
HKUST-DNN/2021-10-11-HKUST-DNN.parquet,TRUE,0,6.3490283489227295,NA,
IHME-CurveFit/2020-06-24-IHME-CurveFit.parquet,TRUE,0,26.3729190826416,NA,
JBUD-HMXK/2022-05-15-JBUD-HMXK.parquet,TRUE,0,4.170418739318848,NA,
JHU_IDD-CovidSP/2022-08-21-JHU_IDD-CovidSP.parquet,TRUE,0,201.61935663223267,NA,
JHUAPL-Bucky/2022-05-23-JHUAPL-Bucky.parquet,TRUE,0,701.2785141468048,NA,
JHUAPLTDWG-ICATTML/2023-07-10-JHUAPLTDWG-ICATTML.parquet,TRUE,0,15.316149711608888,NA,
KITmetricslab-select_ensemble/2022-10-03-KITmetricslab-select_ensemble.parquet,TRUE,0,14.317933320999146,NA,
LosAlamos_NAU-CModel_SDVaxVar/2021-12-12-LosAlamos_NAU-CModel_SDVaxVar.parquet,TRUE,0,8.204001665115356,NA,
MIT_CritData-GBCF/2021-07-25-MIT_CritData-GBCF.parquet,TRUE,0,8.914983034133911,NA,
MIT-Cassandra/2022-04-11-MIT-Cassandra.parquet,TRUE,0,16.756392002105713,NA,
MOBS-GLEAM_COVID/2023-01-16-MOBS-GLEAM_COVID.parquet,TRUE,0,46.12949633598328,NA,
MUNI-ARIMA/2024-03-25-MUNI-ARIMA.parquet,TRUE,0,23.475454568862915,NA,
prolix-euclidean/2022-01-11-prolix-euclidean.parquet,TRUE,0,2.886945962905884,NA,
PSI-DRAFT/2020-10-12-PSI-DRAFT.parquet,TRUE,0,11.642067670822144,NA,
QJHong-Encounter/2022-02-28-QJHong-Encounter.parquet,TRUE,0,4.132456302642822,NA,
SDSC_ISG-TrendModel/2021-10-03-SDSC_ISG-TrendModel.parquet,TRUE,0,3.4848899841308594,NA,
SteveMcConnell-CovidComplete/2021-09-13-SteveMcConnell-CovidComplete.parquet,TRUE,0,8.82942819595337,NA,
TTU-squider/2022-06-12-TTU-squider.parquet,TRUE,0,5.8597731590271,NA,
UCF-AEM/2022-08-21-UCF-AEM.parquet,TRUE,0,4.072302579879761,NA,
UCSD_NEU-DeepGLEAM/2021-01-25-UCSD_NEU-DeepGLEAM.parquet,TRUE,0,8.54109501838684,NA,
UMass-MechBayes/2020-10-25-UMass-MechBayes.parquet,TRUE,0,63.8424608707428,NA,
UMass-trends_ensemble/2022-08-01-UMass-trends_ensemble.parquet,TRUE,0,41.26800775527954,NA,
USACE-ERDC_SEIR/2020-05-24-USACE-ERDC_SEIR.parquet,TRUE,0,8.110839605331421,NA,
UT-Mobility/2020-05-04-UT-Mobility.parquet,TRUE,0,9.525562763214111,NA,
UVA-Ensemble/2021-09-06-UVA-Ensemble.parquet,TRUE,0,371.08692502975464,NA,
YYG-ParamSearch/2020-06-25-YYG-ParamSearch.parquet,TRUE,0,19.055290460586548,NA,
BPagano-RtDriven/2020-11-29-BPagano-RtDriven.parquet,TRUE,0,17.59144616127014,NA,
CEID-Walk/2021-08-30-CEID-Walk.parquet,TRUE,0,408.85493636131287,NA,
CMU-TimeSeries/2022-07-04-CMU-TimeSeries.parquet,TRUE,0,45.76225137710571,NA,
Covid19Sim-Simulator/2022-03-06-Covid19Sim-Simulator.parquet,TRUE,0,19.814090490341187,NA,
COVIDhub_CDC-ensemble/2021-11-01-COVIDhub_CDC-ensemble.parquet,TRUE,0,460.530255317688,NA,
COVIDhub-4_week_ensemble/2021-08-30-COVIDhub-4_week_ensemble.parquet,TRUE,0,429.7935302257538,NA,
COVIDhub-baseline/2021-06-07-COVIDhub-baseline.parquet,TRUE,0,859.3296809196472,NA,
COVIDhub-ensemble/2021-03-22-COVIDhub-ensemble.parquet,TRUE,0,441.2341525554657,NA,
COVIDhub-trained_ensemble/2021-12-20-COVIDhub-trained_ensemble.parquet,TRUE,0,432.3663492202759,NA,
CU-nochange/2021-05-16-CU-nochange.parquet,TRUE,0,610.233095407486,NA,
CU-scenario_low/2020-06-07-CU-scenario_low.parquet,TRUE,0,4.724252700805664,NA,
CU-scenario_mid/2020-10-04-CU-scenario_mid.parquet,TRUE,0,610.8437983989716,NA,
CU-select/2021-01-24-CU-select.parquet,TRUE,0,598.9625110626221,NA,
CUBoulder-COVIDLSTM/2022-02-13-CUBoulder-COVIDLSTM.parquet,TRUE,0,368.5757968425751,NA,
epiforecasts-ensemble1/2021-03-29-epiforecasts-ensemble1.parquet,TRUE,0,9.415375709533691,NA,
FAIR-NRAR/2021-06-05-FAIR-NRAR.parquet,TRUE,0,384.4759454727173,NA,
FRBSF_Wilson-Econometric/2021-06-07-FRBSF_Wilson-Econometric.parquet,TRUE,0,207.66642951965332,NA,
GT_CHHS-COVID19/2020-06-28-GT_CHHS-COVID19.parquet,TRUE,0,2.4764366149902344,NA,
HKUST-DNN/2021-10-18-HKUST-DNN.parquet,TRUE,0,6.38680100440979,NA,
IHME-CurveFit/2020-06-29-IHME-CurveFit.parquet,TRUE,0,27.355557203292847,NA,
JBUD-HMXK/2022-05-22-JBUD-HMXK.parquet,TRUE,0,4.271035432815552,NA,
JHU_IDD-CovidSP/2022-08-28-JHU_IDD-CovidSP.parquet,TRUE,0,224.7148208618164,NA,
JHUAPL-Bucky/2022-05-30-JHUAPL-Bucky.parquet,TRUE,0,790.1260733604431,NA,
Karlen-pypm/2020-07-20-Karlen-pypm.parquet,TRUE,0,5.640552759170532,NA,
KITmetricslab-select_ensemble/2022-10-10-KITmetricslab-select_ensemble.parquet,TRUE,0,15.064114093780518,NA,
LosAlamos_NAU-CModel_SDVaxVar/2021-12-19-LosAlamos_NAU-CModel_SDVaxVar.parquet,TRUE,0,7.984748840332031,NA,
MIT_CritData-GBCF/2021-08-01-MIT_CritData-GBCF.parquet,TRUE,0,8.763775825500488,NA,
MIT-Cassandra/2022-04-18-MIT-Cassandra.parquet,TRUE,0,16.84935736656189,NA,
MOBS-GLEAM_COVID/2023-01-23-MOBS-GLEAM_COVID.parquet,TRUE,0,50.20624303817749,NA,
MUNI-VAR/2021-11-08-MUNI-VAR.parquet,TRUE,0,13.099764108657835,NA,
prolix-euclidean/2022-01-12-prolix-euclidean.parquet,TRUE,0,3.1406338214874268,NA,
PSI-DRAFT/2020-10-19-PSI-DRAFT.parquet,TRUE,0,12.23941135406494,NA,
QJHong-Encounter/2022-03-06-QJHong-Encounter.parquet,TRUE,0,4.518009901046753,NA,
SDSC_ISG-TrendModel/2021-10-10-SDSC_ISG-TrendModel.parquet,TRUE,0,3.5292656421661377,NA,
SteveMcConnell-CovidComplete/2021-09-20-SteveMcConnell-CovidComplete.parquet,TRUE,0,9.346809387207031,NA,
TTU-squider/2022-06-19-TTU-squider.parquet,TRUE,0,6.118737697601318,NA,
UCF-AEM/2022-08-28-UCF-AEM.parquet,TRUE,0,4.461486577987671,NA,
UCSD_NEU-DeepGLEAM/2021-02-01-UCSD_NEU-DeepGLEAM.parquet,TRUE,0,9.011985540390016,NA,
UMass-MechBayes/2020-11-01-UMass-MechBayes.parquet,TRUE,0,77.35000944137573,NA,
UMass-trends_ensemble/2022-08-08-UMass-trends_ensemble.parquet,TRUE,0,50.90379858016968,NA,
USACE-ERDC_SEIR/2020-05-25-USACE-ERDC_SEIR.parquet,TRUE,0,8.475366592407227,NA,
UT-Mobility/2020-05-11-UT-Mobility.parquet,TRUE,0,6.2658772468566895,NA,
UVA-Ensemble/2021-09-13-UVA-Ensemble.parquet,TRUE,0,420.0719985961914,NA,
YYG-ParamSearch/2020-06-26-YYG-ParamSearch.parquet,TRUE,0,20.19632887840271,NA,
BPagano-RtDriven/2020-12-06-BPagano-RtDriven.parquet,TRUE,0,17.588437795639038,NA,
CEID-Walk/2021-09-06-CEID-Walk.parquet,TRUE,0,409.8611755371094,NA,
CMU-TimeSeries/2022-07-11-CMU-TimeSeries.parquet,TRUE,0,46.085174560546875,NA,
CovidActNow-SEIR_CAN/2020-05-31-CovidActNow-SEIR_CAN.parquet,TRUE,0,7.392046689987183,NA,
COVIDhub_CDC-ensemble/2021-11-08-COVIDhub_CDC-ensemble.parquet,TRUE,0,476.27910017967224,NA,
COVIDhub-4_week_ensemble/2021-09-06-COVIDhub-4_week_ensemble.parquet,TRUE,0,451.464727640152,NA,
COVIDhub-baseline/2021-06-14-COVIDhub-baseline.parquet,TRUE,0,891.9146440029144,NA,
COVIDhub-ensemble/2021-03-29-COVIDhub-ensemble.parquet,TRUE,0,457.1470041275024,NA,
COVIDhub-trained_ensemble/2021-12-27-COVIDhub-trained_ensemble.parquet,TRUE,0,454.4874255657196,NA,
CU-nochange/2021-05-23-CU-nochange.parquet,TRUE,0,658.1468243598938,NA,
CU-scenario_low/2020-06-11-CU-scenario_low.parquet,TRUE,0,4.364303350448608,NA,
CU-scenario_mid/2020-10-08-CU-scenario_mid.parquet,TRUE,0,631.9695861339569,NA,
CU-select/2021-01-31-CU-select.parquet,TRUE,0,630.8839190006256,NA,
CUBoulder-COVIDLSTM/2022-02-20-CUBoulder-COVIDLSTM.parquet,TRUE,0,393.6521852016449,NA,
epiforecasts-ensemble1/2021-04-05-epiforecasts-ensemble1.parquet,TRUE,0,10.24724268913269,NA,
FAIR-NRAR/2021-06-06-FAIR-NRAR.parquet,TRUE,0,409.0805757045746,NA,
FRBSF_Wilson-Econometric/2021-06-14-FRBSF_Wilson-Econometric.parquet,TRUE,0,217.5778305530548,NA,
GT_CHHS-COVID19/2020-07-05-GT_CHHS-COVID19.parquet,TRUE,0,2.786662340164185,NA,
HKUST-DNN/2021-10-25-HKUST-DNN.parquet,TRUE,0,7.035568952560425,NA,
IHME-CurveFit/2020-07-06-IHME-CurveFit.parquet,TRUE,0,29.447694778442383,NA,
JBUD-HMXK/2022-05-29-JBUD-HMXK.parquet,TRUE,0,4.433017253875732,NA,
JHU_IDD-CovidSP/2022-09-18-JHU_IDD-CovidSP.parquet,TRUE,0,232.32224869728088,NA,
JHUAPL-Bucky/2022-06-06-JHUAPL-Bucky.parquet,TRUE,0,830.9133002758026,NA,
Karlen-pypm/2020-07-26-Karlen-pypm.parquet,TRUE,0,62.02884483337402,NA,
KITmetricslab-select_ensemble/2022-10-17-KITmetricslab-select_ensemble.parquet,TRUE,0,16.19712257385254,NA,
LosAlamos_NAU-CModel_SDVaxVar/2021-12-26-LosAlamos_NAU-CModel_SDVaxVar.parquet,TRUE,0,8.730545997619629,NA,
MIT_CritData-GBCF/2021-08-08-MIT_CritData-GBCF.parquet,TRUE,0,9.01733136177063,NA,
MIT-Cassandra/2022-04-25-MIT-Cassandra.parquet,TRUE,0,18.35181260108948,NA,
MOBS-GLEAM_COVID/2023-01-30-MOBS-GLEAM_COVID.parquet,TRUE,0,51.67173480987549,NA,
MUNI-VAR/2021-11-15-MUNI-VAR.parquet,TRUE,0,12.916036367416382,NA,
prolix-euclidean/2022-01-13-prolix-euclidean.parquet,TRUE,0,3.1852946281433105,NA,
PSI-DRAFT/2020-10-26-PSI-DRAFT.parquet,TRUE,0,12.26934814453125,NA,
QJHong-Encounter/2022-03-14-QJHong-Encounter.parquet,TRUE,0,4.537185907363892,NA,
SDSC_ISG-TrendModel/2021-10-17-SDSC_ISG-TrendModel.parquet,TRUE,0,3.4939374923706055,NA,
SteveMcConnell-CovidComplete/2021-09-27-SteveMcConnell-CovidComplete.parquet,TRUE,0,9.722163677215576,NA,
TTU-squider/2022-06-26-TTU-squider.parquet,TRUE,0,6.269690990447998,NA,
UCF-AEM/2022-09-04-UCF-AEM.parquet,TRUE,0,4.492067813873291,NA,
UCSD_NEU-DeepGLEAM/2021-02-08-UCSD_NEU-DeepGLEAM.parquet,TRUE,0,9.332502603530884,NA,
UMass-MechBayes/2020-11-08-UMass-MechBayes.parquet,TRUE,0,68.78445172309875,NA,
UMass-trends_ensemble/2022-08-15-UMass-trends_ensemble.parquet,TRUE,0,46.76034355163574,NA,
USACE-ERDC_SEIR/2020-05-28-USACE-ERDC_SEIR.parquet,TRUE,0,16.552722215652466,NA,
UT-Mobility/2020-05-18-UT-Mobility.parquet,TRUE,0,7.600110292434692,NA,
UVA-Ensemble/2021-09-20-UVA-Ensemble.parquet,TRUE,0,417.7001700401306,NA,
YYG-ParamSearch/2020-06-27-YYG-ParamSearch.parquet,TRUE,0,20.08340334892273,NA,
BPagano-RtDriven/2020-12-13-BPagano-RtDriven.parquet,TRUE,0,18.18939757347107,NA,
CEID-Walk/2021-09-13-CEID-Walk.parquet,TRUE,0,427.0981185436249,NA,
CMU-TimeSeries/2022-07-18-CMU-TimeSeries.parquet,TRUE,0,47.90988564491272,NA,
CovidActNow-SEIR_CAN/2020-06-07-CovidActNow-SEIR_CAN.parquet,TRUE,0,7.954187393188477,NA,
COVIDhub_CDC-ensemble/2021-11-15-COVIDhub_CDC-ensemble.parquet,TRUE,0,450.0308358669281,NA,
COVIDhub-4_week_ensemble/2021-09-13-COVIDhub-4_week_ensemble.parquet,TRUE,0,457.2202463150024,NA,
COVIDhub-baseline/2021-06-21-COVIDhub-baseline.parquet,TRUE,0,896.5292630195618,NA,
COVIDhub-ensemble/2021-04-05-COVIDhub-ensemble.parquet,TRUE,0,453.1006271839142,NA,
COVIDhub-trained_ensemble/2022-01-03-COVIDhub-trained_ensemble.parquet,TRUE,0,474.4860370159149,NA,
CU-nochange/2021-05-30-CU-nochange.parquet,TRUE,0,639.9629197120667,NA,
CU-scenario_low/2020-06-14-CU-scenario_low.parquet,TRUE,0,5.155551433563232,NA,
CU-scenario_mid/2020-10-11-CU-scenario_mid.parquet,TRUE,0,646.2671537399292,NA,
CU-select/2021-02-07-CU-select.parquet,TRUE,0,653.7016360759735,NA,
CUBoulder-COVIDLSTM/2022-02-27-CUBoulder-COVIDLSTM.parquet,TRUE,0,412.09330892562866,NA,
epiforecasts-ensemble1/2021-04-12-epiforecasts-ensemble1.parquet,TRUE,0,10.506537437438965,NA,
FAIR-NRAR/2021-06-07-FAIR-NRAR.parquet,TRUE,0,420.17824482917786,NA,
FRBSF_Wilson-Econometric/2021-06-21-FRBSF_Wilson-Econometric.parquet,TRUE,0,208.4089708328247,NA,
GT_CHHS-COVID19/2020-07-12-GT_CHHS-COVID19.parquet,TRUE,0,2.6567471027374268,NA,
HKUST-DNN/2021-11-01-HKUST-DNN.parquet,TRUE,0,6.749779462814331,NA,
IHME-CurveFit/2020-07-17-IHME-CurveFit.parquet,TRUE,0,28.761595010757446,NA,
JBUD-HMXK/2022-06-05-JBUD-HMXK.parquet,TRUE,0,4.326812744140625,NA,
JHU_IDD-CovidSP/2022-10-02-JHU_IDD-CovidSP.parquet,TRUE,0,242.73089623451233,NA,
JHUAPL-Bucky/2022-06-13-JHUAPL-Bucky.parquet,TRUE,0,822.74316573143,NA,
Karlen-pypm/2020-08-02-Karlen-pypm.parquet,TRUE,0,61.90743327140808,NA,
KITmetricslab-select_ensemble/2022-10-24-KITmetricslab-select_ensemble.parquet,TRUE,0,16.087472438812256,NA,
LosAlamos_NAU-CModel_SDVaxVar/2022-01-24-LosAlamos_NAU-CModel_SDVaxVar.parquet,TRUE,0,8.626859664916992,NA,
MIT_CritData-GBCF/2021-08-22-MIT_CritData-GBCF.parquet,TRUE,0,9.48400855064392,NA,
MIT-Cassandra/2022-05-02-MIT-Cassandra.parquet,TRUE,0,18.52003502845764,NA,
MOBS-GLEAM_COVID/2023-02-06-MOBS-GLEAM_COVID.parquet,TRUE,0,52.67499804496765,NA,
MUNI-VAR/2021-11-22-MUNI-VAR.parquet,TRUE,0,13.237557888031006,NA,
prolix-euclidean/2022-01-14-prolix-euclidean.parquet,TRUE,0,3.0792243480682373,NA,
PSI-DRAFT/2020-11-02-PSI-DRAFT.parquet,TRUE,0,12.660874605178831,NA,
QJHong-Encounter/2022-03-20-QJHong-Encounter.parquet,TRUE,0,4.64421820640564,NA,
SDSC_ISG-TrendModel/2021-10-24-SDSC_ISG-TrendModel.parquet,TRUE,0,3.754211187362671,NA,
SteveMcConnell-CovidComplete/2021-10-04-SteveMcConnell-CovidComplete.parquet,TRUE,0,9.614628553390505,NA,
TTU-squider/2022-07-03-TTU-squider.parquet,TRUE,0,6.199543237686157,NA,
UCF-AEM/2022-09-11-UCF-AEM.parquet,TRUE,0,4.518819332122803,NA,
UCSD_NEU-DeepGLEAM/2021-02-15-UCSD_NEU-DeepGLEAM.parquet,TRUE,0,9.166347026824951,NA,
UMass-MechBayes/2020-11-15-UMass-MechBayes.parquet,TRUE,0,70.12362837791443,NA,
UMass-trends_ensemble/2022-08-22-UMass-trends_ensemble.parquet,TRUE,0,46.582907915115364,NA,
USACE-ERDC_SEIR/2020-06-01-USACE-ERDC_SEIR.parquet,TRUE,0,17.138423442840576,NA,
UT-Mobility/2020-05-25-UT-Mobility.parquet,TRUE,0,7.769788265228272,NA,
UVA-Ensemble/2021-09-27-UVA-Ensemble.parquet,TRUE,0,426.61024045944214,NA,
YYG-ParamSearch/2020-06-28-YYG-ParamSearch.parquet,TRUE,0,21.07505202293396,NA,
BPagano-RtDriven/2020-12-20-BPagano-RtDriven.parquet,TRUE,0,19.160766124725345,NA,
CEID-Walk/2021-09-20-CEID-Walk.parquet,TRUE,0,431.16936683654785,NA,
CMU-TimeSeries/2022-07-25-CMU-TimeSeries.parquet,TRUE,0,48.21143412590027,NA,
CovidActNow-SEIR_CAN/2020-06-14-CovidActNow-SEIR_CAN.parquet,TRUE,0,7.722141265869141,NA,
COVIDhub_CDC-ensemble/2021-11-22-COVIDhub_CDC-ensemble.parquet,TRUE,0,268.2506923675537,NA,
COVIDhub-4_week_ensemble/2021-09-20-COVIDhub-4_week_ensemble.parquet,TRUE,0,479.7977809906006,NA,
COVIDhub-baseline/2021-06-28-COVIDhub-baseline.parquet,TRUE,0,866.1700749397278,NA,
COVIDhub-ensemble/2021-04-12-COVIDhub-ensemble.parquet,TRUE,0,446.5429780483246,NA,
COVIDhub-trained_ensemble/2022-01-10-COVIDhub-trained_ensemble.parquet,TRUE,0,457.10712909698486,NA,
CU-nochange/2021-06-06-CU-nochange.parquet,TRUE,0,660.7372901439667,NA,
CU-scenario_low/2020-06-18-CU-scenario_low.parquet,TRUE,0,4.805971384048462,NA,
CU-scenario_mid/2020-10-15-CU-scenario_mid.parquet,TRUE,0,627.475421667099,NA,
CU-select/2021-02-14-CU-select.parquet,TRUE,0,652.8982043266296,NA,
CUBoulder-COVIDLSTM/2022-03-20-CUBoulder-COVIDLSTM.parquet,TRUE,0,416.14664936065674,NA,
epiforecasts-ensemble1/2021-04-19-epiforecasts-ensemble1.parquet,TRUE,0,11.004016876220703,NA,
FAIR-NRAR/2021-06-08-FAIR-NRAR.parquet,TRUE,0,410.4735498428345,NA,
FRBSF_Wilson-Econometric/2021-06-28-FRBSF_Wilson-Econometric.parquet,TRUE,0,207.54493069648743,NA,
GT_CHHS-COVID19/2020-07-19-GT_CHHS-COVID19.parquet,TRUE,0,2.74380874633789,NA,
HKUST-DNN/2021-11-08-HKUST-DNN.parquet,TRUE,0,7.431722164154053,NA,
IHME-CurveFit/2020-07-23-IHME-CurveFit.parquet,TRUE,0,30.21859860420227,NA,
JCB-PRM/2020-07-27-JCB-PRM.parquet,TRUE,0,5.1784584522247314,NA,
JHU_IDD-CovidSP/2022-10-09-JHU_IDD-CovidSP.parquet,TRUE,0,247.88884377479553,NA,
JHUAPL-Bucky/2022-07-11-JHUAPL-Bucky.parquet,TRUE,0,847.4536049365997,NA,
Karlen-pypm/2020-08-09-Karlen-pypm.parquet,TRUE,0,65.01829624176025,NA,
KITmetricslab-select_ensemble/2022-10-31-KITmetricslab-select_ensemble.parquet,TRUE,0,15.85837984085083,NA,
LosAlamos_NAU-CModel_SDVaxVar/2022-01-31-LosAlamos_NAU-CModel_SDVaxVar.parquet,TRUE,0,8.445860147476196,NA,
MIT_CritData-GBCF/2021-08-29-MIT_CritData-GBCF.parquet,TRUE,0,9.749540328979492,NA,
MIT-Cassandra/2022-05-09-MIT-Cassandra.parquet,TRUE,0,19.28662943840027,NA,
MOBS-GLEAM_COVID/2023-02-13-MOBS-GLEAM_COVID.parquet,TRUE,0,57.03485703468323,NA,
MUNI-VAR/2021-11-29-MUNI-VAR.parquet,TRUE,0,13.995336294174194,NA,
prolix-euclidean/2022-01-15-prolix-euclidean.parquet,TRUE,0,3.4339914321899414,NA,
PSI-DRAFT/2020-11-09-PSI-DRAFT.parquet,TRUE,0,13.798527479171751,NA,
QJHong-Encounter/2022-03-27-QJHong-Encounter.parquet,TRUE,0,4.832907438278198,NA,
SDSC_ISG-TrendModel/2021-10-31-SDSC_ISG-TrendModel.parquet,TRUE,0,3.797125577926636,NA,
SteveMcConnell-CovidComplete/2021-10-11-SteveMcConnell-CovidComplete.parquet,TRUE,0,10.448292970657349,NA,
TTU-squider/2022-07-10-TTU-squider.parquet,TRUE,0,6.902603387832642,NA,
UCF-AEM/2022-09-18-UCF-AEM.parquet,TRUE,0,5.0910749435424805,NA,
UCSD_NEU-DeepGLEAM/2021-02-22-UCSD_NEU-DeepGLEAM.parquet,TRUE,0,10.03708529472351,NA,
UMass-MechBayes/2020-11-22-UMass-MechBayes.parquet,TRUE,0,74.18150424957275,NA,
UMass-trends_ensemble/2022-08-29-UMass-trends_ensemble.parquet,TRUE,0,50.3512327671051,NA,
USACE-ERDC_SEIR/2020-06-08-USACE-ERDC_SEIR.parquet,TRUE,0,19.210100650787354,NA,
UT-Mobility/2020-06-01-UT-Mobility.parquet,TRUE,0,9.075001239776611,NA,
UVA-Ensemble/2021-10-04-UVA-Ensemble.parquet,TRUE,0,452.05058121681213,NA,
YYG-ParamSearch/2020-06-29-YYG-ParamSearch.parquet,TRUE,0,23.072952270507812,NA,
BPagano-RtDriven/2020-12-27-BPagano-RtDriven.parquet,TRUE,0,19.441505193710327,NA,
CEID-Walk/2021-09-27-CEID-Walk.parquet,TRUE,0,435.8157298564911,NA,
CMU-TimeSeries/2022-08-01-CMU-TimeSeries.parquet,TRUE,0,48.533791065216064,NA,
CovidActNow-SEIR_CAN/2020-06-21-CovidActNow-SEIR_CAN.parquet,TRUE,0,7.2639548778533936,NA,
COVIDhub_CDC-ensemble/2021-11-29-COVIDhub_CDC-ensemble.parquet,TRUE,0,272.4455966949463,NA,
COVIDhub-4_week_ensemble/2021-09-27-COVIDhub-4_week_ensemble.parquet,TRUE,0,485.7812159061432,NA,
COVIDhub-baseline/2021-07-05-COVIDhub-baseline.parquet,TRUE,0,885.2176926136017,NA,
COVIDhub-ensemble/2021-04-19-COVIDhub-ensemble.parquet,TRUE,0,456.333899974823,NA,
COVIDhub-trained_ensemble/2022-01-17-COVIDhub-trained_ensemble.parquet,TRUE,0,468.1640660762787,NA,
CU-nochange/2021-06-13-CU-nochange.parquet,TRUE,0,684.8765971660614,NA,
CU-scenario_low/2020-06-21-CU-scenario_low.parquet,TRUE,0,8.253974199295044,NA,
CU-scenario_mid/2020-10-18-CU-scenario_mid.parquet,TRUE,0,641.2616336345673,NA,
CU-select/2021-02-21-CU-select.parquet,TRUE,0,684.2752735614777,NA,
CUBoulder-COVIDLSTM/2022-04-17-CUBoulder-COVIDLSTM.parquet,TRUE,0,401.7848541736603,NA,
epiforecasts-ensemble1/2021-04-26-epiforecasts-ensemble1.parquet,TRUE,0,11.006499767303469,NA,
FAIR-NRAR/2021-06-09-FAIR-NRAR.parquet,TRUE,0,412.30760622024536,NA,
FRBSF_Wilson-Econometric/2021-07-05-FRBSF_Wilson-Econometric.parquet,TRUE,0,206.1774983406067,NA,
GT_CHHS-COVID19/2020-07-26-GT_CHHS-COVID19.parquet,TRUE,0,4.8380022048950195,NA,
HKUST-DNN/2021-11-15-HKUST-DNN.parquet,TRUE,0,6.870900630950928,NA,
IHME-CurveFit/2020-07-30-IHME-CurveFit.parquet,TRUE,0,256.36430048942566,NA,
JCB-PRM/2020-08-03-JCB-PRM.parquet,TRUE,0,5.866819858551025,NA,
JHU_IDD-CovidSP/2022-10-23-JHU_IDD-CovidSP.parquet,TRUE,0,257.48345136642456,NA,
JHUAPL-Bucky/2022-07-18-JHUAPL-Bucky.parquet,TRUE,0,849.3777799606323,NA,
Karlen-pypm/2020-08-16-Karlen-pypm.parquet,TRUE,0,66.55236768722534,NA,
KITmetricslab-select_ensemble/2022-11-07-KITmetricslab-select_ensemble.parquet,TRUE,0,17.387389659881592,NA,
LosAlamos_NAU-CModel_SDVaxVar/2022-02-07-LosAlamos_NAU-CModel_SDVaxVar.parquet,TRUE,0,9.475263357162476,NA,
MIT_CritData-GBCF/2021-09-05-MIT_CritData-GBCF.parquet,TRUE,0,10.419228315353394,NA,
MIT-Cassandra/2022-05-16-MIT-Cassandra.parquet,TRUE,0,19.887242078781128,NA,
MOBS-GLEAM_COVID/2023-02-20-MOBS-GLEAM_COVID.parquet,TRUE,0,58.95792388916016,NA,
MUNI-VAR/2021-12-06-MUNI-VAR.parquet,TRUE,0,14.948431253433228,NA,
prolix-euclidean/2022-01-16-prolix-euclidean.parquet,TRUE,0,3.403665542602539,NA,
PSI-DRAFT/2020-11-16-PSI-DRAFT.parquet,TRUE,0,13.865925550460815,NA,
QJHong-Encounter/2022-04-04-QJHong-Encounter.parquet,TRUE,0,5.005512237548828,NA,
SDSC_ISG-TrendModel/2021-11-07-SDSC_ISG-TrendModel.parquet,TRUE,0,3.840171813964844,NA,
SteveMcConnell-CovidComplete/2021-10-18-SteveMcConnell-CovidComplete.parquet,TRUE,0,10.12209677696228,NA,
TTU-squider/2022-07-17-TTU-squider.parquet,TRUE,0,6.673441648483276,NA,
UCF-AEM/2022-10-02-UCF-AEM.parquet,TRUE,0,4.485336780548096,NA,
UCSD_NEU-DeepGLEAM/2021-03-01-UCSD_NEU-DeepGLEAM.parquet,TRUE,0,11.005143404006958,NA,
UMass-MechBayes/2020-11-29-UMass-MechBayes.parquet,TRUE,0,79.50547671318054,NA,
UMass-trends_ensemble/2022-09-05-UMass-trends_ensemble.parquet,TRUE,0,53.37223196029663,NA,
USACE-ERDC_SEIR/2020-06-15-USACE-ERDC_SEIR.parquet,TRUE,0,19.02880358695984,NA,
UT-Mobility/2020-06-08-UT-Mobility.parquet,TRUE,0,8.540462255477905,NA,
UVA-Ensemble/2021-10-11-UVA-Ensemble.parquet,TRUE,0,415.7585663795471,NA,
YYG-ParamSearch/2020-06-30-YYG-ParamSearch.parquet,TRUE,0,19.63739275932312,NA,
BPagano-RtDriven/2021-01-03-BPagano-RtDriven.parquet,TRUE,0,17.622262001037598,NA,
CEID-Walk/2021-10-04-CEID-Walk.parquet,TRUE,0,411.3858468532562,NA,
CMU-TimeSeries/2022-08-08-CMU-TimeSeries.parquet,TRUE,0,47.120609760284424,NA,
CovidActNow-SEIR_CAN/2020-07-05-CovidActNow-SEIR_CAN.parquet,FALSE,1,10.651584148406982,"?: Required task ID/output type/output type ID combinations missing.  
 See `missing` attribute for details.",
COVIDhub_CDC-ensemble/2021-12-06-COVIDhub_CDC-ensemble.parquet,TRUE,0,257.05097222328186,NA,
COVIDhub-4_week_ensemble/2021-10-04-COVIDhub-4_week_ensemble.parquet,TRUE,0,456.20105814933777,NA,
COVIDhub-baseline/2021-07-12-COVIDhub-baseline.parquet,TRUE,0,859.2236349582672,NA,
COVIDhub-ensemble/2021-04-26-COVIDhub-ensemble.parquet,TRUE,0,432.1350767612457,NA,
COVIDhub-trained_ensemble/2022-01-24-COVIDhub-trained_ensemble.parquet,TRUE,0,449.6401162147522,NA,
CU-nochange/2021-06-20-CU-nochange.parquet,TRUE,0,650.9087908267975,NA,
CU-scenario_low/2020-06-25-CU-scenario_low.parquet,TRUE,0,6.530329704284668,NA,
CU-scenario_mid/2020-10-22-CU-scenario_mid.parquet,TRUE,0,621.9760007858276,NA,
CU-select/2021-02-28-CU-select.parquet,TRUE,0,629.0683946609497,NA,
CUBoulder-COVIDLSTM/2022-04-24-CUBoulder-COVIDLSTM.parquet,TRUE,0,387.7581615447998,NA,
epiforecasts-ensemble1/2021-05-03-epiforecasts-ensemble1.parquet,TRUE,0,10.012645244598389,NA,
FAIR-NRAR/2021-06-10-FAIR-NRAR.parquet,TRUE,0,394.6510570049286,NA,
FRBSF_Wilson-Econometric/2021-07-12-FRBSF_Wilson-Econometric.parquet,TRUE,0,194.32230639457703,NA,
GT_CHHS-COVID19/2020-08-02-GT_CHHS-COVID19.parquet,TRUE,0,4.636339902877808,NA,
HKUST-DNN/2021-11-22-HKUST-DNN.parquet,TRUE,0,7.071552753448486,NA,
IHME-CurveFit/2020-08-06-IHME-CurveFit.parquet,TRUE,0,235.89813995361328,NA,
JCB-PRM/2020-08-10-JCB-PRM.parquet,TRUE,0,5.249441623687744,NA,
JHU_IDD-CovidSP/2022-11-06-JHU_IDD-CovidSP.parquet,TRUE,0,250.92734551429749,NA,
JHUAPL-Bucky/2022-07-25-JHUAPL-Bucky.parquet,TRUE,0,809.6043455600739,NA,
Karlen-pypm/2020-08-23-Karlen-pypm.parquet,TRUE,0,63.72514081001282,NA,
KITmetricslab-select_ensemble/2022-11-14-KITmetricslab-select_ensemble.parquet,TRUE,0,16.001512050628662,NA,
LosAlamos_NAU-CModel_SDVaxVar/2022-02-14-LosAlamos_NAU-CModel_SDVaxVar.parquet,TRUE,0,8.697167158126831,NA,
MIT_CritData-GBCF/2021-09-12-MIT_CritData-GBCF.parquet,TRUE,0,9.79554533958435,NA,
MIT-Cassandra/2022-05-30-MIT-Cassandra.parquet,TRUE,0,19.243062496185303,NA,
MOBS-GLEAM_COVID/2023-02-27-MOBS-GLEAM_COVID.parquet,TRUE,0,56.54714035987854,NA,
MUNI-VAR/2021-12-13-MUNI-VAR.parquet,TRUE,0,13.979873657226562,NA,
prolix-euclidean/2022-01-17-prolix-euclidean.parquet,TRUE,0,6.533205032348633,NA,
PSI-DRAFT/2020-11-23-PSI-DRAFT.parquet,TRUE,0,13.623333930969238,NA,
QJHong-Encounter/2022-04-10-QJHong-Encounter.parquet,TRUE,0,4.820567846298218,NA,
SDSC_ISG-TrendModel/2021-11-14-SDSC_ISG-TrendModel.parquet,TRUE,0,3.9600863456726074,NA,
SteveMcConnell-CovidComplete/2021-10-25-SteveMcConnell-CovidComplete.parquet,TRUE,0,10.374945640563965,NA,
TTU-squider/2022-07-24-TTU-squider.parquet,TRUE,0,6.994485855102539,NA,
UCF-AEM/2022-10-23-UCF-AEM.parquet,TRUE,0,4.888561248779297,NA,
UCSD_NEU-DeepGLEAM/2021-03-08-UCSD_NEU-DeepGLEAM.parquet,TRUE,0,10.113449573516846,NA,
UMass-MechBayes/2020-12-06-UMass-MechBayes.parquet,TRUE,0,140.11819314956665,NA,
UMass-trends_ensemble/2022-09-12-UMass-trends_ensemble.parquet,TRUE,0,45.54231071472168,NA,
USACE-ERDC_SEIR/2020-06-22-USACE-ERDC_SEIR.parquet,TRUE,0,18.54402112960815,NA,
UT-Mobility/2020-06-15-UT-Mobility.parquet,TRUE,0,8.514807939529419,NA,
UVA-Ensemble/2021-10-18-UVA-Ensemble.parquet,TRUE,0,432.4592387676239,NA,
YYG-ParamSearch/2020-07-01-YYG-ParamSearch.parquet,TRUE,0,20.9660325050354,NA,
BPagano-RtDriven/2021-01-10-BPagano-RtDriven.parquet,TRUE,0,13.484843254089355,NA,
CEID-Walk/2021-10-11-CEID-Walk.parquet,TRUE,0,322.4561536312103,NA,
CMU-TimeSeries/2022-08-15-CMU-TimeSeries.parquet,TRUE,0,40.17591452598572,NA,
CovidAnalytics-DELPHI/2020-04-27-CovidAnalytics-DELPHI.parquet,TRUE,0,5.0689802169799805,NA,
COVIDhub_CDC-ensemble/2021-12-13-COVIDhub_CDC-ensemble.parquet,TRUE,0,187.49978351593015,NA,
COVIDhub-4_week_ensemble/2021-10-11-COVIDhub-4_week_ensemble.parquet,TRUE,0,337.4557740688324,NA,
COVIDhub-baseline/2021-07-19-COVIDhub-baseline.parquet,TRUE,0,672.4180424213409,NA,
COVIDhub-ensemble/2021-05-03-COVIDhub-ensemble.parquet,TRUE,0,323.2962865829468,NA,
COVIDhub-trained_ensemble/2022-01-31-COVIDhub-trained_ensemble.parquet,TRUE,0,341.3824932575226,NA,
CU-nochange/2021-06-27-CU-nochange.parquet,TRUE,0,492.3561823368073,NA,
CU-scenario_low/2020-06-28-CU-scenario_low.parquet,TRUE,0,5.933571815490723,NA,
CU-scenario_mid/2020-10-25-CU-scenario_mid.parquet,TRUE,0,493.2716825008392,NA,
CU-select/2021-03-07-CU-select.parquet,TRUE,0,491.1289279460907,NA,
CUBoulder-COVIDLSTM/2022-05-01-CUBoulder-COVIDLSTM.parquet,TRUE,0,293.17834734916687,NA,
epiforecasts-ensemble1/2021-05-10-epiforecasts-ensemble1.parquet,TRUE,0,7.723356485366821,NA,
FAIR-NRAR/2021-06-13-FAIR-NRAR.parquet,TRUE,0,297.7386109828949,NA,
FRBSF_Wilson-Econometric/2021-07-19-FRBSF_Wilson-Econometric.parquet,TRUE,0,159.01779556274414,NA,
GT_CHHS-COVID19/2020-08-09-GT_CHHS-COVID19.parquet,TRUE,0,3.3842415809631348,NA,
HKUST-DNN/2021-11-29-HKUST-DNN.parquet,TRUE,0,5.323580741882324,NA,
IHME-CurveFit/2020-08-24-IHME-CurveFit.parquet,TRUE,0,172.11284589767456,NA,
JCB-PRM/2020-08-17-JCB-PRM.parquet,TRUE,0,3.9535183906555176,NA,
JHU_IDD-CovidSP/2022-11-13-JHU_IDD-CovidSP.parquet,TRUE,0,183.96371841430664,NA,
JHUAPL-Bucky/2022-08-01-JHUAPL-Bucky.parquet,TRUE,0,588.7435536384583,NA,
Karlen-pypm/2020-08-30-Karlen-pypm.parquet,TRUE,0,46.557992458343506,NA,
KITmetricslab-select_ensemble/2022-11-21-KITmetricslab-select_ensemble.parquet,TRUE,0,11.85842990875244,NA,
LosAlamos_NAU-CModel_SDVaxVar/2022-02-21-LosAlamos_NAU-CModel_SDVaxVar.parquet,TRUE,0,7.04431676864624,NA,
MIT_CritData-GBCF/2021-09-19-MIT_CritData-GBCF.parquet,TRUE,0,7.306427001953125,NA,
MIT-Cassandra/2022-06-06-MIT-Cassandra.parquet,TRUE,0,14.756838083267212,NA,
MOBS-GLEAM_COVID/2023-03-06-MOBS-GLEAM_COVID.parquet,TRUE,0,19.155564785003666,NA,
MUNI-VAR/2021-12-20-MUNI-VAR.parquet,TRUE,0,10.66790509223938,NA,
prolix-euclidean/2022-01-19-prolix-euclidean.parquet,TRUE,0,4.559850454330444,NA,
PSI-DRAFT/2020-11-30-PSI-DRAFT.parquet,TRUE,0,9.801902055740356,NA,
QJHong-Encounter/2022-04-17-QJHong-Encounter.parquet,TRUE,0,3.81706976890564,NA,
SDSC_ISG-TrendModel/2021-11-21-SDSC_ISG-TrendModel.parquet,TRUE,0,2.7879559993743896,NA,
SteveMcConnell-CovidComplete/2021-11-01-SteveMcConnell-CovidComplete.parquet,TRUE,0,7.299640417098999,NA,
TTU-squider/2022-07-31-TTU-squider.parquet,TRUE,0,4.6686110496521,NA,
UCF-AEM/2022-11-06-UCF-AEM.parquet,TRUE,0,3.466745376586914,NA,
UCSD_NEU-DeepGLEAM/2021-03-15-UCSD_NEU-DeepGLEAM.parquet,TRUE,0,7.374802350997925,NA,
UMass-MechBayes/2020-12-13-UMass-MechBayes.parquet,TRUE,0,102.49213337898254,NA,
UMass-trends_ensemble/2022-09-19-UMass-trends_ensemble.parquet,TRUE,0,34.78935647010803,NA,
USACE-ERDC_SEIR/2020-06-29-USACE-ERDC_SEIR.parquet,TRUE,0,12.891944169998167,NA,
UT-Mobility/2020-06-22-UT-Mobility.parquet,TRUE,0,5.987471103668213,NA,
UVA-Ensemble/2021-10-25-UVA-Ensemble.parquet,TRUE,0,325.06732201576233,NA,
YYG-ParamSearch/2020-07-02-YYG-ParamSearch.parquet,TRUE,0,15.518788814544678,NA,
BPagano-RtDriven/2021-01-17-BPagano-RtDriven.parquet,TRUE,0,13.501698970794678,NA,
CEID-Walk/2022-04-18-CEID-Walk.parquet,TRUE,0,10.875285863876345,NA,
CMU-TimeSeries/2022-08-22-CMU-TimeSeries.parquet,TRUE,0,38.35956621170044,NA,
CovidAnalytics-DELPHI/2020-04-30-CovidAnalytics-DELPHI.parquet,TRUE,0,4.514810085296631,NA,
COVIDhub_CDC-ensemble/2021-12-20-COVIDhub_CDC-ensemble.parquet,TRUE,0,187.75092363357544,NA,
COVIDhub-4_week_ensemble/2021-10-18-COVIDhub-4_week_ensemble.parquet,TRUE,0,356.90220165252686,NA,
COVIDhub-baseline/2021-07-26-COVIDhub-baseline.parquet,TRUE,0,695.0003173351288,NA,
COVIDhub-ensemble/2021-05-10-COVIDhub-ensemble.parquet,TRUE,0,346.21932220458984,NA,
COVIDhub-trained_ensemble/2022-02-07-COVIDhub-trained_ensemble.parquet,TRUE,0,344.6394855976105,NA,
CU-nochange/2021-07-04-CU-nochange.parquet,TRUE,0,497.9000451564789,NA,
CU-scenario_low/2020-07-02-CU-scenario_low.parquet,TRUE,0,6.11818528175354,NA,
CU-scenario_mid/2020-10-29-CU-scenario_mid.parquet,TRUE,0,511.9401390552521,NA,
CU-select/2021-03-14-CU-select.parquet,TRUE,0,493.483195066452,NA,
CUBoulder-COVIDLSTM/2022-05-08-CUBoulder-COVIDLSTM.parquet,TRUE,0,291.9899616241455,NA,
epiforecasts-ensemble1/2021-05-17-epiforecasts-ensemble1.parquet,TRUE,0,7.547610759735107,NA,
FAIR-NRAR/2021-06-14-FAIR-NRAR.parquet,TRUE,0,318.6974060535431,NA,
FRBSF_Wilson-Econometric/2021-07-26-FRBSF_Wilson-Econometric.parquet,TRUE,0,156.9611713886261,NA,
GT_CHHS-COVID19/2020-08-16-GT_CHHS-COVID19.parquet,TRUE,0,3.304778814315796,NA,
HKUST-DNN/2021-12-06-HKUST-DNN.parquet,TRUE,0,5.406809091567993,NA,
IHME-CurveFit/2020-08-27-IHME-CurveFit.parquet,TRUE,0,173.27429294586182,NA,
JCB-PRM/2020-08-24-JCB-PRM.parquet,TRUE,0,3.892935752868652,NA,
JHU_IDD-CovidSP/2022-11-20-JHU_IDD-CovidSP.parquet,TRUE,0,183.59732508659363,NA,
JHUAPL-Bucky/2022-08-08-JHUAPL-Bucky.parquet,TRUE,0,622.5669617652893,NA,
Karlen-pypm/2020-09-06-Karlen-pypm.parquet,TRUE,0,47.7827844619751,NA,
KITmetricslab-select_ensemble/2022-11-28-KITmetricslab-select_ensemble.parquet,TRUE,0,11.855899572372437,NA,
LosAlamos_NAU-CModel_SDVaxVar/2022-02-28-LosAlamos_NAU-CModel_SDVaxVar.parquet,TRUE,0,6.918755054473877,NA,
MIT_CritData-GBCF/2021-10-03-MIT_CritData-GBCF.parquet,TRUE,0,7.315703392028809,NA,
MIT-Cassandra/2022-06-13-MIT-Cassandra.parquet,TRUE,0,13.948861360549929,NA,
MOBS-GLEAM_COVID/2023-03-13-MOBS-GLEAM_COVID.parquet,TRUE,0,19.064598560333252,NA,
MUNI-VAR/2021-12-27-MUNI-VAR.parquet,TRUE,0,10.359479188919067,NA,
prolix-euclidean/2022-01-20-prolix-euclidean.parquet,TRUE,0,6.282233953475952,NA,
PSI-DRAFT/2020-12-07-PSI-DRAFT.parquet,TRUE,0,9.96237826347351,NA,
QJHong-Encounter/2022-04-24-QJHong-Encounter.parquet,TRUE,0,3.616701126098633,NA,
SDSC_ISG-TrendModel/2021-11-28-SDSC_ISG-TrendModel.parquet,TRUE,0,2.9180164337158203,NA,
SteveMcConnell-CovidComplete/2021-11-08-SteveMcConnell-CovidComplete.parquet,TRUE,0,7.401386976242065,NA,
TTU-squider/2022-08-07-TTU-squider.parquet,TRUE,0,4.768952369689941,NA,
UCF-AEM/2022-11-27-UCF-AEM.parquet,TRUE,0,3.3924107551574707,NA,
UCSD_NEU-DeepGLEAM/2021-03-22-UCSD_NEU-DeepGLEAM.parquet,TRUE,0,7.442007541656494,NA,
UMass-MechBayes/2020-12-20-UMass-MechBayes.parquet,TRUE,0,111.47779822349548,NA,
UMass-trends_ensemble/2022-09-26-UMass-trends_ensemble.parquet,TRUE,0,36.36880397796631,NA,
USACE-ERDC_SEIR/2020-07-01-USACE-ERDC_SEIR.parquet,TRUE,0,13.088576555252075,NA,
UT-Mobility/2020-06-29-UT-Mobility.parquet,TRUE,0,6.009392499923706,NA,
UVA-Ensemble/2021-11-01-UVA-Ensemble.parquet,TRUE,0,330.4056622982025,NA,
YYG-ParamSearch/2020-07-03-YYG-ParamSearch.parquet,TRUE,0,16.622130155563354,NA,
BPagano-RtDriven/2021-01-24-BPagano-RtDriven.parquet,TRUE,0,17.136600494384766,NA,
CEID-Walk/2022-04-25-CEID-Walk.parquet,TRUE,0,12.281128883361816,NA,
CMU-TimeSeries/2022-08-29-CMU-TimeSeries.parquet,TRUE,0,46.29792308807373,NA,
CovidAnalytics-DELPHI/2020-05-04-CovidAnalytics-DELPHI.parquet,TRUE,0,4.9688801765441895,NA,
COVIDhub_CDC-ensemble/2021-12-27-COVIDhub_CDC-ensemble.parquet,TRUE,0,45.56715416908264,NA,
COVIDhub-4_week_ensemble/2021-10-25-COVIDhub-4_week_ensemble.parquet,TRUE,0,409.6456563472748,NA,
COVIDhub-baseline/2021-08-02-COVIDhub-baseline.parquet,TRUE,0,796.1770401000977,NA,
COVIDhub-ensemble/2021-05-17-COVIDhub-ensemble.parquet,TRUE,0,392.6617493629456,NA,
COVIDhub-trained_ensemble/2022-02-14-COVIDhub-trained_ensemble.parquet,TRUE,0,391.3448748588562,NA,
CU-nochange/2021-07-11-CU-nochange.parquet,TRUE,0,552.8104078769684,NA,
CU-scenario_low/2020-07-05-CU-scenario_low.parquet,TRUE,0,7.524648189544678,NA,
CU-scenario_mid/2020-11-01-CU-scenario_mid.parquet,TRUE,0,559.9602084159851,NA,
CU-select/2021-03-21-CU-select.parquet,TRUE,0,581.8334035873413,NA,
CUBoulder-COVIDLSTM/2022-05-15-CUBoulder-COVIDLSTM.parquet,TRUE,0,333.4723391532898,NA,
epiforecasts-ensemble1/2021-05-24-epiforecasts-ensemble1.parquet,TRUE,0,9.521994352340698,NA,
FAIR-NRAR/2021-06-16-FAIR-NRAR.parquet,TRUE,0,366.1809823513031,NA,
FRBSF_Wilson-Econometric/2021-08-02-FRBSF_Wilson-Econometric.parquet,TRUE,0,193.9268844127655,NA,
GT_CHHS-COVID19/2020-08-23-GT_CHHS-COVID19.parquet,TRUE,0,4.70989203453064,NA,
HKUST-DNN/2021-12-13-HKUST-DNN.parquet,TRUE,0,6.383366823196411,NA,
IHME-CurveFit/2020-09-03-IHME-CurveFit.parquet,TRUE,0,203.40201091766355,NA,
JCB-PRM/2020-08-31-JCB-PRM.parquet,TRUE,0,5.853454828262329,NA,
JHU_IDD-CovidSP/2022-11-27-JHU_IDD-CovidSP.parquet,TRUE,0,225.71468138694763,NA,
JHUAPL-Bucky/2022-08-15-JHUAPL-Bucky.parquet,TRUE,0,744.8911056518555,NA,
Karlen-pypm/2020-09-13-Karlen-pypm.parquet,TRUE,0,56.85226631164551,NA,
KITmetricslab-select_ensemble/2022-12-12-KITmetricslab-select_ensemble.parquet,TRUE,0,14.21097993850708,NA,
LosAlamos_NAU-CModel_SDVaxVar/2022-03-07-LosAlamos_NAU-CModel_SDVaxVar.parquet,TRUE,0,8.147789001464844,NA,
MIT_CritData-GBCF/2021-10-10-MIT_CritData-GBCF.parquet,TRUE,0,7.643407106399536,NA,
MIT-Cassandra/2022-06-20-MIT-Cassandra.parquet,TRUE,0,16.743139505386353,NA,
MOBS-GLEAM_COVID/2023-03-20-MOBS-GLEAM_COVID.parquet,TRUE,0,22.419025897979736,NA,
NCSU-COVSIM/2022-01-23-NCSU-COVSIM.parquet,TRUE,0,3.638200521469116,NA,
prolix-euclidean/2022-01-21-prolix-euclidean.parquet,TRUE,0,8.354686260223389,NA,
PSI-DRAFT/2020-12-14-PSI-DRAFT.parquet,TRUE,0,11.72785258293152,NA,
QJHong-Encounter/2022-05-01-QJHong-Encounter.parquet,TRUE,0,4.139400243759155,NA,
SDSC_ISG-TrendModel/2021-12-12-SDSC_ISG-TrendModel.parquet,TRUE,0,3.0289154052734375,NA,
SteveMcConnell-CovidComplete/2021-11-15-SteveMcConnell-CovidComplete.parquet,TRUE,0,9.233528137207031,NA,
TTU-squider/2022-08-14-TTU-squider.parquet,TRUE,0,4.9801881313323975,NA,
UChicago-CovidIL_10/2020-05-18-UChicago-CovidIL_10.parquet,TRUE,0,2.078245162963867,NA,
UCSD_NEU-DeepGLEAM/2021-03-29-UCSD_NEU-DeepGLEAM.parquet,TRUE,0,8.843765020370483,NA,
UMass-MechBayes/2020-12-27-UMass-MechBayes.parquet,TRUE,0,129.8214190006256,NA,
UMass-trends_ensemble/2022-10-03-UMass-trends_ensemble.parquet,TRUE,0,42.11480379104614,NA,
USACE-ERDC_SEIR/2020-07-06-USACE-ERDC_SEIR.parquet,TRUE,0,12.32732319831848,NA,
UT-Mobility/2020-07-06-UT-Mobility.parquet,TRUE,0,6.298935174942017,NA,
UVA-Ensemble/2021-11-08-UVA-Ensemble.parquet,TRUE,0,417.8572931289673,NA,
YYG-ParamSearch/2020-07-04-YYG-ParamSearch.parquet,TRUE,0,19.379163026809692,NA,
BPagano-RtDriven/2021-01-31-BPagano-RtDriven.parquet,TRUE,0,16.10401463508606,NA,
CEID-Walk/2022-05-02-CEID-Walk.parquet,TRUE,0,11.725699663162231,NA,
CMU-TimeSeries/2022-09-05-CMU-TimeSeries.parquet,TRUE,0,42.87602114677429,NA,
CovidAnalytics-DELPHI/2020-05-10-CovidAnalytics-DELPHI.parquet,TRUE,0,6.2122015953063965,NA,
COVIDhub_CDC-ensemble/2022-01-03-COVIDhub_CDC-ensemble.parquet,TRUE,0,43.82200884819031,NA,
COVIDhub-4_week_ensemble/2021-11-01-COVIDhub-4_week_ensemble.parquet,TRUE,0,387.63566040992737,NA,
COVIDhub-baseline/2021-08-09-COVIDhub-baseline.parquet,TRUE,0,727.5816390514374,NA,
COVIDhub-ensemble/2021-05-24-COVIDhub-ensemble.parquet,TRUE,0,361.95983624458313,NA,
COVIDhub-trained_ensemble/2022-02-21-COVIDhub-trained_ensemble.parquet,TRUE,0,370.1831698417664,NA,
CU-nochange/2021-07-18-CU-nochange.parquet,TRUE,0,514.6998744010925,NA,
CU-scenario_low/2020-07-12-CU-scenario_low.parquet,TRUE,0,7.43483304977417,NA,
CU-scenario_mid/2020-11-05-CU-scenario_mid.parquet,TRUE,0,538.6431713104248,NA,
CU-select/2021-03-28-CU-select.parquet,TRUE,0,552.8173751831055,NA,
CUBoulder-COVIDLSTM/2022-06-05-CUBoulder-COVIDLSTM.parquet,TRUE,0,305.0029733181,NA,
epiforecasts-ensemble1/2021-05-31-epiforecasts-ensemble1.parquet,TRUE,0,7.690703153610229,NA,
FAIR-NRAR/2021-06-17-FAIR-NRAR.parquet,TRUE,0,346.92776465415955,NA,
FRBSF_Wilson-Econometric/2021-08-09-FRBSF_Wilson-Econometric.parquet,TRUE,0,186.7071793079376,NA,
GT_CHHS-COVID19/2020-08-30-GT_CHHS-COVID19.parquet,TRUE,0,3.8787124156951904,NA,
HKUST-DNN/2021-12-20-HKUST-DNN.parquet,TRUE,0,5.232897758483887,NA,
IHME-CurveFit/2020-09-21-IHME-CurveFit.parquet,TRUE,0,196.70037031173703,NA,
JCB-PRM/2020-09-07-JCB-PRM.parquet,TRUE,0,10.078328609466553,NA,
JHU_IDD-CovidSP/2022-12-04-JHU_IDD-CovidSP.parquet,TRUE,0,207.0649025440216,NA,
JHUAPL-Bucky/2022-08-22-JHUAPL-Bucky.parquet,TRUE,0,695.934915304184,NA,
Karlen-pypm/2020-09-20-Karlen-pypm.parquet,TRUE,0,59.393104791641235,NA,
LANL-GrowthRate/2020-04-06-LANL-GrowthRate.parquet,FALSE,1,7.7157862186431885,"?: Required task ID/output type/output type ID combinations missing.  
 See `missing` attribute for details.",
LosAlamos_NAU-CModel_SDVaxVar/2022-03-14-LosAlamos_NAU-CModel_SDVaxVar.parquet,TRUE,0,7.946752786636352,NA,
MIT_CritData-GBCF/2021-10-17-MIT_CritData-GBCF.parquet,TRUE,0,9.582886457443236,NA,
MIT-Cassandra/2022-06-27-MIT-Cassandra.parquet,TRUE,0,16.883723735809326,NA,
MOBS-GLEAM_COVID/2023-03-27-MOBS-GLEAM_COVID.parquet,TRUE,0,25.439640760421753,NA,
NotreDame-FRED/2020-05-04-NotreDame-FRED.parquet,TRUE,0,2.975404739379883,NA,
prolix-euclidean/2022-01-22-prolix-euclidean.parquet,TRUE,0,7.776142835617065,NA,
PSI-DRAFT/2020-12-21-PSI-DRAFT.parquet,TRUE,0,11.491836309432983,NA,
QJHong-Encounter/2022-05-09-QJHong-Encounter.parquet,TRUE,0,5.22743821144104,NA,
SDSC_ISG-TrendModel/2021-12-19-SDSC_ISG-TrendModel.parquet,TRUE,0,3.138639450073242,NA,
SteveMcConnell-CovidComplete/2021-11-22-SteveMcConnell-CovidComplete.parquet,TRUE,0,8.78116750717163,NA,
TTU-squider/2022-08-21-TTU-squider.parquet,TRUE,0,6.29416561126709,NA,
UChicago-CovidIL_100/2020-05-05-UChicago-CovidIL_100.parquet,TRUE,0,2.1819677352905273,NA,
UCSD_NEU-DeepGLEAM/2021-04-05-UCSD_NEU-DeepGLEAM.parquet,TRUE,0,9.863320350646973,NA,
UMass-MechBayes/2021-01-03-UMass-MechBayes.parquet,TRUE,0,130.69224572181702,NA,
UMass-trends_ensemble/2022-10-10-UMass-trends_ensemble.parquet,TRUE,0,37.828553438186646,NA,
USACE-ERDC_SEIR/2020-07-13-USACE-ERDC_SEIR.parquet,TRUE,0,11.519411563873293,NA,
UT-Mobility/2020-07-13-UT-Mobility.parquet,TRUE,0,7.783740043640137,NA,
UVA-Ensemble/2021-11-15-UVA-Ensemble.parquet,TRUE,0,369.37589287757874,NA,
YYG-ParamSearch/2020-07-05-YYG-ParamSearch.parquet,TRUE,0,19.003138780593872,NA,
BPagano-RtDriven/2021-02-07-BPagano-RtDriven.parquet,TRUE,0,13.882064580917358,NA,
CEID-Walk/2022-05-09-CEID-Walk.parquet,TRUE,0,11.216237783432009,NA,
CMU-TimeSeries/2022-09-12-CMU-TimeSeries.parquet,TRUE,0,39.25093221664429,NA,
CovidAnalytics-DELPHI/2020-05-18-CovidAnalytics-DELPHI.parquet,TRUE,0,4.434056997299194,NA,
COVIDhub_CDC-ensemble/2022-01-10-COVIDhub_CDC-ensemble.parquet,TRUE,0,40.20010948181152,NA,
COVIDhub-4_week_ensemble/2021-11-08-COVIDhub-4_week_ensemble.parquet,TRUE,0,363.5295236110687,NA,
COVIDhub-baseline/2021-08-16-COVIDhub-baseline.parquet,TRUE,0,675.2267026901245,NA,
COVIDhub-ensemble/2021-05-31-COVIDhub-ensemble.parquet,TRUE,0,330.071834564209,NA,
COVIDhub-trained_ensemble/2022-02-28-COVIDhub-trained_ensemble.parquet,TRUE,0,344.96010184288025,NA,
CU-nochange/2021-07-25-CU-nochange.parquet,TRUE,0,507.0324876308441,NA,
CU-scenario_low/2020-07-19-CU-scenario_low.parquet,TRUE,0,5.721311092376709,NA,
CU-scenario_mid/2020-11-08-CU-scenario_mid.parquet,TRUE,0,494.807160615921,NA,
CU-select/2021-04-04-CU-select.parquet,TRUE,0,500.4240112304687,NA,
CUBoulder-COVIDLSTM/2022-06-12-CUBoulder-COVIDLSTM.parquet,TRUE,0,299.76541328430176,NA,
epiforecasts-ensemble1/2021-06-07-epiforecasts-ensemble1.parquet,TRUE,0,7.384262561798096,NA,
FAIR-NRAR/2021-06-18-FAIR-NRAR.parquet,TRUE,0,339.2917711734772,NA,
FRBSF_Wilson-Econometric/2021-08-23-FRBSF_Wilson-Econometric.parquet,TRUE,0,179.85105729103088,NA,
GT_CHHS-COVID19/2020-09-06-GT_CHHS-COVID19.parquet,TRUE,0,3.574289560317993,NA,
HKUST-DNN/2021-12-27-HKUST-DNN.parquet,TRUE,0,5.3752381801605225,NA,
IHME-CurveFit/2020-09-28-IHME-CurveFit.parquet,TRUE,0,182.10833549499512,NA,
JCB-PRM/2020-09-14-JCB-PRM.parquet,TRUE,0,8.03437614440918,NA,
JHU_IDD-CovidSP/2022-12-11-JHU_IDD-CovidSP.parquet,TRUE,0,191.162780046463,NA,
JHUAPL-Bucky/2022-08-29-JHUAPL-Bucky.parquet,TRUE,0,714.8661201000214,NA,
Karlen-pypm/2020-09-27-Karlen-pypm.parquet,TRUE,0,52.640798807144165,NA,
LANL-GrowthRate/2020-04-09-LANL-GrowthRate.parquet,FALSE,1,5.434650897979736,"?: Required task ID/output type/output type ID combinations missing.  
 See `missing` attribute for details.",
LosAlamos_NAU-CModel_SDVaxVar/2022-03-21-LosAlamos_NAU-CModel_SDVaxVar.parquet,TRUE,0,7.0960493087768555,NA,
MIT_CritData-GBCF/2021-10-24-MIT_CritData-GBCF.parquet,TRUE,0,7.543747901916504,NA,
MIT-Cassandra/2022-07-04-MIT-Cassandra.parquet,TRUE,0,15.188592672348022,NA,
MOBS-GLEAM_COVID/2023-04-03-MOBS-GLEAM_COVID.parquet,TRUE,0,21.283549308776855,NA,
NotreDame-FRED/2020-05-11-NotreDame-FRED.parquet,TRUE,0,2.7048935890197754,NA,
prolix-euclidean/2022-01-23-prolix-euclidean.parquet,TRUE,0,7.312877178192139,NA,
PSI-DRAFT/2020-12-28-PSI-DRAFT.parquet,TRUE,0,10.37463092803955,NA,
QJHong-Encounter/2022-05-15-QJHong-Encounter.parquet,TRUE,0,3.683149814605713,NA,
SDSC_ISG-TrendModel/2021-12-26-SDSC_ISG-TrendModel.parquet,TRUE,0,2.9213430881500244,NA,
SteveMcConnell-CovidComplete/2021-11-29-SteveMcConnell-CovidComplete.parquet,TRUE,0,7.789640188217163,NA,
TTU-squider/2022-08-28-TTU-squider.parquet,TRUE,0,5.2365570068359375,NA,
UChicago-CovidIL_100/2020-05-11-UChicago-CovidIL_100.parquet,TRUE,0,2.1735823154449463,NA,
UCSD_NEU-DeepGLEAM/2021-04-12-UCSD_NEU-DeepGLEAM.parquet,TRUE,0,8.19119119644165,NA,
UMass-MechBayes/2021-01-10-UMass-MechBayes.parquet,TRUE,0,116.76163411140442,NA,
UMass-trends_ensemble/2022-10-17-UMass-trends_ensemble.parquet,TRUE,0,40.58495378494263,NA,
USACE-ERDC_SEIR/2020-07-20-USACE-ERDC_SEIR.parquet,TRUE,0,10.784610033035278,NA,
UT-Mobility/2020-07-20-UT-Mobility.parquet,TRUE,0,6.371909141540527,NA,
UVA-Ensemble/2021-11-22-UVA-Ensemble.parquet,TRUE,0,348.92983317375183,NA,
YYG-ParamSearch/2020-07-06-YYG-ParamSearch.parquet,TRUE,0,15.546809196472168,NA,
BPagano-RtDriven/2021-02-14-BPagano-RtDriven.parquet,TRUE,0,13.804922819137571,NA,
CEID-Walk/2022-05-16-CEID-Walk.parquet,TRUE,0,11.154956102371216,NA,
CMU-TimeSeries/2022-09-19-CMU-TimeSeries.parquet,TRUE,0,37.44744825363159,NA,
CovidAnalytics-DELPHI/2020-05-25-CovidAnalytics-DELPHI.parquet,TRUE,0,4.553703784942627,NA,
COVIDhub_CDC-ensemble/2022-01-17-COVIDhub_CDC-ensemble.parquet,TRUE,0,38.45825505256653,NA,
COVIDhub-4_week_ensemble/2021-11-15-COVIDhub-4_week_ensemble.parquet,TRUE,0,352.8396518230438,NA,
COVIDhub-baseline/2021-08-23-COVIDhub-baseline.parquet,TRUE,0,674.7305474281311,NA,
COVIDhub-ensemble/2021-06-07-COVIDhub-ensemble.parquet,TRUE,0,336.72494316101074,NA,
COVIDhub-trained_ensemble/2022-03-07-COVIDhub-trained_ensemble.parquet,TRUE,0,352.64468693733215,NA,
CU-nochange/2021-08-01-CU-nochange.parquet,TRUE,0,498.8953356742859,NA,
CU-scenario_low/2020-07-26-CU-scenario_low.parquet,TRUE,0,496.5277900695801,NA,
CU-scenario_mid/2020-11-12-CU-scenario_mid.parquet,TRUE,0,552.4603638648987,NA,
CU-select/2021-04-11-CU-select.parquet,TRUE,0,549.5037488937378,NA,
CUBoulder-COVIDLSTM/2022-06-19-CUBoulder-COVIDLSTM.parquet,TRUE,0,316.6719000339508,NA,
epiforecasts-ensemble1/2021-06-14-epiforecasts-ensemble1.parquet,TRUE,0,7.950943946838379,NA,
FAIR-NRAR/2021-06-19-FAIR-NRAR.parquet,TRUE,0,308.48348116874695,NA,
FRBSF_Wilson-Econometric/2021-08-30-FRBSF_Wilson-Econometric.parquet,TRUE,0,178.96739149093628,NA,
GT_CHHS-COVID19/2020-09-13-GT_CHHS-COVID19.parquet,TRUE,0,3.5991740226745605,NA,
HKUST-DNN/2022-01-03-HKUST-DNN.parquet,TRUE,0,5.726579904556274,NA,
IHME-CurveFit/2020-10-16-IHME-CurveFit.parquet,TRUE,0,189.44050788879397,NA,
JCB-PRM/2020-09-21-JCB-PRM.parquet,TRUE,0,8.384421110153198,NA,
JHU_IDD-CovidSP/2022-12-18-JHU_IDD-CovidSP.parquet,TRUE,0,202.682021856308,NA,
JHUAPL-Gecko/2021-01-24-JHUAPL-Gecko.parquet,TRUE,0,41.598153829574585,NA,
Karlen-pypm/2020-10-04-Karlen-pypm.parquet,TRUE,0,54.23567605018616,NA,
LANL-GrowthRate/2020-04-13-LANL-GrowthRate.parquet,TRUE,0,5.839828729629517,NA,
LosAlamos_NAU-CModel_SDVaxVar/2022-03-28-LosAlamos_NAU-CModel_SDVaxVar.parquet,TRUE,0,7.622591495513916,NA,
MIT_CritData-GBCF/2021-10-31-MIT_CritData-GBCF.parquet,TRUE,0,7.488595485687256,NA,
MIT-Cassandra/2022-07-11-MIT-Cassandra.parquet,TRUE,0,14.633742094039915,NA,
MOBS-GLEAM_COVID/2023-04-10-MOBS-GLEAM_COVID.parquet,TRUE,0,20.348141193389893,NA,
NotreDame-FRED/2020-05-18-NotreDame-FRED.parquet,TRUE,0,2.556537628173828,NA,
prolix-euclidean/2022-01-24-prolix-euclidean.parquet,TRUE,0,7.1780900955200195,NA,
PSI-DRAFT/2021-01-04-PSI-DRAFT.parquet,TRUE,0,10.048521041870115,NA,
QJHong-Encounter/2022-05-23-QJHong-Encounter.parquet,TRUE,0,3.6132826805114746,NA,
SDSC_ISG-TrendModel/2022-01-02-SDSC_ISG-TrendModel.parquet,TRUE,0,2.9147393703460693,NA,
SteveMcConnell-CovidComplete/2021-12-06-SteveMcConnell-CovidComplete.parquet,TRUE,0,7.432528018951416,NA,
TTU-squider/2022-09-11-TTU-squider.parquet,TRUE,0,4.637002229690552,NA,
UChicago-CovidIL_100/2020-05-18-UChicago-CovidIL_100.parquet,TRUE,0,2.0759096145629883,NA,
UCSD_NEU-DeepGLEAM/2021-04-19-UCSD_NEU-DeepGLEAM.parquet,TRUE,0,7.346877336502075,NA,
UMass-MechBayes/2021-01-17-UMass-MechBayes.parquet,TRUE,0,110.08790302276611,NA,
UMass-trends_ensemble/2022-10-24-UMass-trends_ensemble.parquet,TRUE,0,38.36940097808838,NA,
USACE-ERDC_SEIR/2020-07-21-USACE-ERDC_SEIR.parquet,TRUE,0,10.042357921600342,NA,
UT-Mobility/2020-07-27-UT-Mobility.parquet,TRUE,0,7.500614166259766,NA,
UVA-Ensemble/2021-11-29-UVA-Ensemble.parquet,TRUE,0,351.70800709724426,NA,
YYG-ParamSearch/2020-07-07-YYG-ParamSearch.parquet,TRUE,0,14.204570293426514,NA,
BPagano-RtDriven/2021-02-21-BPagano-RtDriven.parquet,TRUE,0,16.39822769165039,NA,
CEID-Walk/2022-05-23-CEID-Walk.parquet,TRUE,0,12.847384691238403,NA,
CMU-TimeSeries/2022-09-26-CMU-TimeSeries.parquet,TRUE,0,42.611989974975586,NA,
CovidAnalytics-DELPHI/2020-06-01-CovidAnalytics-DELPHI.parquet,TRUE,0,5.350762844085693,NA,
COVIDhub_CDC-ensemble/2022-01-24-COVIDhub_CDC-ensemble.parquet,TRUE,0,44.11576819419861,NA,
COVIDhub-4_week_ensemble/2021-11-22-COVIDhub-4_week_ensemble.parquet,TRUE,0,400.5605466365814,NA,
COVIDhub-baseline/2021-08-30-COVIDhub-baseline.parquet,TRUE,0,776.2867248058319,NA,
COVIDhub-ensemble/2021-06-14-COVIDhub-ensemble.parquet,TRUE,0,390.7773585319519,NA,
COVIDhub-trained_ensemble/2022-03-14-COVIDhub-trained_ensemble.parquet,TRUE,0,383.9574167728424,NA,
CU-nochange/2021-08-08-CU-nochange.parquet,TRUE,0,551.3099009990692,NA,
CU-scenario_low/2020-08-02-CU-scenario_low.parquet,TRUE,0,538.9138357639313,NA,
CU-scenario_mid/2020-11-15-CU-scenario_mid.parquet,TRUE,0,541.7462477684021,NA,
CU-select/2021-04-18-CU-select.parquet,TRUE,0,541.389431476593,NA,
CUBoulder-COVIDLSTM/2022-06-26-CUBoulder-COVIDLSTM.parquet,TRUE,0,329.0000247955322,NA,
epiforecasts-ensemble1/2021-06-21-epiforecasts-ensemble1.parquet,TRUE,0,8.568219423294067,NA,
FAIR-NRAR/2021-06-20-FAIR-NRAR.parquet,TRUE,0,332.1751072406769,NA,
FRBSF_Wilson-Econometric/2021-09-13-FRBSF_Wilson-Econometric.parquet,TRUE,0,193.01280164718628,NA,
GT_CHHS-COVID19/2021-02-06-GT_CHHS-COVID19.parquet,TRUE,0,3.670180320739746,NA,
HKUST-DNN/2022-01-10-HKUST-DNN.parquet,TRUE,0,5.808505058288574,NA,
IHME-CurveFit/2020-10-26-IHME-CurveFit.parquet,TRUE,0,187.5082356929779,NA,
JCB-PRM/2020-09-28-JCB-PRM.parquet,TRUE,0,8.59744668006897,NA,
JHU_IDD-CovidSP/2023-01-01-JHU_IDD-CovidSP.parquet,TRUE,0,137.25687551498413,NA,
JHUAPL-Gecko/2021-02-01-JHUAPL-Gecko.parquet,TRUE,0,41.35400462150574,NA,
Karlen-pypm/2020-10-11-Karlen-pypm.parquet,TRUE,0,52.96571850776672,NA,
LANL-GrowthRate/2020-04-16-LANL-GrowthRate.parquet,TRUE,0,5.760519742965698,NA,
LosAlamos_NAU-CModel_SDVaxVar/2022-04-04-LosAlamos_NAU-CModel_SDVaxVar.parquet,TRUE,0,7.925868034362793,NA,
MIT_CritData-GBCF/2021-11-07-MIT_CritData-GBCF.parquet,TRUE,0,8.358795881271362,NA,
MIT-Cassandra/2022-07-18-MIT-Cassandra.parquet,TRUE,0,15.54862117767334,NA,
MOBS-GLEAM_COVID/2023-04-24-MOBS-GLEAM_COVID.parquet,TRUE,0,20.135448932647705,NA,
NotreDame-FRED/2020-05-25-NotreDame-FRED.parquet,TRUE,0,3.125941514968872,NA,
prolix-euclidean/2022-01-25-prolix-euclidean.parquet,TRUE,0,7.044458389282227,NA,
PSI-DRAFT/2021-01-11-PSI-DRAFT.parquet,TRUE,0,10.835787057876589,NA,
QJHong-Encounter/2022-05-29-QJHong-Encounter.parquet,TRUE,0,3.7884271144866943,NA,
SDSC_ISG-TrendModel/2022-01-09-SDSC_ISG-TrendModel.parquet,TRUE,0,3.211013078689575,NA,
SteveMcConnell-CovidComplete/2021-12-13-SteveMcConnell-CovidComplete.parquet,TRUE,0,8.04955792427063,NA,
TTU-squider/2022-09-18-TTU-squider.parquet,TRUE,0,5.4391584396362305,NA,
UChicago-CovidIL_30/2020-05-18-UChicago-CovidIL_30.parquet,TRUE,0,2.257485628128052,NA,
UCSD_NEU-DeepGLEAM/2021-04-26-UCSD_NEU-DeepGLEAM.parquet,TRUE,0,8.193870067596436,NA,
UMass-MechBayes/2021-01-24-UMass-MechBayes.parquet,TRUE,0,110.62676787376404,NA,
UMass-trends_ensemble/2022-10-31-UMass-trends_ensemble.parquet,TRUE,0,40.57276439666748,NA,
USACE-ERDC_SEIR/2020-07-22-USACE-ERDC_SEIR.parquet,TRUE,0,11.00424599647522,NA,
UT-Mobility/2020-08-03-UT-Mobility.parquet,TRUE,0,7.904812574386597,NA,
UVA-Ensemble/2021-12-06-UVA-Ensemble.parquet,TRUE,0,373.968982219696,NA,
YYG-ParamSearch/2020-07-08-YYG-ParamSearch.parquet,TRUE,0,21.98088216781616,NA,
BPagano-RtDriven/2021-02-28-BPagano-RtDriven.parquet,TRUE,0,19.670639991760257,NA,
CEID-Walk/2022-05-30-CEID-Walk.parquet,TRUE,0,15.042902946472168,NA,
CMU-TimeSeries/2022-10-03-CMU-TimeSeries.parquet,TRUE,0,50.369277000427246,NA,
CovidAnalytics-DELPHI/2020-06-08-CovidAnalytics-DELPHI.parquet,TRUE,0,6.336885929107666,NA,
COVIDhub_CDC-ensemble/2022-01-31-COVIDhub_CDC-ensemble.parquet,TRUE,0,52.53822469711304,NA,
COVIDhub-4_week_ensemble/2021-11-29-COVIDhub-4_week_ensemble.parquet,TRUE,0,464.1459233760834,NA,
COVIDhub-baseline/2021-09-06-COVIDhub-baseline.parquet,TRUE,0,878.7310130596161,NA,
COVIDhub-ensemble/2021-06-21-COVIDhub-ensemble.parquet,TRUE,0,446.4333498477936,NA,
COVIDhub-trained_ensemble/2022-03-21-COVIDhub-trained_ensemble.parquet,TRUE,0,476.9925103187561,NA,
CU-nochange/2021-08-15-CU-nochange.parquet,TRUE,0,648.1862978935242,NA,
CU-scenario_low/2020-08-06-CU-scenario_low.parquet,TRUE,0,642.6231338977814,NA,
CU-scenario_mid/2020-11-19-CU-scenario_mid.parquet,TRUE,0,640.220728635788,NA,
CU-select/2021-04-25-CU-select.parquet,TRUE,0,641.7712378501892,NA,
CUBoulder-COVIDLSTM/2022-07-03-CUBoulder-COVIDLSTM.parquet,TRUE,0,404.00937485694885,NA,
epiforecasts-ensemble1/2021-06-28-epiforecasts-ensemble1.parquet,TRUE,0,10.64986491203308,NA,
FAIR-NRAR/2021-06-21-FAIR-NRAR.parquet,TRUE,0,408.1840822696686,NA,
FRBSF_Wilson-Econometric/2021-09-20-FRBSF_Wilson-Econometric.parquet,TRUE,0,228.13935232162476,NA,
GT_CHHS-COVID19/2021-02-13-GT_CHHS-COVID19.parquet,TRUE,0,4.7144811153411865,NA,
HKUST-DNN/2022-01-17-HKUST-DNN.parquet,TRUE,0,7.166737794876099,NA,
IHME-CurveFit/2020-11-23-IHME-CurveFit.parquet,TRUE,0,241.5768527984619,NA,
JCB-PRM/2020-10-05-JCB-PRM.parquet,TRUE,0,11.315195560455322,NA,
JHU_IDD-CovidSP/2023-01-08-JHU_IDD-CovidSP.parquet,TRUE,0,61.47065711021423,NA,
JHUAPL-Gecko/2021-02-08-JHUAPL-Gecko.parquet,TRUE,0,51.94170522689819,NA,
Karlen-pypm/2020-10-18-Karlen-pypm.parquet,TRUE,0,66.318612575531,NA,
LANL-GrowthRate/2020-04-20-LANL-GrowthRate.parquet,TRUE,0,7.7220752239227295,NA,
LosAlamos_NAU-CModel_SDVaxVar/2022-04-11-LosAlamos_NAU-CModel_SDVaxVar.parquet,TRUE,0,9.0175039768219,NA,
MIT_CritData-GBCF/2021-11-14-MIT_CritData-GBCF.parquet,TRUE,0,9.950044393539429,NA,
MIT-Cassandra/2022-07-25-MIT-Cassandra.parquet,TRUE,0,19.109139680862427,NA,
MOBS-GLEAM_COVID/2023-05-01-MOBS-GLEAM_COVID.parquet,TRUE,0,24.72607445716858,NA,
NotreDame-FRED/2020-06-01-NotreDame-FRED.parquet,TRUE,0,3.818506002426147,NA,
prolix-euclidean/2022-01-26-prolix-euclidean.parquet,TRUE,0,8.782399892807007,NA,
PSI-DRAFT/2021-01-18-PSI-DRAFT.parquet,TRUE,0,13.457019329071043,NA,
QJHong-Encounter/2022-06-04-QJHong-Encounter.parquet,TRUE,0,5.006154775619507,NA,
SDSC_ISG-TrendModel/2022-01-16-SDSC_ISG-TrendModel.parquet,TRUE,0,4.002800941467285,NA,
SteveMcConnell-CovidComplete/2021-12-20-SteveMcConnell-CovidComplete.parquet,TRUE,0,10.32567048072815,NA,
TTU-squider/2022-09-25-TTU-squider.parquet,TRUE,0,6.636760473251343,NA,
UChicago-CovidIL_40/2020-05-05-UChicago-CovidIL_40.parquet,TRUE,0,2.9551751613616943,NA,
UCSD_NEU-DeepGLEAM/2021-05-02-UCSD_NEU-DeepGLEAM.parquet,TRUE,0,10.025334596633911,NA,
UMass-MechBayes/2021-01-31-UMass-MechBayes.parquet,TRUE,0,142.60244488716123,NA,
UMass-trends_ensemble/2022-11-07-UMass-trends_ensemble.parquet,TRUE,0,50.348536252975464,NA,
USACE-ERDC_SEIR/2020-07-23-USACE-ERDC_SEIR.parquet,TRUE,0,13.97103500366211,NA,
UT-Mobility/2020-08-17-UT-Mobility.parquet,TRUE,0,10.257235050201416,NA,
UVA-Ensemble/2021-12-13-UVA-Ensemble.parquet,TRUE,0,415.1837401390076,NA,
YYG-ParamSearch/2020-07-09-YYG-ParamSearch.parquet,TRUE,0,27.45465397834778,NA,
BPagano-RtDriven/2021-03-07-BPagano-RtDriven.parquet,TRUE,0,15.851372241973875,NA,
CEID-Walk/2022-06-06-CEID-Walk.parquet,TRUE,0,12.937459468841553,NA,
CMU-TimeSeries/2022-10-10-CMU-TimeSeries.parquet,TRUE,0,43.36203050613403,NA,
CovidAnalytics-DELPHI/2020-06-15-CovidAnalytics-DELPHI.parquet,TRUE,0,5.399530649185181,NA,
COVIDhub_CDC-ensemble/2022-02-07-COVIDhub_CDC-ensemble.parquet,TRUE,0,44.1636278629303,NA,
COVIDhub-4_week_ensemble/2021-12-06-COVIDhub-4_week_ensemble.parquet,TRUE,0,406.0598199367523,NA,
COVIDhub-baseline/2021-09-13-COVIDhub-baseline.parquet,TRUE,0,779.6092216968536,NA,
COVIDhub-ensemble/2021-06-28-COVIDhub-ensemble.parquet,TRUE,0,392.4928014278412,NA,
COVIDhub-trained_ensemble/2022-03-28-COVIDhub-trained_ensemble.parquet,TRUE,0,399.16300439834595,NA,
CU-nochange/2021-08-22-CU-nochange.parquet,TRUE,0,572.3494906425476,NA,
CU-scenario_low/2020-08-09-CU-scenario_low.parquet,TRUE,0,562.103541135788,NA,
CU-scenario_mid/2020-11-22-CU-scenario_mid.parquet,TRUE,0,562.4181039333344,NA,
CU-select/2021-05-02-CU-select.parquet,TRUE,0,557.8670036792755,NA,
CUBoulder-COVIDLSTM/2022-07-17-CUBoulder-COVIDLSTM.parquet,TRUE,0,337.61701107025146,NA,
epiforecasts-ensemble1/2021-07-05-epiforecasts-ensemble1.parquet,TRUE,0,9.29307985305786,NA,
FAIR-NRAR/2021-06-23-FAIR-NRAR.parquet,TRUE,0,356.6291604042053,NA,
FRBSF_Wilson-Econometric/2021-09-27-FRBSF_Wilson-Econometric.parquet,TRUE,0,192.37548279762268,NA,
GT_CHHS-COVID19/2021-02-20-GT_CHHS-COVID19.parquet,TRUE,0,3.8617446422576904,NA,
HKUST-DNN/2022-01-24-HKUST-DNN.parquet,TRUE,0,6.148224592208862,NA,
IHME-CurveFit/2020-12-07-IHME-CurveFit.parquet,TRUE,0,199.75053572654724,NA,
JCB-PRM/2020-10-12-JCB-PRM.parquet,TRUE,0,9.45500111579895,NA,
JHU_IDD-CovidSP/2023-01-15-JHU_IDD-CovidSP.parquet,TRUE,0,138.20886898040771,NA,
JHUAPL-Gecko/2021-02-15-JHUAPL-Gecko.parquet,TRUE,0,42.831164836883545,NA,
Karlen-pypm/2020-10-25-Karlen-pypm.parquet,TRUE,0,57.60682249069214,NA,
LANL-GrowthRate/2020-04-23-LANL-GrowthRate.parquet,TRUE,0,6.037156343460083,NA,
LosAlamos_NAU-CModel_SDVaxVar/2022-04-18-LosAlamos_NAU-CModel_SDVaxVar.parquet,TRUE,0,8.018557786941528,NA,
MIT_CritData-GBCF/2021-11-21-MIT_CritData-GBCF.parquet,TRUE,0,8.519182443618774,NA,
MIT-Cassandra/2022-08-01-MIT-Cassandra.parquet,TRUE,0,16.9223051071167,NA,
MOBS-GLEAM_COVID/2023-05-08-MOBS-GLEAM_COVID.parquet,TRUE,0,21.37316417694092,NA,
NotreDame-FRED/2020-06-08-NotreDame-FRED.parquet,TRUE,0,3.2645373344421387,NA,
prolix-euclidean/2022-01-27-prolix-euclidean.parquet,TRUE,0,7.422018766403198,NA,
PSI-DRAFT/2021-01-25-PSI-DRAFT.parquet,TRUE,0,11.45365595817566,NA,
QJHong-Encounter/2022-06-13-QJHong-Encounter.parquet,TRUE,0,4.080016851425171,NA,
SDSC_ISG-TrendModel/2022-01-23-SDSC_ISG-TrendModel.parquet,TRUE,0,3.338041067123413,NA,
SteveMcConnell-CovidComplete/2021-12-27-SteveMcConnell-CovidComplete.parquet,TRUE,0,8.623226642608643,NA,
TTU-squider/2022-10-02-TTU-squider.parquet,TRUE,0,5.601132869720459,NA,
UChicago-CovidIL_40/2020-05-11-UChicago-CovidIL_40.parquet,TRUE,0,2.4342339038848877,NA,
UCSD_NEU-DeepGLEAM/2021-05-10-UCSD_NEU-DeepGLEAM.parquet,TRUE,0,8.595350980758667,NA,
UMass-MechBayes/2021-02-07-UMass-MechBayes.parquet,TRUE,0,122.1892111301422,NA,
UMass-trends_ensemble/2022-11-14-UMass-trends_ensemble.parquet,TRUE,0,39.47801351547241,NA,
USACE-ERDC_SEIR/2020-07-24-USACE-ERDC_SEIR.parquet,TRUE,0,12.03105878829956,NA,
UT-Mobility/2020-08-24-UT-Mobility.parquet,TRUE,0,8.648041009902954,NA,
UVA-Ensemble/2021-12-20-UVA-Ensemble.parquet,TRUE,0,394.4271156787872,NA,
YYG-ParamSearch/2020-07-10-YYG-ParamSearch.parquet,TRUE,0,22.99874448776245,NA,
BPagano-RtDriven/2021-03-14-BPagano-RtDriven.parquet,TRUE,0,15.830655574798584,NA,
CEID-Walk/2022-06-13-CEID-Walk.parquet,TRUE,0,13.026897430419922,NA,
CMU-TimeSeries/2022-10-17-CMU-TimeSeries.parquet,TRUE,0,42.79640316963196,NA,
CovidAnalytics-DELPHI/2020-06-22-CovidAnalytics-DELPHI.parquet,TRUE,0,5.3769211769104,NA,
COVIDhub_CDC-ensemble/2022-02-14-COVIDhub_CDC-ensemble.parquet,TRUE,0,45.12266159057617,NA,
COVIDhub-4_week_ensemble/2021-12-13-COVIDhub-4_week_ensemble.parquet,TRUE,0,409.5120005607605,NA,
COVIDhub-baseline/2021-09-20-COVIDhub-baseline.parquet,TRUE,0,773.8972992897034,NA,
COVIDhub-ensemble/2021-07-05-COVIDhub-ensemble.parquet,TRUE,0,386.67414832115173,NA,
COVIDhub-trained_ensemble/2022-04-04-COVIDhub-trained_ensemble.parquet,TRUE,0,417.2099826335907,NA,
CU-nochange/2021-08-29-CU-nochange.parquet,TRUE,0,605.8862102031708,NA,
CU-scenario_low/2020-08-13-CU-scenario_low.parquet,TRUE,0,582.4591736793518,NA,
CU-scenario_mid/2020-11-29-CU-scenario_mid.parquet,TRUE,0,561.7529726028442,NA,
CU-select/2021-05-09-CU-select.parquet,TRUE,0,551.0195748806,NA,
CUBoulder-COVIDLSTM/2022-07-31-CUBoulder-COVIDLSTM.parquet,TRUE,0,331.93298387527466,NA,
epiforecasts-ensemble1/2021-07-12-epiforecasts-ensemble1.parquet,TRUE,0,9.036596536636353,NA,
FAIR-NRAR/2021-06-24-FAIR-NRAR.parquet,TRUE,0,352.05467653274536,NA,
FRBSF_Wilson-Econometric/2021-10-04-FRBSF_Wilson-Econometric.parquet,TRUE,0,194.4397749900818,NA,
GT_CHHS-COVID19/2021-02-27-GT_CHHS-COVID19.parquet,TRUE,0,3.9675405025482178,NA,
HKUST-DNN/2022-01-31-HKUST-DNN.parquet,TRUE,0,6.051608085632324,NA,
IHME-CurveFit/2020-12-10-IHME-CurveFit.parquet,TRUE,0,194.6276159286499,NA,
JCB-PRM/2020-10-19-JCB-PRM.parquet,TRUE,0,9.36437487602234,NA,
JHU_IDD-CovidSP/2023-01-22-JHU_IDD-CovidSP.parquet,TRUE,0,50.31402039527893,NA,
JHUAPL-Gecko/2021-02-22-JHUAPL-Gecko.parquet,TRUE,0,43.49189448356629,NA,
Karlen-pypm/2020-11-01-Karlen-pypm.parquet,TRUE,0,56.343939542770386,NA,
LANL-GrowthRate/2020-04-27-LANL-GrowthRate.parquet,TRUE,0,6.570008039474487,NA,
LosAlamos_NAU-CModel_SDVaxVar/2022-04-25-LosAlamos_NAU-CModel_SDVaxVar.parquet,TRUE,0,7.823483467102051,NA,
MIT_CritData-GBCF/2021-11-28-MIT_CritData-GBCF.parquet,TRUE,0,8.590598344802856,NA,
MIT-Cassandra/2022-08-08-MIT-Cassandra.parquet,TRUE,0,16.292443990707397,NA,
MOBS-GLEAM_COVID/2023-05-15-MOBS-GLEAM_COVID.parquet,TRUE,0,22.732157707214355,NA,
NotreDame-FRED/2020-06-15-NotreDame-FRED.parquet,TRUE,0,3.24722671508789,NA,
prolix-euclidean/2022-01-28-prolix-euclidean.parquet,TRUE,0,7.367961406707764,NA,
PSI-DRAFT/2021-02-01-PSI-DRAFT.parquet,TRUE,0,11.7828528881073,NA,
QJHong-Encounter/2022-06-20-QJHong-Encounter.parquet,TRUE,0,4.18408989906311,NA,
SDSC_ISG-TrendModel/2022-01-30-SDSC_ISG-TrendModel.parquet,TRUE,0,3.4096903800964355,NA,
SteveMcConnell-CovidComplete/2022-01-03-SteveMcConnell-CovidComplete.parquet,TRUE,0,8.584192276000977,NA,
TTU-squider/2022-10-09-TTU-squider.parquet,TRUE,0,5.6862452030181885,NA,
UChicago-CovidIL_60/2020-05-05-UChicago-CovidIL_60.parquet,TRUE,0,2.334839344024658,NA,
UCSD_NEU-DeepGLEAM/2021-05-17-UCSD_NEU-DeepGLEAM.parquet,TRUE,0,8.571372270584106,NA,
UMass-MechBayes/2021-02-14-UMass-MechBayes.parquet,TRUE,0,114.71108508110046,NA,
UMass-trends_ensemble/2022-11-21-UMass-trends_ensemble.parquet,TRUE,0,39.31094837188721,NA,
USACE-ERDC_SEIR/2020-07-28-USACE-ERDC_SEIR.parquet,TRUE,0,133.79366040229797,NA,
UT-Mobility/2020-09-14-UT-Mobility.parquet,TRUE,0,8.84966230392456,NA,
UVA-Ensemble/2021-12-27-UVA-Ensemble.parquet,TRUE,0,401.1491887569427,NA,
YYG-ParamSearch/2020-07-11-YYG-ParamSearch.parquet,TRUE,0,23.600775480270386,NA,
BPagano-RtDriven/2021-03-21-BPagano-RtDriven.parquet,TRUE,0,16.117850303649902,NA,
CEID-Walk/2022-06-20-CEID-Walk.parquet,TRUE,0,12.23870015144348,NA,
CMU-TimeSeries/2022-10-24-CMU-TimeSeries.parquet,TRUE,0,40.18126082420349,NA,
CovidAnalytics-DELPHI/2020-06-29-CovidAnalytics-DELPHI.parquet,TRUE,0,5.095315933227539,NA,
COVIDhub_CDC-ensemble/2022-02-21-COVIDhub_CDC-ensemble.parquet,TRUE,0,41.1725594997406,NA,
COVIDhub-4_week_ensemble/2021-12-20-COVIDhub-4_week_ensemble.parquet,TRUE,0,383.7812612056732,NA,
COVIDhub-baseline/2021-09-27-COVIDhub-baseline.parquet,TRUE,0,735.7708468437195,NA,
COVIDhub-ensemble/2021-07-12-COVIDhub-ensemble.parquet,TRUE,0,360.7350544929504,NA,
COVIDhub-trained_ensemble/2022-04-11-COVIDhub-trained_ensemble.parquet,TRUE,0,377.6215629577637,NA,
CU-nochange/2021-09-05-CU-nochange.parquet,TRUE,0,548.0084125995636,NA,
CU-scenario_low/2020-08-16-CU-scenario_low.parquet,TRUE,0,545.4578127861023,NA,
CU-scenario_mid/2020-12-03-CU-scenario_mid.parquet,TRUE,0,543.5079293251038,NA,
CU-select/2021-05-16-CU-select.parquet,TRUE,0,525.2663297653198,NA,
CUBoulder-COVIDLSTM/2022-08-07-CUBoulder-COVIDLSTM.parquet,TRUE,0,320.6756007671356,NA,
epiforecasts-ensemble1/2021-07-19-epiforecasts-ensemble1.parquet,TRUE,0,8.850916862487793,NA,
FAIR-NRAR/2021-06-28-FAIR-NRAR.parquet,TRUE,0,335.9182391166687,NA,
FRBSF_Wilson-Econometric/2021-10-11-FRBSF_Wilson-Econometric.parquet,TRUE,0,183.46091198921204,NA,
GT_CHHS-COVID19/2021-03-06-GT_CHHS-COVID19.parquet,TRUE,0,3.566631317138672,NA,
HKUST-DNN/2022-02-07-HKUST-DNN.parquet,TRUE,0,5.845815181732178,NA,
IHME-CurveFit/2020-12-18-IHME-CurveFit.parquet,TRUE,0,188.44381380081177,NA,
JCB-PRM/2020-10-26-JCB-PRM.parquet,TRUE,0,9.064789295196531,NA,
JHU_IDD-CovidSP/2023-02-05-JHU_IDD-CovidSP.parquet,TRUE,0,52.70456910133362,NA,
JHUAPL-Gecko/2021-03-01-JHUAPL-Gecko.parquet,TRUE,0,42.24812865257263,NA,
Karlen-pypm/2020-11-08-Karlen-pypm.parquet,TRUE,0,54.189902782440186,NA,
LANL-GrowthRate/2020-04-30-LANL-GrowthRate.parquet,TRUE,0,5.709453105926514,NA,
LosAlamos_NAU-CModel_SDVaxVar/2022-05-02-LosAlamos_NAU-CModel_SDVaxVar.parquet,TRUE,0,7.716201305389404,NA,
MIT_CritData-GBCF/2021-12-05-MIT_CritData-GBCF.parquet,TRUE,0,8.27482271194458,NA,
MIT-Cassandra/2022-08-15-MIT-Cassandra.parquet,TRUE,0,16.154061555862427,NA,
MOBS-GLEAM_COVID/2023-05-22-MOBS-GLEAM_COVID.parquet,TRUE,0,21.71819019317627,NA,
NotreDame-FRED/2020-06-22-NotreDame-FRED.parquet,TRUE,0,3.1481969356536865,NA,
prolix-euclidean/2022-01-29-prolix-euclidean.parquet,TRUE,0,7.2858617305755615,NA,
PSI-DRAFT/2021-02-08-PSI-DRAFT.parquet,TRUE,0,10.982047080993652,NA,
QJHong-Encounter/2022-06-26-QJHong-Encounter.parquet,TRUE,0,4.032143592834473,NA,
SDSC_ISG-TrendModel/2022-02-06-SDSC_ISG-TrendModel.parquet,TRUE,0,6.0230512619018555,NA,
SteveMcConnell-CovidComplete/2022-01-10-SteveMcConnell-CovidComplete.parquet,TRUE,0,8.278846502304077,NA,
TTU-squider/2022-10-16-TTU-squider.parquet,TRUE,0,5.364723205566406,NA,
UChicago-CovidIL_60/2020-05-11-UChicago-CovidIL_60.parquet,TRUE,0,2.23401141166687,NA,
UCSD_NEU-DeepGLEAM/2021-05-24-UCSD_NEU-DeepGLEAM.parquet,TRUE,0,8.211186170578003,NA,
UMass-MechBayes/2021-02-21-UMass-MechBayes.parquet,TRUE,0,113.05055952072144,NA,
UMass-trends_ensemble/2022-11-28-UMass-trends_ensemble.parquet,TRUE,0,39.03041362762451,NA,
USACE-ERDC_SEIR/2020-07-29-USACE-ERDC_SEIR.parquet,TRUE,0,123.62933444976808,NA,
UT-Mobility/2020-09-21-UT-Mobility.parquet,TRUE,0,8.20985198020935,NA,
UVA-Ensemble/2022-01-03-UVA-Ensemble.parquet,TRUE,0,385.50486063957214,NA,
YYG-ParamSearch/2020-07-12-YYG-ParamSearch.parquet,TRUE,0,22.23503875732422,NA,
BPagano-RtDriven/2021-03-28-BPagano-RtDriven.parquet,TRUE,0,14.73534893989563,NA,
CEID-Walk/2022-07-11-CEID-Walk.parquet,TRUE,0,11.943726062774658,NA,
CMU-TimeSeries/2022-10-31-CMU-TimeSeries.parquet,TRUE,0,38.20665431022644,NA,
CovidAnalytics-DELPHI/2020-07-06-CovidAnalytics-DELPHI.parquet,TRUE,0,6.704526424407959,NA,
COVIDhub_CDC-ensemble/2022-02-28-COVIDhub_CDC-ensemble.parquet,TRUE,0,42.18419361114502,NA,
COVIDhub-4_week_ensemble/2021-12-27-COVIDhub-4_week_ensemble.parquet,TRUE,0,377.5175971984863,NA,
COVIDhub-baseline/2021-10-04-COVIDhub-baseline.parquet,TRUE,0,726.4289407730103,NA,
COVIDhub-ensemble/2021-07-19-COVIDhub-ensemble.parquet,TRUE,0,368.6178922653198,NA,
COVIDhub-trained_ensemble/2022-04-18-COVIDhub-trained_ensemble.parquet,TRUE,0,389.05695724487305,NA,
CU-nochange/2021-09-12-CU-nochange.parquet,TRUE,0,554.851621389389,NA,
CU-scenario_low/2020-08-20-CU-scenario_low.parquet,TRUE,0,569.9756374359131,NA,
CU-scenario_mid/2020-12-06-CU-scenario_mid.parquet,TRUE,0,566.3375542163849,NA,
CU-select/2021-05-23-CU-select.parquet,TRUE,0,572.5493290424347,NA,
CUBoulder-COVIDLSTM/2022-08-14-CUBoulder-COVIDLSTM.parquet,TRUE,0,337.49667596817017,NA,
epiforecasts-ensemble1/2021-07-26-epiforecasts-ensemble1.parquet,TRUE,0,8.708129644393921,NA,
FAIR-NRAR/2021-06-29-FAIR-NRAR.parquet,TRUE,0,346.43295335769653,NA,
FRBSF_Wilson-Econometric/2021-10-18-FRBSF_Wilson-Econometric.parquet,TRUE,0,199.93255424499512,NA,
GT_CHHS-COVID19/2021-03-13-GT_CHHS-COVID19.parquet,TRUE,0,3.846700429916382,NA,
HKUST-DNN/2022-02-14-HKUST-DNN.parquet,TRUE,0,5.962752819061279,NA,
IHME-CurveFit/2020-12-23-IHME-CurveFit.parquet,TRUE,0,193.14441871643064,NA,
JCB-PRM/2020-11-02-JCB-PRM.parquet,TRUE,0,24.435055255889893,NA,
JHU_IDD-CovidSP/2023-02-12-JHU_IDD-CovidSP.parquet,TRUE,0,51.67455744743347,NA,
JHUAPL-Gecko/2021-03-08-JHUAPL-Gecko.parquet,TRUE,0,46.41692566871643,NA,
Karlen-pypm/2020-11-15-Karlen-pypm.parquet,TRUE,0,55.78004240989685,NA,
LANL-GrowthRate/2020-05-03-LANL-GrowthRate.parquet,TRUE,0,6.375474214553833,NA,
LosAlamos_NAU-CModel_SDVaxVar/2022-05-09-LosAlamos_NAU-CModel_SDVaxVar.parquet,TRUE,0,7.799590587615967,NA,
MIT_CritData-GBCF/2021-12-12-MIT_CritData-GBCF.parquet,TRUE,0,8.251081228256226,NA,
MIT-Cassandra/2022-08-22-MIT-Cassandra.parquet,TRUE,0,16.19338607788086,NA,
MOBS-GLEAM_COVID/2023-05-29-MOBS-GLEAM_COVID.parquet,TRUE,0,22.03594160079956,NA,
NotreDame-FRED/2020-06-29-NotreDame-FRED.parquet,TRUE,0,3.1623570919036865,NA,
prolix-euclidean/2022-01-30-prolix-euclidean.parquet,TRUE,0,7.476425647735596,NA,
PSI-DRAFT/2021-02-15-PSI-DRAFT.parquet,TRUE,0,11.216214895248411,NA,
QJHong-Encounter/2022-07-03-QJHong-Encounter.parquet,TRUE,0,4.145747423171997,NA,
SDSC_ISG-TrendModel/2022-02-13-SDSC_ISG-TrendModel.parquet,TRUE,0,6.105727672576904,NA,
SteveMcConnell-CovidComplete/2022-01-17-SteveMcConnell-CovidComplete.parquet,TRUE,0,8.394500970840454,NA,
TTU-squider/2022-10-23-TTU-squider.parquet,TRUE,0,5.401236534118652,NA,
UChicago-CovidIL_80/2020-05-05-UChicago-CovidIL_80.parquet,TRUE,0,2.358550786972046,NA,
UCSD_NEU-DeepGLEAM/2021-05-31-UCSD_NEU-DeepGLEAM.parquet,TRUE,0,8.430055856704712,NA,
UMass-MechBayes/2021-02-28-UMass-MechBayes.parquet,TRUE,0,123.2948853969574,NA,
UMass-trends_ensemble/2022-12-05-UMass-trends_ensemble.parquet,TRUE,0,43.922253370285034,NA,
USACE-ERDC_SEIR/2020-07-30-USACE-ERDC_SEIR.parquet,TRUE,0,125.13530468940736,NA,
UT-Mobility/2020-09-28-UT-Mobility.parquet,TRUE,0,8.591442584991455,NA,
UVA-Ensemble/2022-01-10-UVA-Ensemble.parquet,TRUE,0,417.0564234256744,NA,
YYG-ParamSearch/2020-07-13-YYG-ParamSearch.parquet,TRUE,0,22.095657348632812,NA,
BPagano-RtDriven/2021-04-04-BPagano-RtDriven.parquet,TRUE,0,23.26454448699951,NA,
CEID-Walk/2022-07-18-CEID-Walk.parquet,TRUE,0,18.92319941520691,NA,
CMU-TimeSeries/2022-11-07-CMU-TimeSeries.parquet,TRUE,0,63.022191524505615,NA,
CovidAnalytics-DELPHI/2020-07-13-CovidAnalytics-DELPHI.parquet,TRUE,0,11.233420610427856,NA,
COVIDhub_CDC-ensemble/2022-03-07-COVIDhub_CDC-ensemble.parquet,TRUE,0,65.25293278694153,NA,
COVIDhub-4_week_ensemble/2022-01-03-COVIDhub-4_week_ensemble.parquet,TRUE,0,572.6891450881958,NA,
COVIDhub-baseline/2021-10-11-COVIDhub-baseline.parquet,TRUE,0,1085.6361515522003,NA,
COVIDhub-ensemble/2021-07-26-COVIDhub-ensemble.parquet,TRUE,0,549.679726600647,NA,
COVIDhub-trained_ensemble/2022-04-25-COVIDhub-trained_ensemble.parquet,TRUE,0,559.708339214325,NA,
CU-nochange/2021-09-19-CU-nochange.parquet,TRUE,0,771.6646862030029,NA,
CU-scenario_low/2020-08-23-CU-scenario_low.parquet,TRUE,0,820.8955900669098,NA,
CU-scenario_mid/2020-12-10-CU-scenario_mid.parquet,TRUE,0,852.9459276199341,NA,
CU-select/2021-05-30-CU-select.parquet,TRUE,0,854.3370041847229,NA,
CUBoulder-COVIDLSTM/2022-08-21-CUBoulder-COVIDLSTM.parquet,TRUE,0,513.8835632801056,NA,
epiforecasts-ensemble1/2021-08-02-epiforecasts-ensemble1.parquet,TRUE,0,15.10118532180786,NA,
FAIR-NRAR/2021-07-01-FAIR-NRAR.parquet,TRUE,0,539.6967918872833,NA,
FRBSF_Wilson-Econometric/2021-10-25-FRBSF_Wilson-Econometric.parquet,TRUE,0,288.1811330318451,NA,
GT_CHHS-COVID19/2021-03-20-GT_CHHS-COVID19.parquet,TRUE,0,6.679426908493042,NA,
HKUST-DNN/2022-02-21-HKUST-DNN.parquet,TRUE,0,10.46956753730774,NA,
IHME-CurveFit/2021-01-15-IHME-CurveFit.parquet,TRUE,0,315.49313163757324,NA,
JCB-PRM/2020-11-09-JCB-PRM.parquet,TRUE,0,39.326008319854736,NA,
JHU_IDD-CovidSP/2023-02-19-JHU_IDD-CovidSP.parquet,TRUE,0,76.00864672660828,NA,
JHUAPL-Gecko/2021-03-14-JHUAPL-Gecko.parquet,TRUE,0,67.415687084198,NA,
Karlen-pypm/2020-11-22-Karlen-pypm.parquet,TRUE,0,87.59877943992615,NA,
LANL-GrowthRate/2020-05-04-LANL-GrowthRate.parquet,TRUE,0,11.125991106033323,NA,
LosAlamos_NAU-CModel_SDVaxVar/2022-05-16-LosAlamos_NAU-CModel_SDVaxVar.parquet,TRUE,0,12.367094278335571,NA,
MIT_CritData-GBCF/2021-12-19-MIT_CritData-GBCF.parquet,TRUE,0,14.280580282211304,NA,
MIT-Cassandra/2022-08-29-MIT-Cassandra.parquet,TRUE,0,26.134567260742188,NA,
MOBS-GLEAM_COVID/2023-06-05-MOBS-GLEAM_COVID.parquet,TRUE,0,35.526904344558716,NA,
NotreDame-FRED/2020-07-06-NotreDame-FRED.parquet,TRUE,0,5.483399152755737,NA,
prolix-euclidean/2022-01-31-prolix-euclidean.parquet,TRUE,0,11.569704532623293,NA,
PSI-DRAFT/2021-02-22-PSI-DRAFT.parquet,TRUE,0,19.122519969940186,NA,
QJHong-Encounter/2022-07-11-QJHong-Encounter.parquet,TRUE,0,6.802762746810913,NA,
SDSC_ISG-TrendModel/2022-02-20-SDSC_ISG-TrendModel.parquet,TRUE,0,9.855790138244627,NA,
SteveMcConnell-CovidComplete/2022-01-24-SteveMcConnell-CovidComplete.parquet,TRUE,0,14.168916702270508,NA,
TTU-squider/2022-10-30-TTU-squider.parquet,TRUE,0,9.421239376068115,NA,
UChicago-CovidIL_80/2020-05-11-UChicago-CovidIL_80.parquet,TRUE,0,3.8887882232666016,NA,
UCSD_NEU-DeepGLEAM/2021-06-07-UCSD_NEU-DeepGLEAM.parquet,TRUE,0,13.861796617507936,NA,
UMass-MechBayes/2021-03-07-UMass-MechBayes.parquet,TRUE,0,185.4196572303772,NA,
UMass-trends_ensemble/2022-12-12-UMass-trends_ensemble.parquet,TRUE,0,66.2917230129242,NA,
USACE-ERDC_SEIR/2020-07-31-USACE-ERDC_SEIR.parquet,TRUE,0,209.92520260810852,NA,
UT-Mobility/2020-10-05-UT-Mobility.parquet,TRUE,0,13.695652961730955,NA,
UVA-Ensemble/2022-01-17-UVA-Ensemble.parquet,TRUE,0,595.0360062122345,NA,
YYG-ParamSearch/2020-07-14-YYG-ParamSearch.parquet,TRUE,0,34.453354835510254,NA,
BPagano-RtDriven/2021-04-11-BPagano-RtDriven.parquet,TRUE,0,28.482805490493774,NA,
CEID-Walk/2022-07-25-CEID-Walk.parquet,TRUE,0,21.586926460266113,NA,
CMU-TimeSeries/2022-11-14-CMU-TimeSeries.parquet,TRUE,0,68.11874985694885,NA,
CovidAnalytics-DELPHI/2020-07-20-CovidAnalytics-DELPHI.parquet,TRUE,0,12.37856101989746,NA,
COVIDhub_CDC-ensemble/2022-03-14-COVIDhub_CDC-ensemble.parquet,TRUE,0,68.35126972198486,NA,
COVIDhub-4_week_ensemble/2022-01-10-COVIDhub-4_week_ensemble.parquet,TRUE,0,632.837411403656,NA,
COVIDhub-baseline/2021-10-18-COVIDhub-baseline.parquet,TRUE,0,1210.682537317276,NA,
COVIDhub-ensemble/2021-08-02-COVIDhub-ensemble.parquet,TRUE,0,614.7873096466064,NA,
COVIDhub-trained_ensemble/2022-05-02-COVIDhub-trained_ensemble.parquet,TRUE,0,657.0643074512482,NA,
CU-nochange/2021-09-26-CU-nochange.parquet,TRUE,0,887.759948015213,NA,
CU-scenario_low/2020-08-30-CU-scenario_low.parquet,TRUE,0,865.8481607437134,NA,
CU-scenario_mid/2020-12-13-CU-scenario_mid.parquet,TRUE,0,873.1672282218933,NA,
CU-select/2021-06-06-CU-select.parquet,TRUE,0,864.8864510059357,NA,
CUBoulder-COVIDLSTM/2022-08-28-CUBoulder-COVIDLSTM.parquet,TRUE,0,518.3339972496033,NA,
epiforecasts-ensemble1/2021-08-09-epiforecasts-ensemble1.parquet,TRUE,0,14.991278648376465,NA,
FAIR-NRAR/2021-07-03-FAIR-NRAR.parquet,TRUE,0,545.0837874412537,NA,
FRBSF_Wilson-Econometric/2021-11-01-FRBSF_Wilson-Econometric.parquet,TRUE,0,307.04479002952576,NA,
GT_CHHS-COVID19/2021-03-27-GT_CHHS-COVID19.parquet,TRUE,0,6.365830421447754,NA,
HKUST-DNN/2022-02-28-HKUST-DNN.parquet,TRUE,0,9.80907702445984,NA,
IHME-CurveFit/2021-01-22-IHME-CurveFit.parquet,TRUE,0,322.1115388870239,NA,
JCB-PRM/2020-11-16-JCB-PRM.parquet,TRUE,0,41.13512992858887,NA,
JHU_IDD-CovidSP/2023-02-26-JHU_IDD-CovidSP.parquet,TRUE,0,82.7256805896759,NA,
JHUAPL-Gecko/2021-03-22-JHUAPL-Gecko.parquet,TRUE,0,71.23196148872375,NA,
Karlen-pypm/2020-11-29-Karlen-pypm.parquet,TRUE,0,98.47648811340332,NA,
LANL-GrowthRate/2020-05-07-LANL-GrowthRate.parquet,TRUE,0,10.459067344665527,NA,
LosAlamos_NAU-CModel_SDVaxVar/2022-05-23-LosAlamos_NAU-CModel_SDVaxVar.parquet,TRUE,0,12.562925815582275,NA,
MIT_CritData-GBCF/2021-12-26-MIT_CritData-GBCF.parquet,TRUE,0,14.394143342971802,NA,
MIT-Cassandra/2022-09-05-MIT-Cassandra.parquet,TRUE,0,27.071687936782837,NA,
MOBS-GLEAM_COVID/2023-06-12-MOBS-GLEAM_COVID.parquet,TRUE,0,37.44307041168213,NA,
NotreDame-FRED/2020-07-13-NotreDame-FRED.parquet,TRUE,0,5.477313041687012,NA,
prolix-euclidean/2022-02-02-prolix-euclidean.parquet,TRUE,0,12.303574085235596,NA,
PSI-DRAFT/2021-03-01-PSI-DRAFT.parquet,TRUE,0,19.091193437576297,NA,
QJHong-Encounter/2022-07-17-QJHong-Encounter.parquet,TRUE,0,6.931065559387207,NA,
SDSC_ISG-TrendModel/2022-02-27-SDSC_ISG-TrendModel.parquet,TRUE,0,10.227943420410156,NA,
SteveMcConnell-CovidComplete/2022-01-31-SteveMcConnell-CovidComplete.parquet,TRUE,0,14.826507806777954,NA,
TTU-squider/2022-11-06-TTU-squider.parquet,TRUE,0,9.939189195632936,NA,
UChicago-CovidIL/2020-05-05-UChicago-CovidIL.parquet,TRUE,0,4.1289167404174805,NA,
UCSD_NEU-DeepGLEAM/2021-06-14-UCSD_NEU-DeepGLEAM.parquet,TRUE,0,13.966513872146606,NA,
UMass-MechBayes/2021-03-14-UMass-MechBayes.parquet,TRUE,0,192.36408805847168,NA,
UMass-trends_ensemble/2022-12-19-UMass-trends_ensemble.parquet,TRUE,0,62.29125428199768,NA,
USACE-ERDC_SEIR/2020-08-03-USACE-ERDC_SEIR.parquet,TRUE,0,197.88114953041077,NA,
UT-Mobility/2020-10-12-UT-Mobility.parquet,TRUE,0,14.294492721557615,NA,
UVA-Ensemble/2022-01-24-UVA-Ensemble.parquet,TRUE,0,592.98779129982,NA,
YYG-ParamSearch/2020-07-15-YYG-ParamSearch.parquet,TRUE,0,35.272775173187256,NA,
BPagano-RtDriven/2021-04-18-BPagano-RtDriven.parquet,TRUE,0,28.123261213302612,NA,
CEID-Walk/2022-08-08-CEID-Walk.parquet,TRUE,0,20.277971744537354,NA,
CMU-TimeSeries/2022-11-21-CMU-TimeSeries.parquet,TRUE,0,65.65657615661621,NA,
CovidAnalytics-DELPHI/2020-07-27-CovidAnalytics-DELPHI.parquet,TRUE,0,27.16986632347107,NA,
COVIDhub_CDC-ensemble/2022-03-21-COVIDhub_CDC-ensemble.parquet,TRUE,0,66.59882521629333,NA,
COVIDhub-4_week_ensemble/2022-01-17-COVIDhub-4_week_ensemble.parquet,TRUE,0,647.2228312492371,NA,
COVIDhub-baseline/2021-10-25-COVIDhub-baseline.parquet,TRUE,0,1178.9026679992676,NA,
COVIDhub-ensemble/2021-08-09-COVIDhub-ensemble.parquet,TRUE,0,608.6967506408691,NA,
COVIDhub-trained_ensemble/2022-05-09-COVIDhub-trained_ensemble.parquet,TRUE,0,638.4301319122314,NA,
CU-nochange/2021-10-03-CU-nochange.parquet,TRUE,0,859.5270099639893,NA,
CU-scenario_low/2020-09-03-CU-scenario_low.parquet,TRUE,0,871.9241743087769,NA,
CU-scenario_mid/2020-12-17-CU-scenario_mid.parquet,TRUE,0,879.6264293193817,NA,
CU-select/2021-06-13-CU-select.parquet,TRUE,0,913.7802963256836,NA,
CUBoulder-COVIDLSTM/2022-09-04-CUBoulder-COVIDLSTM.parquet,TRUE,0,544.2439742088318,NA,
epiforecasts-ensemble1/2021-08-16-epiforecasts-ensemble1.parquet,TRUE,0,15.603593349456789,NA,
FAIR-NRAR/2021-07-04-FAIR-NRAR.parquet,TRUE,0,551.8085899353027,NA,
FRBSF_Wilson-Econometric/2021-11-08-FRBSF_Wilson-Econometric.parquet,TRUE,0,306.70876693725586,NA,
GT_CHHS-COVID19/2021-04-03-GT_CHHS-COVID19.parquet,TRUE,0,6.340513229370117,NA,
HKUST-DNN/2022-03-07-HKUST-DNN.parquet,TRUE,0,10.184930801391602,NA,
IHME-CurveFit/2021-01-29-IHME-CurveFit.parquet,TRUE,0,332.71496534347534,NA,
JCB-PRM/2020-11-23-JCB-PRM.parquet,TRUE,0,40.91705560684204,NA,
JHU_IDD-CovidSP/2023-03-05-JHU_IDD-CovidSP.parquet,TRUE,0,82.230313539505,NA,
JHUAPL-Gecko/2021-03-29-JHUAPL-Gecko.parquet,TRUE,0,71.32242250442505,NA,
Karlen-pypm/2020-12-06-Karlen-pypm.parquet,TRUE,0,92.26064586639404,NA,
LANL-GrowthRate/2020-05-11-LANL-GrowthRate.parquet,TRUE,0,11.619975566864014,NA,
LosAlamos_NAU-CModel_SDVaxVar/2022-05-30-LosAlamos_NAU-CModel_SDVaxVar.parquet,TRUE,0,13.387735843658447,NA,
MIT_CritData-GBCF/2022-01-02-MIT_CritData-GBCF.parquet,TRUE,0,14.675814867019652,NA,
MIT-Cassandra/2022-09-12-MIT-Cassandra.parquet,TRUE,0,27.15955877304077,NA,
MOBS-GLEAM_COVID/2023-06-19-MOBS-GLEAM_COVID.parquet,TRUE,0,38.10090374946594,NA,
NotreDame-FRED/2020-07-20-NotreDame-FRED.parquet,TRUE,0,5.847673416137695,NA,
prolix-euclidean/2022-02-03-prolix-euclidean.parquet,TRUE,0,12.287773609161375,NA,
PSI-DRAFT/2021-03-08-PSI-DRAFT.parquet,TRUE,0,19.4903883934021,NA,
QJHong-Encounter/2022-07-25-QJHong-Encounter.parquet,TRUE,0,6.771211624145508,NA,
SDSC_ISG-TrendModel/2022-03-06-SDSC_ISG-TrendModel.parquet,TRUE,0,10.0570547580719,NA,
SteveMcConnell-CovidComplete/2022-02-07-SteveMcConnell-CovidComplete.parquet,TRUE,0,14.606314420700071,NA,
TTU-squider/2022-11-13-TTU-squider.parquet,TRUE,0,9.997658252716064,NA,
UChicago-CovidIL/2020-05-11-UChicago-CovidIL.parquet,TRUE,0,4.173619747161865,NA,
UCSD_NEU-DeepGLEAM/2021-06-21-UCSD_NEU-DeepGLEAM.parquet,TRUE,0,14.56000280380249,NA,
UMass-MechBayes/2021-03-21-UMass-MechBayes.parquet,TRUE,0,184.06035208702087,NA,
UMass-trends_ensemble/2022-12-26-UMass-trends_ensemble.parquet,TRUE,0,62.53415536880493,NA,
USACE-ERDC_SEIR/2020-08-10-USACE-ERDC_SEIR.parquet,TRUE,0,217.304283618927,NA,
UT-Mobility/2020-10-19-UT-Mobility.parquet,TRUE,0,15.205915451049805,NA,
UVA-Ensemble/2022-01-31-UVA-Ensemble.parquet,TRUE,0,647.5025506019592,NA,
YYG-ParamSearch/2020-07-16-YYG-ParamSearch.parquet,TRUE,0,36.79284906387329,NA,
BPagano-RtDriven/2021-04-25-BPagano-RtDriven.parquet,TRUE,0,27.56728506088257,NA,
CEID-Walk/2022-08-22-CEID-Walk.parquet,TRUE,0,21.18012428283691,NA,
CMU-TimeSeries/2022-11-28-CMU-TimeSeries.parquet,TRUE,0,69.79806804656982,NA,
CovidAnalytics-DELPHI/2020-08-03-CovidAnalytics-DELPHI.parquet,TRUE,0,25.728456020355225,NA,
COVIDhub_CDC-ensemble/2022-03-28-COVIDhub_CDC-ensemble.parquet,TRUE,0,66.82065343856812,NA,
COVIDhub-4_week_ensemble/2022-01-24-COVIDhub-4_week_ensemble.parquet,TRUE,0,613.6964666843414,NA,
COVIDhub-baseline/2021-11-01-COVIDhub-baseline.parquet,TRUE,0,1207.6832332611084,NA,
COVIDhub-ensemble/2021-08-16-COVIDhub-ensemble.parquet,TRUE,0,626.1175239086151,NA,
COVIDhub-trained_ensemble/2022-05-16-COVIDhub-trained_ensemble.parquet,TRUE,0,599.0143148899078,NA,
CU-nochange/2021-10-17-CU-nochange.parquet,TRUE,0,888.630383014679,NA,
CU-scenario_low/2020-09-06-CU-scenario_low.parquet,TRUE,0,906.9706897735596,NA,
CU-scenario_mid/2020-12-20-CU-scenario_mid.parquet,TRUE,0,875.8980920314789,NA,
CU-select/2021-06-20-CU-select.parquet,TRUE,0,861.580992937088,NA,
CUBoulder-COVIDLSTM/2022-09-11-CUBoulder-COVIDLSTM.parquet,TRUE,0,516.8653798103333,NA,
epiforecasts-ensemble1/2021-08-23-epiforecasts-ensemble1.parquet,TRUE,0,15.134182453155518,NA,
FAIR-NRAR/2021-07-05-FAIR-NRAR.parquet,TRUE,0,544.5656173229218,NA,
FRBSF_Wilson-Econometric/2021-11-15-FRBSF_Wilson-Econometric.parquet,TRUE,0,302.1059103012085,NA,
GT_CHHS-COVID19/2021-04-10-GT_CHHS-COVID19.parquet,TRUE,0,6.37691330909729,NA,
HKUST-DNN/2022-03-14-HKUST-DNN.parquet,TRUE,0,9.920858383178713,NA,
IHME-CurveFit/2021-02-05-IHME-CurveFit.parquet,TRUE,0,312.1769585609436,NA,
JCB-PRM/2020-11-30-JCB-PRM.parquet,TRUE,0,41.34554934501648,NA,
JHU_IDD-CovidSP/2023-03-12-JHU_IDD-CovidSP.parquet,TRUE,0,36.256940841674805,NA,
JHUAPL-Gecko/2021-04-04-JHUAPL-Gecko.parquet,TRUE,0,78.13552713394165,NA,
Karlen-pypm/2020-12-13-Karlen-pypm.parquet,TRUE,0,92.92893099784852,NA,
LANL-GrowthRate/2020-05-14-LANL-GrowthRate.parquet,TRUE,0,10.482983827590942,NA,
LosAlamos_NAU-CModel_SDVaxVar/2022-06-06-LosAlamos_NAU-CModel_SDVaxVar.parquet,TRUE,0,12.155479669570925,NA,
MIT_CritData-GBCF/2022-01-09-MIT_CritData-GBCF.parquet,TRUE,0,14.7197585105896,NA,
MIT-Cassandra/2022-09-19-MIT-Cassandra.parquet,TRUE,0,26.273072004318237,NA,
MOBS-GLEAM_COVID/2023-06-26-MOBS-GLEAM_COVID.parquet,TRUE,0,38.55704116821289,NA,
NotreDame-FRED/2020-07-27-NotreDame-FRED.parquet,TRUE,0,7.763739585876465,NA,
prolix-euclidean/2022-02-04-prolix-euclidean.parquet,TRUE,0,12.03984022140503,NA,
PSI-DRAFT/2021-03-15-PSI-DRAFT.parquet,TRUE,0,19.575226545333862,NA,
QJHong-Encounter/2022-08-01-QJHong-Encounter.parquet,TRUE,0,6.750942707061768,NA,
SDSC_ISG-TrendModel/2022-03-13-SDSC_ISG-TrendModel.parquet,TRUE,0,9.785383224487305,NA,
SteveMcConnell-CovidComplete/2022-02-14-SteveMcConnell-CovidComplete.parquet,TRUE,0,14.322252750396729,NA,
TTU-squider/2022-11-20-TTU-squider.parquet,TRUE,0,9.714325428009031,NA,
UChicago-CovidIL/2020-05-18-UChicago-CovidIL.parquet,TRUE,0,4.0676023960113525,NA,
UCSD_NEU-DeepGLEAM/2021-06-28-UCSD_NEU-DeepGLEAM.parquet,TRUE,0,13.77337908744812,NA,
UMass-MechBayes/2021-03-28-UMass-MechBayes.parquet,TRUE,0,184.87508606910703,NA,
UMass-trends_ensemble/2023-01-02-UMass-trends_ensemble.parquet,TRUE,0,59.64828562736511,NA,
USACE-ERDC_SEIR/2020-08-17-USACE-ERDC_SEIR.parquet,TRUE,0,207.12401509284973,NA,
UT-Mobility/2020-10-26-UT-Mobility.parquet,TRUE,0,14.77233862876892,NA,
UVA-Ensemble/2022-02-07-UVA-Ensemble.parquet,TRUE,0,659.8033833503723,NA,
YYG-ParamSearch/2020-07-17-YYG-ParamSearch.parquet,TRUE,0,36.2212028503418,NA,
BPagano-RtDriven/2021-05-02-BPagano-RtDriven.parquet,TRUE,0,14.745234489440918,NA,
CEID-Walk/2022-08-29-CEID-Walk.parquet,TRUE,0,12.056471586227415,NA,
CMU-TimeSeries/2022-12-05-CMU-TimeSeries.parquet,TRUE,0,40.26618123054504,NA,
CovidAnalytics-DELPHI/2020-08-10-CovidAnalytics-DELPHI.parquet,TRUE,0,16.728243827819824,NA,
COVIDhub_CDC-ensemble/2022-04-04-COVIDhub_CDC-ensemble.parquet,TRUE,0,41.49775552749634,NA,
COVIDhub-4_week_ensemble/2022-01-31-COVIDhub-4_week_ensemble.parquet,TRUE,0,382.3970413208008,NA,
COVIDhub-baseline/2021-11-08-COVIDhub-baseline.parquet,TRUE,0,695.2294008731842,NA,
COVIDhub-ensemble/2021-08-23-COVIDhub-ensemble.parquet,TRUE,0,371.7161691188812,NA,
COVIDhub-trained_ensemble/2022-05-23-COVIDhub-trained_ensemble.parquet,TRUE,0,374.8968813419342,NA,
CU-nochange/2021-10-24-CU-nochange.parquet,TRUE,0,529.6028554439545,NA,
CU-scenario_low/2020-09-13-CU-scenario_low.parquet,TRUE,0,530.7028851509094,NA,
CU-scenario_mid/2020-12-24-CU-scenario_mid.parquet,TRUE,0,519.400639295578,NA,
CU-select/2021-06-27-CU-select.parquet,TRUE,0,529.6045091152191,NA,
CUBoulder-COVIDLSTM/2022-09-18-CUBoulder-COVIDLSTM.parquet,TRUE,0,326.02908635139465,NA,
epiforecasts-ensemble1/2021-08-30-epiforecasts-ensemble1.parquet,TRUE,0,8.478755474090576,NA,
FAIR-NRAR/2021-07-06-FAIR-NRAR.parquet,TRUE,0,333.47983145713806,NA,
FRBSF_Wilson-Econometric/2021-11-22-FRBSF_Wilson-Econometric.parquet,TRUE,0,189.98015713691711,NA,
GT_CHHS-COVID19/2021-04-17-GT_CHHS-COVID19.parquet,TRUE,0,3.9228482246398926,NA,
HKUST-DNN/2022-03-21-HKUST-DNN.parquet,TRUE,0,5.804968357086182,NA,
IHME-CurveFit/2021-02-12-IHME-CurveFit.parquet,TRUE,0,194.83812260627747,NA,
JCB-PRM/2020-12-07-JCB-PRM.parquet,TRUE,0,24.05404043197632,NA,
JHU_IDD-CovidSP/2023-03-19-JHU_IDD-CovidSP.parquet,TRUE,0,20.447767734527588,NA,
JHUAPL-Gecko/2021-04-11-JHUAPL-Gecko.parquet,TRUE,0,46.26419806480408,NA,
Karlen-pypm/2020-12-20-Karlen-pypm.parquet,TRUE,0,54.147955894470215,NA,
LANL-GrowthRate/2020-05-18-LANL-GrowthRate.parquet,TRUE,0,6.299153566360474,NA,
LosAlamos_NAU-CModel_SDVaxVar/2022-06-13-LosAlamos_NAU-CModel_SDVaxVar.parquet,TRUE,0,7.692597150802612,NA,
MIT_CritData-GBCF/2022-01-23-MIT_CritData-GBCF.parquet,TRUE,0,8.264602184295654,NA,
MIT-Cassandra/2022-09-26-MIT-Cassandra.parquet,TRUE,0,15.778370141983032,NA,
MOBS-GLEAM_COVID/2023-07-03-MOBS-GLEAM_COVID.parquet,TRUE,0,21.072513103485107,NA,
NotreDame-FRED/2020-08-03-NotreDame-FRED.parquet,TRUE,0,4.645663261413574,NA,
prolix-euclidean/2022-02-05-prolix-euclidean.parquet,TRUE,0,7.219089508056641,NA,
PSI-DRAFT/2021-03-22-PSI-DRAFT.parquet,TRUE,0,10.862953424453735,NA,
QJHong-Encounter/2022-08-08-QJHong-Encounter.parquet,TRUE,0,4.005556106567383,NA,
SDSC_ISG-TrendModel/2022-03-20-SDSC_ISG-TrendModel.parquet,TRUE,0,5.701716423034668,NA,
SteveMcConnell-CovidComplete/2022-02-21-SteveMcConnell-CovidComplete.parquet,TRUE,0,8.109636068344116,NA,
TTU-squider/2022-11-27-TTU-squider.parquet,TRUE,0,5.384850263595581,NA,
UChicagoCHATTOPADHYAY-UnIT/2020-11-08-UChicagoCHATTOPADHYAY-UnIT.parquet,FALSE,1,177.8393518924713,"?: Required task ID/output type/output type ID combinations missing.  
 See `missing` attribute for details.",
UCSD_NEU-DeepGLEAM/2021-07-05-UCSD_NEU-DeepGLEAM.parquet,TRUE,0,8.055123090744019,NA,
UMass-MechBayes/2021-04-04-UMass-MechBayes.parquet,TRUE,0,67.29810357093811,NA,
UMass-trends_ensemble/2023-01-09-UMass-trends_ensemble.parquet,TRUE,0,36.54495859146118,NA,
USACE-ERDC_SEIR/2020-08-24-USACE-ERDC_SEIR.parquet,TRUE,0,126.47976398468018,NA,
UT-Mobility/2020-11-02-UT-Mobility.parquet,TRUE,0,8.18279767036438,NA,
UVA-Ensemble/2022-02-14-UVA-Ensemble.parquet,TRUE,0,401.5180819034576,NA,
YYG-ParamSearch/2020-07-18-YYG-ParamSearch.parquet,TRUE,0,20.633634090423584,NA,
BPagano-RtDriven/2021-05-09-BPagano-RtDriven.parquet,TRUE,0,16.115556240081787,NA,
CEID-Walk/2022-09-05-CEID-Walk.parquet,TRUE,0,13.183616876602173,NA,
CMU-TimeSeries/2022-12-12-CMU-TimeSeries.parquet,TRUE,0,44.49845123291016,NA,
CovidAnalytics-DELPHI/2020-08-17-CovidAnalytics-DELPHI.parquet,TRUE,0,18.660298585891724,NA,
COVIDhub_CDC-ensemble/2022-04-11-COVIDhub_CDC-ensemble.parquet,TRUE,0,46.489652156829834,NA,
COVIDhub-4_week_ensemble/2022-02-07-COVIDhub-4_week_ensemble.parquet,TRUE,0,427.1548357009888,NA,
COVIDhub-baseline/2021-11-15-COVIDhub-baseline.parquet,TRUE,0,808.2959997653961,NA,
COVIDhub-ensemble/2021-08-30-COVIDhub-ensemble.parquet,TRUE,0,405.3414452075958,NA,
COVIDhub-trained_ensemble/2022-05-30-COVIDhub-trained_ensemble.parquet,TRUE,0,426.27939200401306,NA,
CU-nochange/2021-10-31-CU-nochange.parquet,TRUE,0,595.7685856819153,NA,
CU-scenario_low/2020-09-20-CU-scenario_low.parquet,TRUE,0,591.8062078952789,NA,
CU-scenario_mid/2020-12-27-CU-scenario_mid.parquet,TRUE,0,560.5224850177765,NA,
CU-select/2021-07-04-CU-select.parquet,TRUE,0,563.7268061637878,NA,
CUBoulder-COVIDLSTM/2022-09-25-CUBoulder-COVIDLSTM.parquet,TRUE,0,347.64295506477356,NA,
epiforecasts-ensemble1/2021-09-06-epiforecasts-ensemble1.parquet,TRUE,0,9.451549291610718,NA,
FAIR-NRAR/2021-07-07-FAIR-NRAR.parquet,TRUE,0,356.4526312351227,NA,
FRBSF_Wilson-Econometric/2021-11-29-FRBSF_Wilson-Econometric.parquet,TRUE,0,203.80009388923645,NA,
GT-DeepCOVID/2020-05-04-GT-DeepCOVID.parquet,TRUE,0,4.7181737422943115,NA,
HKUST-DNN/2022-03-28-HKUST-DNN.parquet,TRUE,0,6.516120672225952,NA,
IHME-CurveFit/2021-02-22-IHME-CurveFit.parquet,TRUE,0,204.13960456848145,NA,
JCB-PRM/2020-12-14-JCB-PRM.parquet,TRUE,0,26.684569358825684,NA,
JHU_IDD-CovidSP/2023-03-26-JHU_IDD-CovidSP.parquet,TRUE,0,22.248244524002075,NA,
JHUAPL-Gecko/2021-04-18-JHUAPL-Gecko.parquet,TRUE,0,49.18979048728943,NA,
Karlen-pypm/2020-12-27-Karlen-pypm.parquet,TRUE,0,59.68937277793884,NA,
LANL-GrowthRate/2020-05-21-LANL-GrowthRate.parquet,TRUE,0,6.4020819664001465,NA,
LosAlamos_NAU-CModel_SDVaxVar/2022-06-20-LosAlamos_NAU-CModel_SDVaxVar.parquet,TRUE,0,8.7341148853302,NA,
MIT_CritData-GBCF/2022-01-30-MIT_CritData-GBCF.parquet,TRUE,0,9.171055793762209,NA,
MIT-Cassandra/2022-10-03-MIT-Cassandra.parquet,TRUE,0,17.19653558731079,NA,
MOBS-GLEAM_COVID/2023-07-10-MOBS-GLEAM_COVID.parquet,TRUE,0,23.197974681854248,NA,
NotreDame-FRED/2020-08-10-NotreDame-FRED.parquet,TRUE,0,5.04449200630188,NA,
prolix-euclidean/2022-02-06-prolix-euclidean.parquet,TRUE,0,7.5714640617370605,NA,
PSI-DRAFT/2021-03-29-PSI-DRAFT.parquet,TRUE,0,12.124027252197266,NA,
QJHong-Encounter/2022-08-14-QJHong-Encounter.parquet,TRUE,0,4.435806751251221,NA,
SDSC_ISG-TrendModel/2022-03-27-SDSC_ISG-TrendModel.parquet,TRUE,0,6.335616588592529,NA,
SteveMcConnell-CovidComplete/2022-02-28-SteveMcConnell-CovidComplete.parquet,TRUE,0,8.920004844665527,NA,
TTU-squider/2022-12-04-TTU-squider.parquet,TRUE,0,6.033405065536499,NA,
UChicagoCHATTOPADHYAY-UnIT/2020-11-15-UChicagoCHATTOPADHYAY-UnIT.parquet,FALSE,1,188.50376677513125,"?: Required task ID/output type/output type ID combinations missing.  
 See `missing` attribute for details.",
UCSD_NEU-DeepGLEAM/2021-07-12-UCSD_NEU-DeepGLEAM.parquet,TRUE,0,9.080466508865356,NA,
UMass-MechBayes/2021-04-11-UMass-MechBayes.parquet,TRUE,0,125.54934167861938,NA,
UMass-trends_ensemble/2023-01-16-UMass-trends_ensemble.parquet,TRUE,0,43.15755271911621,NA,
USACE-ERDC_SEIR/2020-08-31-USACE-ERDC_SEIR.parquet,TRUE,0,135.0186128616333,NA,
UT-Mobility/2020-11-09-UT-Mobility.parquet,TRUE,0,9.182142972946169,NA,
UVA-Ensemble/2022-02-21-UVA-Ensemble.parquet,TRUE,0,425.1949381828308,NA,
YYG-ParamSearch/2020-07-19-YYG-ParamSearch.parquet,TRUE,0,23.22616672515869,NA,
BPagano-RtDriven/2021-05-16-BPagano-RtDriven.parquet,TRUE,0,15.968726873397827,NA,
CEID-Walk/2022-09-12-CEID-Walk.parquet,TRUE,0,13.180032014846802,NA,
CMU-TimeSeries/2022-12-19-CMU-TimeSeries.parquet,TRUE,0,42.35319542884827,NA,
CovidAnalytics-DELPHI/2020-08-24-CovidAnalytics-DELPHI.parquet,TRUE,0,18.30960774421692,NA,
COVIDhub_CDC-ensemble/2022-04-18-COVIDhub_CDC-ensemble.parquet,TRUE,0,47.6680212020874,NA,
COVIDhub-4_week_ensemble/2022-02-14-COVIDhub-4_week_ensemble.parquet,TRUE,0,403.0431001186371,NA,
COVIDhub-baseline/2021-11-22-COVIDhub-baseline.parquet,TRUE,0,767.2106175422668,NA,
COVIDhub-ensemble/2021-09-06-COVIDhub-ensemble.parquet,TRUE,0,213.56163620948792,NA,
COVIDhub-trained_ensemble/2022-06-06-COVIDhub-trained_ensemble.parquet,TRUE,0,397.4989504814148,NA,
CU-nochange/2021-11-07-CU-nochange.parquet,TRUE,0,568.1791422367096,NA,
CU-scenario_low/2020-09-24-CU-scenario_low.parquet,TRUE,0,593.6394817829132,NA,
CU-scenario_mid/2021-01-03-CU-scenario_mid.parquet,TRUE,0,562.9100563526154,NA,
CU-select/2021-07-11-CU-select.parquet,TRUE,0,554.627213716507,NA,
CUBoulder-COVIDLSTM/2022-10-09-CUBoulder-COVIDLSTM.parquet,TRUE,0,345.3565139770508,NA,
epiforecasts-ensemble1/2021-09-13-epiforecasts-ensemble1.parquet,TRUE,0,9.422367334365845,NA,
FAIR-NRAR/2021-07-08-FAIR-NRAR.parquet,TRUE,0,367.77274227142334,NA,
FRBSF_Wilson-Econometric/2021-12-06-FRBSF_Wilson-Econometric.parquet,TRUE,0,157.71024656295776,NA,
GT-DeepCOVID/2020-05-11-GT-DeepCOVID.parquet,TRUE,0,4.404449701309204,NA,
HKUST-DNN/2022-04-04-HKUST-DNN.parquet,TRUE,0,6.053149938583374,NA,
IHME-CurveFit/2021-02-25-IHME-CurveFit.parquet,TRUE,0,205.23620223999023,NA,
JCB-PRM/2020-12-21-JCB-PRM.parquet,TRUE,0,26.53129196166992,NA,
JHU_IDD-CovidSP/2023-04-02-JHU_IDD-CovidSP.parquet,TRUE,0,22.01144814491272,NA,
JHUAPL-Gecko/2021-04-25-JHUAPL-Gecko.parquet,TRUE,0,48.78287053108215,NA,
Karlen-pypm/2021-01-03-Karlen-pypm.parquet,TRUE,0,58.55324411392212,NA,
LANL-GrowthRate/2020-05-24-LANL-GrowthRate.parquet,TRUE,0,6.116585731506348,NA,
LUcompUncertLab-VAR_3streams/2022-04-25-LUcompUncertLab-VAR_3streams.parquet,TRUE,0,330.59484028816223,NA,
MIT_CritData-GBCF/2022-02-06-MIT_CritData-GBCF.parquet,TRUE,0,8.66526198387146,NA,
MIT-Cassandra/2022-10-10-MIT-Cassandra.parquet,TRUE,0,16.24057149887085,NA,
MOBS-GLEAM_COVID/2023-07-17-MOBS-GLEAM_COVID.parquet,TRUE,0,22.6558301448822,NA,
NotreDame-FRED/2020-08-17-NotreDame-FRED.parquet,TRUE,0,4.776534795761108,NA,
prolix-euclidean/2022-02-07-prolix-euclidean.parquet,TRUE,0,7.415920734405518,NA,
PSI-DRAFT/2021-04-05-PSI-DRAFT.parquet,TRUE,0,11.427777528762816,NA,
QJHong-Encounter/2022-08-21-QJHong-Encounter.parquet,TRUE,0,4.5714099407196045,NA,
SDSC_ISG-TrendModel/2022-04-03-SDSC_ISG-TrendModel.parquet,TRUE,0,6.136038541793823,NA,
SteveMcConnell-CovidComplete/2022-03-07-SteveMcConnell-CovidComplete.parquet,TRUE,0,8.690773248672485,NA,
TTU-squider/2022-12-11-TTU-squider.parquet,TRUE,0,5.761646747589111,NA,
UChicagoCHATTOPADHYAY-UnIT/2020-11-22-UChicagoCHATTOPADHYAY-UnIT.parquet,FALSE,1,182.79626607894895,"?: Required task ID/output type/output type ID combinations missing.  
 See `missing` attribute for details.",
UCSD_NEU-DeepGLEAM/2021-07-19-UCSD_NEU-DeepGLEAM.parquet,TRUE,0,8.659247159957886,NA,
UMass-MechBayes/2021-04-18-UMass-MechBayes.parquet,TRUE,0,120.15605092048644,NA,
UMass-trends_ensemble/2023-01-30-UMass-trends_ensemble.parquet,TRUE,0,40.90096592903137,NA,
USACE-ERDC_SEIR/2020-09-07-USACE-ERDC_SEIR.parquet,TRUE,0,136.92499899864197,NA,
UT-Mobility/2020-11-16-UT-Mobility.parquet,TRUE,0,9.345749139785768,NA,
UVA-Ensemble/2022-02-28-UVA-Ensemble.parquet,TRUE,0,456.80676674842834,NA,
YYG-ParamSearch/2020-07-20-YYG-ParamSearch.parquet,TRUE,0,22.18286418914795,NA,
BPagano-RtDriven/2021-05-23-BPagano-RtDriven.parquet,TRUE,0,15.896800756454468,NA,
CEID-Walk/2022-09-19-CEID-Walk.parquet,TRUE,0,13.0005202293396,NA,
CMU-TimeSeries/2022-12-26-CMU-TimeSeries.parquet,TRUE,0,42.805291175842285,NA,
CovidAnalytics-DELPHI/2020-08-31-CovidAnalytics-DELPHI.parquet,TRUE,0,18.583332777023315,NA,
COVIDhub_CDC-ensemble/2022-04-25-COVIDhub_CDC-ensemble.parquet,TRUE,0,45.62283182144165,NA,
COVIDhub-4_week_ensemble/2022-02-21-COVIDhub-4_week_ensemble.parquet,TRUE,0,395.2253928184509,NA,
COVIDhub-baseline/2021-11-29-COVIDhub-baseline.parquet,TRUE,0,802.2135405540466,NA,
COVIDhub-ensemble/2021-09-13-COVIDhub-ensemble.parquet,TRUE,0,226.04142713546753,NA,
COVIDhub-trained_ensemble/2022-06-13-COVIDhub-trained_ensemble.parquet,TRUE,0,433.50851559638977,NA,
CU-nochange/2021-11-14-CU-nochange.parquet,TRUE,0,594.7444643974304,NA,
CU-scenario_low/2020-09-27-CU-scenario_low.parquet,TRUE,0,573.8067090511322,NA,
CU-scenario_mid/2021-01-10-CU-scenario_mid.parquet,TRUE,0,575.2463328838348,NA,
CU-select/2021-07-18-CU-select.parquet,TRUE,0,563.4187297821045,NA,
CUBoulder-COVIDLSTM/2022-10-16-CUBoulder-COVIDLSTM.parquet,TRUE,0,341.8458614349365,NA,
epiforecasts-ensemble1/2021-09-20-epiforecasts-ensemble1.parquet,TRUE,0,9.10257363319397,NA,
FAIR-NRAR/2021-07-11-FAIR-NRAR.parquet,TRUE,0,379.49467754364014,NA,
FRBSF_Wilson-Econometric/2021-12-13-FRBSF_Wilson-Econometric.parquet,TRUE,0,161.79615259170532,NA,
GT-DeepCOVID/2020-05-18-GT-DeepCOVID.parquet,TRUE,0,4.92418909072876,NA,
HKUST-DNN/2022-04-11-HKUST-DNN.parquet,TRUE,0,6.2488744258880615,NA,
IHME-CurveFit/2021-03-15-IHME-CurveFit.parquet,TRUE,0,207.92890095710752,NA,
JCB-PRM/2020-12-28-JCB-PRM.parquet,TRUE,0,26.777759075164795,NA,
JHU_IDD-CovidSP/2023-04-09-JHU_IDD-CovidSP.parquet,TRUE,0,22.382351875305176,NA,
JHUAPL-Gecko/2021-05-02-JHUAPL-Gecko.parquet,TRUE,0,49.03344678878784,NA,
Karlen-pypm/2021-01-10-Karlen-pypm.parquet,TRUE,0,57.97286415100098,NA,
LANL-GrowthRate/2020-05-25-LANL-GrowthRate.parquet,TRUE,0,6.885847091674805,NA,
LUcompUncertLab-VAR_3streams/2022-05-02-LUcompUncertLab-VAR_3streams.parquet,TRUE,0,336.5735852718353,NA,
MIT_CritData-GBCF/2022-02-13-MIT_CritData-GBCF.parquet,TRUE,0,8.910671710968018,NA,
MIT-Cassandra/2022-10-24-MIT-Cassandra.parquet,TRUE,0,16.506237268447876,NA,
MOBS-GLEAM_COVID/2023-07-24-MOBS-GLEAM_COVID.parquet,TRUE,0,23.043506860733032,NA,
NotreDame-FRED/2020-08-24-NotreDame-FRED.parquet,TRUE,0,5.132539510726929,NA,
prolix-euclidean/2022-02-09-prolix-euclidean.parquet,TRUE,0,8.338053703308105,NA,
PSI-DRAFT/2021-04-12-PSI-DRAFT.parquet,TRUE,0,11.927964687347412,NA,
QJHong-Encounter/2022-08-29-QJHong-Encounter.parquet,TRUE,0,4.679173946380615,NA,
SDSC_ISG-TrendModel/2022-04-10-SDSC_ISG-TrendModel.parquet,TRUE,0,6.514864206314087,NA,
SteveMcConnell-CovidComplete/2022-03-14-SteveMcConnell-CovidComplete.parquet,TRUE,0,9.02927303314209,NA,
TTU-squider/2022-12-18-TTU-squider.parquet,TRUE,0,5.862739086151123,NA,
UChicagoCHATTOPADHYAY-UnIT/2020-11-29-UChicagoCHATTOPADHYAY-UnIT.parquet,FALSE,1,181.20800185203552,"?: Required task ID/output type/output type ID combinations missing.  
 See `missing` attribute for details.",
UCSD_NEU-DeepGLEAM/2021-07-26-UCSD_NEU-DeepGLEAM.parquet,TRUE,0,8.907322883605957,NA,
UMass-MechBayes/2021-04-25-UMass-MechBayes.parquet,TRUE,0,125.58506464958192,NA,
UMass-trends_ensemble/2023-02-06-UMass-trends_ensemble.parquet,TRUE,0,42.096307039260864,NA,
USACE-ERDC_SEIR/2020-09-14-USACE-ERDC_SEIR.parquet,TRUE,0,138.13619136810303,NA,
UT-Mobility/2020-11-23-UT-Mobility.parquet,TRUE,0,9.001306533813477,NA,
UVA-Ensemble/2022-03-07-UVA-Ensemble.parquet,TRUE,0,409.9042074680328,NA,
YYG-ParamSearch/2020-07-21-YYG-ParamSearch.parquet,TRUE,0,21.06048274040222,NA,
BPagano-RtDriven/2021-05-30-BPagano-RtDriven.parquet,TRUE,0,16.27078652381897,NA,
CEID-Walk/2022-09-26-CEID-Walk.parquet,TRUE,0,13.558405637741089,NA,
CMU-TimeSeries/2023-01-02-CMU-TimeSeries.parquet,TRUE,0,36.59992218017578,NA,
CovidAnalytics-DELPHI/2020-09-07-CovidAnalytics-DELPHI.parquet,TRUE,0,18.65783667564392,NA,
COVIDhub_CDC-ensemble/2022-05-02-COVIDhub_CDC-ensemble.parquet,TRUE,0,47.381235122680664,NA,
COVIDhub-4_week_ensemble/2022-02-28-COVIDhub-4_week_ensemble.parquet,TRUE,0,430.0941393375397,NA,
COVIDhub-baseline/2021-12-06-COVIDhub-baseline.parquet,TRUE,0,785.9310643672943,NA,
COVIDhub-ensemble/2021-09-20-COVIDhub-ensemble.parquet,TRUE,0,233.56177759170532,NA,
COVIDhub-trained_ensemble/2022-06-20-COVIDhub-trained_ensemble.parquet,TRUE,0,434.72541189193726,NA,
CU-nochange/2021-11-21-CU-nochange.parquet,TRUE,0,587.0466864109039,NA,
CU-scenario_low/2020-10-04-CU-scenario_low.parquet,TRUE,0,575.26489877700806,NA,
CU-scenario_mid/2021-01-17-CU-scenario_mid.parquet,TRUE,0,568.259868144989,NA,
CU-select/2021-07-25-CU-select.parquet,TRUE,0,586.2403898239136,NA,
CUBoulder-COVIDLSTM/2022-10-23-CUBoulder-COVIDLSTM.parquet,TRUE,0,360.90162086486816,NA,
epiforecasts-ensemble1/2021-09-27-epiforecasts-ensemble1.parquet,TRUE,0,9.589731693267822,NA,
FAIR-NRAR/2021-07-12-FAIR-NRAR.parquet,TRUE,0,367.8372256755829,NA,
FRBSF_Wilson-Econometric/2021-12-20-FRBSF_Wilson-Econometric.parquet,TRUE,0,171.16897654533386,NA,
GT-DeepCOVID/2020-05-25-GT-DeepCOVID.parquet,TRUE,0,5.526469707489014,NA,
HKUST-DNN/2022-04-18-HKUST-DNN.parquet,TRUE,0,6.367376327514648,NA,
IHME-CurveFit/2021-03-18-IHME-CurveFit.parquet,TRUE,0,208.66087651252747,NA,
JHU_CSSE-DECOM/2020-10-05-JHU_CSSE-DECOM.parquet,TRUE,0,11.02460789680481,NA,
JHU_IDD-CovidSP/2023-04-16-JHU_IDD-CovidSP.parquet,TRUE,0,22.06762433052063,NA,
JHUAPL-Gecko/2021-05-09-JHUAPL-Gecko.parquet,TRUE,0,52.23789048194885,NA,
Karlen-pypm/2021-01-17-Karlen-pypm.parquet,TRUE,0,61.522355794906616,NA,
LANL-GrowthRate/2020-05-28-LANL-GrowthRate.parquet,TRUE,0,6.2536985874176025,NA,
LUcompUncertLab-VAR_3streams/2022-05-09-LUcompUncertLab-VAR_3streams.parquet,TRUE,0,313.1163024902344,NA,
MIT_CritData-GBCF/2022-02-20-MIT_CritData-GBCF.parquet,TRUE,0,8.972970247268677,NA,
MIT-Cassandra/2022-10-31-MIT-Cassandra.parquet,TRUE,0,16.839627981185913,NA,
MOBS-GLEAM_COVID/2023-07-31-MOBS-GLEAM_COVID.parquet,TRUE,0,22.971733331680294,NA,
NotreDame-FRED/2020-08-31-NotreDame-FRED.parquet,TRUE,0,4.935226917266846,NA,
prolix-euclidean/2022-02-10-prolix-euclidean.parquet,TRUE,0,7.762976884841919,NA,
PSI-DRAFT/2021-04-19-PSI-DRAFT.parquet,TRUE,0,11.419819831848145,NA,
QJHong-Encounter/2022-09-05-QJHong-Encounter.parquet,TRUE,0,4.397805213928223,NA,
SDSC_ISG-TrendModel/2022-04-17-SDSC_ISG-TrendModel.parquet,TRUE,0,6.063441038131714,NA,
SteveMcConnell-CovidComplete/2022-03-21-SteveMcConnell-CovidComplete.parquet,TRUE,0,8.595982789993286,NA,
TTU-squider/2022-12-25-TTU-squider.parquet,TRUE,0,5.963556289672852,NA,
UChicagoCHATTOPADHYAY-UnIT/2020-12-06-UChicagoCHATTOPADHYAY-UnIT.parquet,FALSE,1,186.69367504119873,"?: Required task ID/output type/output type ID combinations missing.  
 See `missing` attribute for details.",
UCSD_NEU-DeepGLEAM/2021-08-02-UCSD_NEU-DeepGLEAM.parquet,TRUE,0,8.696875810623169,NA,
UMass-MechBayes/2021-05-02-UMass-MechBayes.parquet,TRUE,0,120.36757040023804,NA,
UMass-trends_ensemble/2023-02-13-UMass-trends_ensemble.parquet,TRUE,0,44.58361053466797,NA,
USACE-ERDC_SEIR/2020-09-21-USACE-ERDC_SEIR.parquet,TRUE,0,141.49464893341064,NA,
UT-Mobility/2020-11-30-UT-Mobility.parquet,TRUE,0,9.14943504333496,NA,
UVA-Ensemble/2022-03-14-UVA-Ensemble.parquet,TRUE,0,412.1903393268585,NA,
YYG-ParamSearch/2020-07-22-YYG-ParamSearch.parquet,TRUE,0,21.776990175247192,NA,
BPagano-RtDriven/2021-06-06-BPagano-RtDriven.parquet,TRUE,0,16.21042513847351,NA,
CEID-Walk/2022-10-17-CEID-Walk.parquet,TRUE,0,13.3729407787323,NA,
CMU-TimeSeries/2023-01-09-CMU-TimeSeries.parquet,TRUE,0,40.981114864349365,NA,
CovidAnalytics-DELPHI/2020-09-14-CovidAnalytics-DELPHI.parquet,TRUE,0,18.539765119552612,NA,
COVIDhub_CDC-ensemble/2022-05-09-COVIDhub_CDC-ensemble.parquet,TRUE,0,45.247169971466064,NA,
COVIDhub-4_week_ensemble/2022-03-07-COVIDhub-4_week_ensemble.parquet,TRUE,0,403.9452087879181,NA,
COVIDhub-baseline/2021-12-13-COVIDhub-baseline.parquet,TRUE,0,771.1673934459686,NA,
COVIDhub-ensemble/2021-09-27-COVIDhub-ensemble.parquet,TRUE,0,113.5774552822113,NA,
COVIDhub-trained_ensemble/2022-06-27-COVIDhub-trained_ensemble.parquet,TRUE,0,403.90337896347046,NA,
CU-nochange/2021-11-28-CU-nochange.parquet,TRUE,0,577.7000894546509,NA,
CU-scenario_low/2020-10-08-CU-scenario_low.parquet,TRUE,0,584.2623460292816,NA,
CU-scenario_mid/2021-01-24-CU-scenario_mid.parquet,TRUE,0,549.2288284301758,NA,
CU-select/2021-08-01-CU-select.parquet,TRUE,0,567.126989364624,NA,
CUBoulder-COVIDLSTM/2022-10-30-CUBoulder-COVIDLSTM.parquet,TRUE,0,335.2802140712738,NA,
epiforecasts-ensemble1/2021-10-04-epiforecasts-ensemble1.parquet,TRUE,0,8.927996158599854,NA,
FAIR-NRAR/2021-07-13-FAIR-NRAR.parquet,TRUE,0,350.55466961860657,NA,
FRBSF_Wilson-Econometric/2021-12-27-FRBSF_Wilson-Econometric.parquet,TRUE,0,148.7003993988037,NA,
GT-DeepCOVID/2020-06-01-GT-DeepCOVID.parquet,TRUE,0,5.6604015827178955,NA,
HKUST-DNN/2022-04-25-HKUST-DNN.parquet,TRUE,0,6.215255260467529,NA,
IHME-CurveFit/2021-03-25-IHME-CurveFit.parquet,TRUE,0,202.85118055343628,NA,
JHU_CSSE-DECOM/2020-10-19-JHU_CSSE-DECOM.parquet,TRUE,0,14.187775373458862,NA,
JHU_IDD-CovidSP/2023-04-23-JHU_IDD-CovidSP.parquet,TRUE,0,21.455224752426147,NA,
JHUAPL-Gecko/2021-05-16-JHUAPL-Gecko.parquet,TRUE,0,49.3482551574707,NA,
Karlen-pypm/2021-01-24-Karlen-pypm.parquet,TRUE,0,59.44320583343506,NA,
LANL-GrowthRate/2020-06-01-LANL-GrowthRate.parquet,TRUE,0,6.75513482093811,NA,
LUcompUncertLab-VAR_3streams/2022-05-16-LUcompUncertLab-VAR_3streams.parquet,TRUE,0,324.9786593914032,NA,
MIT_CritData-GBCF/2022-02-27-MIT_CritData-GBCF.parquet,TRUE,0,8.482996940612793,NA,
MIT-Cassandra/2022-11-07-MIT-Cassandra.parquet,TRUE,0,15.74904179573059,NA,
MOBS-GLEAM_COVID/2023-08-07-MOBS-GLEAM_COVID.parquet,TRUE,0,22.45958137512207,NA,
NotreDame-FRED/2020-09-07-NotreDame-FRED.parquet,TRUE,0,4.79233455657959,NA,
prolix-euclidean/2022-02-11-prolix-euclidean.parquet,TRUE,0,7.639313697814941,NA,
PSI-DRAFT/2021-04-26-PSI-DRAFT.parquet,TRUE,0,11.194437742233276,NA,
QJHong-Encounter/2022-09-11-QJHong-Encounter.parquet,TRUE,0,4.042271852493286,NA,
SDSC_ISG-TrendModel/2022-04-24-SDSC_ISG-TrendModel.parquet,TRUE,0,5.9866204261779785,NA,
SteveMcConnell-CovidComplete/2022-03-28-SteveMcConnell-CovidComplete.parquet,TRUE,0,8.669941425323486,NA,
TTU-squider/2023-01-01-TTU-squider.parquet,TRUE,0,5.706178426742554,NA,
UChicagoCHATTOPADHYAY-UnIT/2020-12-13-UChicagoCHATTOPADHYAY-UnIT.parquet,FALSE,1,175.957017660141,"?: Required task ID/output type/output type ID combinations missing.  
 See `missing` attribute for details.",
UCSD_NEU-DeepGLEAM/2021-08-09-UCSD_NEU-DeepGLEAM.parquet,TRUE,0,8.533333539962769,NA,
UMass-MechBayes/2021-05-09-UMass-MechBayes.parquet,TRUE,0,9.146735668182371,NA,
UMass-trends_ensemble/2023-02-20-UMass-trends_ensemble.parquet,TRUE,0,38.35669445991516,NA,
USACE-ERDC_SEIR/2020-10-12-USACE-ERDC_SEIR.parquet,TRUE,0,128.42389917373657,NA,
UT-Mobility/2020-12-07-UT-Mobility.parquet,TRUE,0,8.773675441741943,NA,
UVA-Ensemble/2022-03-21-UVA-Ensemble.parquet,TRUE,0,419.0417630672455,NA,
YYG-ParamSearch/2020-07-23-YYG-ParamSearch.parquet,TRUE,0,20.67116665840149,NA,
BPagano-RtDriven/2021-06-13-BPagano-RtDriven.parquet,TRUE,0,17.65958571434021,NA,
CEID-Walk/2022-10-31-CEID-Walk.parquet,TRUE,0,14.20181441307068,NA,
CMU-TimeSeries/2023-01-16-CMU-TimeSeries.parquet,TRUE,0,44.730141401290894,NA,
CovidAnalytics-DELPHI/2020-09-21-CovidAnalytics-DELPHI.parquet,TRUE,0,19.992276906967163,NA,
COVIDhub_CDC-ensemble/2022-05-16-COVIDhub_CDC-ensemble.parquet,TRUE,0,48.18229961395264,NA,
COVIDhub-4_week_ensemble/2022-03-14-COVIDhub-4_week_ensemble.parquet,TRUE,0,478.98693895339966,NA,
COVIDhub-baseline/2021-12-20-COVIDhub-baseline.parquet,TRUE,0,914.650899887085,NA,
COVIDhub-ensemble/2021-10-04-COVIDhub-ensemble.parquet,TRUE,0,134.59569096565247,NA,
COVIDhub-trained_ensemble/2022-07-04-COVIDhub-trained_ensemble.parquet,TRUE,0,492.84007835388184,NA,
CU-nochange/2021-12-05-CU-nochange.parquet,TRUE,0,660.3911385536194,NA,
CU-scenario_low/2020-10-11-CU-scenario_low.parquet,TRUE,0,658.9095313549042,NA,
CU-scenario_mid/2021-01-31-CU-scenario_mid.parquet,TRUE,0,664.0601925849915,NA,
CU-select/2021-08-08-CU-select.parquet,TRUE,0,662.2998614311218,NA,
CUBoulder-COVIDLSTM/2022-11-06-CUBoulder-COVIDLSTM.parquet,TRUE,0,394.0109808444977,NA,
epiforecasts-ensemble1/2021-10-11-epiforecasts-ensemble1.parquet,TRUE,0,10.168883085250854,NA,
FAIR-NRAR/2021-07-14-FAIR-NRAR.parquet,TRUE,0,420.9281198978424,NA,
FRBSF_Wilson-Econometric/2022-01-03-FRBSF_Wilson-Econometric.parquet,TRUE,0,174.24113273620603,NA,
GT-DeepCOVID/2020-06-08-GT-DeepCOVID.parquet,TRUE,0,6.117380619049072,NA,
HKUST-DNN/2022-05-02-HKUST-DNN.parquet,TRUE,0,7.038846731185913,NA,
IHME-CurveFit/2021-04-01-IHME-CurveFit.parquet,TRUE,0,236.00061464309692,NA,
JHU_CSSE-DECOM/2020-10-25-JHU_CSSE-DECOM.parquet,TRUE,0,16.877586126327515,NA,
JHU_IDD-CovidSP/2023-04-30-JHU_IDD-CovidSP.parquet,TRUE,0,25.45642638206482,NA,
JHUAPL-Gecko/2021-05-23-JHUAPL-Gecko.parquet,TRUE,0,61.92843079566955,NA,
Karlen-pypm/2021-01-31-Karlen-pypm.parquet,TRUE,0,70.14529299736023,NA,
LANL-GrowthRate/2020-06-04-LANL-GrowthRate.parquet,TRUE,0,7.219453811645508,NA,
LUcompUncertLab-VAR_3streams/2022-05-23-LUcompUncertLab-VAR_3streams.parquet,TRUE,0,380.902765750885,NA,
MIT_CritData-GBCF/2022-03-06-MIT_CritData-GBCF.parquet,TRUE,0,9.65561556816101,NA,
MIT-Cassandra/2022-11-14-MIT-Cassandra.parquet,TRUE,0,18.483159065246586,NA,
MOBS-GLEAM_COVID/2023-08-14-MOBS-GLEAM_COVID.parquet,TRUE,0,25.98694372177124,NA,
NotreDame-FRED/2020-09-14-NotreDame-FRED.parquet,TRUE,0,5.325502395629883,NA,
prolix-euclidean/2022-02-14-prolix-euclidean.parquet,TRUE,0,8.661303758621216,NA,
PSI-DRAFT/2021-05-03-PSI-DRAFT.parquet,TRUE,0,12.826031923294067,NA,
QJHong-Encounter/2022-09-19-QJHong-Encounter.parquet,TRUE,0,5.269277095794678,NA,
SDSC_ISG-TrendModel/2022-05-01-SDSC_ISG-TrendModel.parquet,TRUE,0,7.760801076889038,NA,
SteveMcConnell-CovidComplete/2022-04-04-SteveMcConnell-CovidComplete.parquet,TRUE,0,11.360625505447388,NA,
TTU-squider/2023-01-08-TTU-squider.parquet,TRUE,0,7.131633043289185,NA,
UChicagoCHATTOPADHYAY-UnIT/2020-12-20-UChicagoCHATTOPADHYAY-UnIT.parquet,FALSE,1,243.3888111114502,"?: Required task ID/output type/output type ID combinations missing.  
 See `missing` attribute for details.",
UCSD_NEU-DeepGLEAM/2021-08-16-UCSD_NEU-DeepGLEAM.parquet,TRUE,0,10.557900190353394,NA,
UMass-MechBayes/2021-05-16-UMass-MechBayes.parquet,TRUE,0,11.238372564315796,NA,
UMass-trends_ensemble/2023-02-27-UMass-trends_ensemble.parquet,TRUE,0,53.18302917480469,NA,
USC-SI_kJalpha_RF/2020-11-01-USC-SI_kJalpha_RF.parquet,TRUE,0,18.85601592063904,NA,
UT-Mobility/2020-12-14-UT-Mobility.parquet,TRUE,0,10.462323188781738,NA,
UVA-Ensemble/2022-03-28-UVA-Ensemble.parquet,TRUE,0,520.9849500656128,NA,
YYG-ParamSearch/2020-07-24-YYG-ParamSearch.parquet,TRUE,0,24.73914051055908,NA,
BPagano-RtDriven/2021-06-20-BPagano-RtDriven.parquet,TRUE,0,16.938004732131958,NA,
CEID-Walk/2022-11-07-CEID-Walk.parquet,TRUE,0,13.458221435546877,NA,
CMU-TimeSeries/2023-01-23-CMU-TimeSeries.parquet,TRUE,0,38.87401461601257,NA,
CovidAnalytics-DELPHI/2020-09-28-CovidAnalytics-DELPHI.parquet,TRUE,0,22.88675618171692,NA,
COVIDhub_CDC-ensemble/2022-05-23-COVIDhub_CDC-ensemble.parquet,TRUE,0,47.20689272880554,NA,
COVIDhub-4_week_ensemble/2022-03-21-COVIDhub-4_week_ensemble.parquet,TRUE,0,436.1726906299591,NA,
COVIDhub-baseline/2021-12-27-COVIDhub-baseline.parquet,TRUE,0,829.9300353527069,NA,
COVIDhub-ensemble/2021-10-11-COVIDhub-ensemble.parquet,TRUE,0,122.462012052536,NA,
COVIDhub-trained_ensemble/2022-07-11-COVIDhub-trained_ensemble.parquet,TRUE,0,422.24626445770264,NA,
CU-nochange/2021-12-12-CU-nochange.parquet,TRUE,0,597.5690195560455,NA,
CU-scenario_low/2020-10-15-CU-scenario_low.parquet,TRUE,0,598.5016853809357,NA,
CU-scenario_mid/2021-02-07-CU-scenario_mid.parquet,TRUE,0,603.0246558189392,NA,
CU-select/2021-08-15-CU-select.parquet,TRUE,0,602.39253282547,NA,
CUBoulder-COVIDLSTM/2022-11-13-CUBoulder-COVIDLSTM.parquet,TRUE,0,358.38349175453186,NA,
epiforecasts-ensemble1/2021-10-18-epiforecasts-ensemble1.parquet,TRUE,0,9.693020343780518,NA,
FAIR-NRAR/2021-07-15-FAIR-NRAR.parquet,TRUE,0,378.9694459438324,NA,
FRBSF_Wilson-Econometric/2022-01-10-FRBSF_Wilson-Econometric.parquet,TRUE,0,155.776371717453,NA,
GT-DeepCOVID/2020-06-15-GT-DeepCOVID.parquet,TRUE,0,6.097599029541016,NA,
HKUST-DNN/2022-05-09-HKUST-DNN.parquet,TRUE,0,6.528677225112915,NA,
IHME-CurveFit/2021-04-16-IHME-CurveFit.parquet,TRUE,0,214.1442074775696,NA,
JHU_CSSE-DECOM/2020-11-01-JHU_CSSE-DECOM.parquet,TRUE,0,15.006287097930908,NA,
JHU_IDD-CovidSP/2023-05-07-JHU_IDD-CovidSP.parquet,TRUE,0,22.929057836532593,NA,
JHUAPL-Gecko/2021-05-30-JHUAPL-Gecko.parquet,TRUE,0,51.9654335975647,NA,
Karlen-pypm/2021-02-07-Karlen-pypm.parquet,TRUE,0,59.86195254325867,NA,
LANL-GrowthRate/2020-06-08-LANL-GrowthRate.parquet,TRUE,0,7.0556230545043945,NA,
LUcompUncertLab-VAR_3streams/2022-05-30-LUcompUncertLab-VAR_3streams.parquet,TRUE,0,347.5015285015106,NA,
MIT_CritData-GBCF/2022-03-13-MIT_CritData-GBCF.parquet,TRUE,0,9.051730155944824,NA,
MIT-Cassandra/2022-11-21-MIT-Cassandra.parquet,TRUE,0,17.460896968841553,NA,
MOBS-GLEAM_COVID/2023-08-21-MOBS-GLEAM_COVID.parquet,TRUE,0,23.72266173362732,NA,
NotreDame-FRED/2020-09-21-NotreDame-FRED.parquet,TRUE,0,5.000238656997681,NA,
prolix-euclidean/2022-02-15-prolix-euclidean.parquet,TRUE,0,8.532847166061401,NA,
PSI-DRAFT/2021-05-10-PSI-DRAFT.parquet,TRUE,0,12.510138750076294,NA,
QJHong-Encounter/2022-09-25-QJHong-Encounter.parquet,TRUE,0,4.573136329650879,NA,
SDSC_ISG-TrendModel/2022-05-08-SDSC_ISG-TrendModel.parquet,TRUE,0,6.830039024353027,NA,
SteveMcConnell-CovidComplete/2022-04-11-SteveMcConnell-CovidComplete.parquet,TRUE,0,9.612785339355469,NA,
TTU-squider/2023-01-15-TTU-squider.parquet,TRUE,0,6.400891065597534,NA,
UChicagoCHATTOPADHYAY-UnIT/2021-01-03-UChicagoCHATTOPADHYAY-UnIT.parquet,FALSE,1,196.9669833183289,"?: Required task ID/output type/output type ID combinations missing.  
 See `missing` attribute for details.",
UCSD_NEU-DeepGLEAM/2021-08-23-UCSD_NEU-DeepGLEAM.parquet,TRUE,0,9.71239948272705,NA,
UMass-MechBayes/2021-05-23-UMass-MechBayes.parquet,TRUE,0,10.10820460319519,NA,
UMass-trends_ensemble/2023-03-06-UMass-trends_ensemble.parquet,TRUE,0,24.540509700775143,NA,
USC-SI_kJalpha_RF/2020-11-08-USC-SI_kJalpha_RF.parquet,TRUE,0,16.732633352279663,NA,
UT-Mobility/2020-12-21-UT-Mobility.parquet,TRUE,0,9.435399055480955,NA,
UVA-Ensemble/2022-04-04-UVA-Ensemble.parquet,TRUE,0,447.3574831485748,NA,
YYG-ParamSearch/2020-07-25-YYG-ParamSearch.parquet,TRUE,0,25.431395292282104,NA,
BPagano-RtDriven/2021-06-27-BPagano-RtDriven.parquet,TRUE,0,16.365533113479614,NA,
CEID-Walk/2022-11-14-CEID-Walk.parquet,TRUE,0,13.512163877487184,NA,
CMU-TimeSeries/2023-01-30-CMU-TimeSeries.parquet,TRUE,0,39.897178411483765,NA,
CovidAnalytics-DELPHI/2020-10-05-CovidAnalytics-DELPHI.parquet,TRUE,0,20.62450861930847,NA,
COVIDhub_CDC-ensemble/2022-05-30-COVIDhub_CDC-ensemble.parquet,TRUE,0,47.377485513687134,NA,
COVIDhub-4_week_ensemble/2022-03-28-COVIDhub-4_week_ensemble.parquet,TRUE,0,407.80022835731506,NA,
COVIDhub-baseline/2022-01-03-COVIDhub-baseline.parquet,TRUE,0,796.3967618942261,NA,
COVIDhub-ensemble/2021-10-18-COVIDhub-ensemble.parquet,TRUE,0,115.9256796836853,NA,
COVIDhub-trained_ensemble/2022-07-18-COVIDhub-trained_ensemble.parquet,TRUE,0,428.6366677284241,NA,
CU-nochange/2021-12-19-CU-nochange.parquet,TRUE,0,597.147513628006,NA,
CU-scenario_low/2020-10-18-CU-scenario_low.parquet,TRUE,0,583.9688675403595,NA,
CU-scenario_mid/2021-02-14-CU-scenario_mid.parquet,TRUE,0,587.576860666275,NA,
CU-select/2021-08-22-CU-select.parquet,TRUE,0,597.0022025108337,NA,
CUBoulder-COVIDLSTM/2022-11-20-CUBoulder-COVIDLSTM.parquet,TRUE,0,355.5036919116974,NA,
epiforecasts-ensemble1/2021-10-25-epiforecasts-ensemble1.parquet,TRUE,0,9.438211679458618,NA,
FAIR-NRAR/2021-07-19-FAIR-NRAR.parquet,TRUE,0,389.51441407203674,NA,
FRBSF_Wilson-Econometric/2022-01-17-FRBSF_Wilson-Econometric.parquet,TRUE,0,199.50732159614563,NA,
GT-DeepCOVID/2020-06-22-GT-DeepCOVID.parquet,TRUE,0,6.666980743408203,NA,
HKUST-DNN/2022-05-16-HKUST-DNN.parquet,TRUE,0,6.726249933242798,NA,
IHME-CurveFit/2021-04-23-IHME-CurveFit.parquet,TRUE,0,212.1734709739685,NA,
JHU_CSSE-DECOM/2020-11-08-JHU_CSSE-DECOM.parquet,TRUE,0,15.304508686065674,NA,
JHU_IDD-CovidSP/2023-05-14-JHU_IDD-CovidSP.parquet,TRUE,0,23.2691011428833,NA,
JHUAPL-Gecko/2021-06-06-JHUAPL-Gecko.parquet,TRUE,0,53.92881989479065,NA,
Karlen-pypm/2021-02-14-Karlen-pypm.parquet,TRUE,0,59.674885749816895,NA,
LANL-GrowthRate/2020-06-11-LANL-GrowthRate.parquet,TRUE,0,10.661756753921509,NA,
LUcompUncertLab-VAR_3streams/2022-06-06-LUcompUncertLab-VAR_3streams.parquet,TRUE,0,326.108647108078,NA,
MIT_CritData-GBCF/2022-03-20-MIT_CritData-GBCF.parquet,TRUE,0,9.111005067825316,NA,
MIT-Cassandra/2022-12-12-MIT-Cassandra.parquet,TRUE,0,16.90341329574585,NA,
MOBS-GLEAM_COVID/2023-08-28-MOBS-GLEAM_COVID.parquet,TRUE,0,23.25915503501892,NA,
NotreDame-FRED/2020-09-28-NotreDame-FRED.parquet,TRUE,0,4.887815713882446,NA,
prolix-euclidean/2022-02-16-prolix-euclidean.parquet,TRUE,0,7.4242777824401855,NA,
PSI-DRAFT/2021-05-17-PSI-DRAFT.parquet,TRUE,0,10.631675004959106,NA,
QJHong-Encounter/2022-10-02-QJHong-Encounter.parquet,TRUE,0,4.281268358230591,NA,
SDSC_ISG-TrendModel/2022-05-15-SDSC_ISG-TrendModel.parquet,TRUE,0,6.940236330032349,NA,
SteveMcConnell-CovidComplete/2022-04-18-SteveMcConnell-CovidComplete.parquet,TRUE,0,9.275514125823976,NA,
TTU-squider/2023-01-22-TTU-squider.parquet,TRUE,0,6.015714406967163,NA,
UChicagoCHATTOPADHYAY-UnIT/2021-01-10-UChicagoCHATTOPADHYAY-UnIT.parquet,FALSE,1,205.2842319011688,"?: Required task ID/output type/output type ID combinations missing.  
 See `missing` attribute for details.",
UCSD_NEU-DeepGLEAM/2021-08-30-UCSD_NEU-DeepGLEAM.parquet,TRUE,0,9.599976062774658,NA,
UMass-MechBayes/2021-05-30-UMass-MechBayes.parquet,TRUE,0,10.0426607131958,NA,
UMass-trends_ensemble/2023-03-20-UMass-trends_ensemble.parquet,TRUE,0,23.58351993560791,NA,
USC-SI_kJalpha/2020-06-23-USC-SI_kJalpha.parquet,TRUE,0,9.307740926742554,NA,
UT-Mobility/2021-01-11-UT-Mobility.parquet,TRUE,0,9.653001070022585,NA,
UVA-Ensemble/2022-04-11-UVA-Ensemble.parquet,TRUE,0,447.67810893058777,NA,
YYG-ParamSearch/2020-07-26-YYG-ParamSearch.parquet,TRUE,0,23.847820043563843,NA,
BPagano-RtDriven/2021-07-04-BPagano-RtDriven.parquet,TRUE,0,17.832173585891724,NA,
CEID-Walk/2022-11-21-CEID-Walk.parquet,TRUE,0,14.79564356803894,NA,
CMU-TimeSeries/2023-02-06-CMU-TimeSeries.parquet,TRUE,0,49.532784938812256,NA,
CovidAnalytics-DELPHI/2020-10-12-CovidAnalytics-DELPHI.parquet,TRUE,0,25.20272135734558,NA,
COVIDhub_CDC-ensemble/2022-06-06-COVIDhub_CDC-ensemble.parquet,TRUE,0,48.98410749435425,NA,
COVIDhub-4_week_ensemble/2022-04-04-COVIDhub-4_week_ensemble.parquet,TRUE,0,463.2345235347748,NA,
COVIDhub-baseline/2022-01-10-COVIDhub-baseline.parquet,TRUE,0,876.1794698238373,NA,
COVIDhub-ensemble/2021-10-25-COVIDhub-ensemble.parquet,TRUE,0,127.67392802238464,NA,
COVIDhub-trained_ensemble/2022-07-25-COVIDhub-trained_ensemble.parquet,TRUE,0,472.349782705307,NA,
CU-nochange/2021-12-26-CU-nochange.parquet,TRUE,0,653.5053992271423,NA,
CU-scenario_low/2020-10-22-CU-scenario_low.parquet,TRUE,0,639.3545141220093,NA,
CU-scenario_mid/2021-02-21-CU-scenario_mid.parquet,TRUE,0,631.7005417346954,NA,
CU-select/2021-08-29-CU-select.parquet,TRUE,0,637.1031024456024,NA,
CUBoulder-COVIDLSTM/2022-11-27-CUBoulder-COVIDLSTM.parquet,TRUE,0,383.7064507007599,NA,
epiforecasts-ensemble1/2021-11-08-epiforecasts-ensemble1.parquet,TRUE,0,9.863292455673218,NA,
FAIR-NRAR/2021-07-20-FAIR-NRAR.parquet,TRUE,0,398.9402146339417,NA,
FRBSF_Wilson-Econometric/2022-01-24-FRBSF_Wilson-Econometric.parquet,TRUE,0,225.31180477142337,NA,
GT-DeepCOVID/2020-06-29-GT-DeepCOVID.parquet,TRUE,0,6.616247653961182,NA,
HKUST-DNN/2022-05-23-HKUST-DNN.parquet,TRUE,0,6.881353139877319,NA,
IHME-CurveFit/2021-05-07-IHME-CurveFit.parquet,TRUE,0,231.8402178287506,NA,
JHU_CSSE-DECOM/2020-11-15-JHU_CSSE-DECOM.parquet,TRUE,0,16.093318462371826,NA,
JHU_IDD-CovidSP/2023-05-21-JHU_IDD-CovidSP.parquet,TRUE,0,23.639206647872925,NA,
JHUAPL-Gecko/2021-06-13-JHUAPL-Gecko.parquet,TRUE,0,57.8013710975647,NA,
Karlen-pypm/2021-02-21-Karlen-pypm.parquet,TRUE,0,66.42307209968567,NA,
LANL-GrowthRate/2020-06-14-LANL-GrowthRate.parquet,TRUE,0,10.875391006469728,NA,
LUcompUncertLab-VAR_3streams/2022-06-13-LUcompUncertLab-VAR_3streams.parquet,TRUE,0,358.32119703292847,NA,
MIT_CritData-GBCF/2022-03-27-MIT_CritData-GBCF.parquet,TRUE,0,9.974021196365356,NA,
MIT-Cassandra/2022-12-19-MIT-Cassandra.parquet,TRUE,0,19.088497400283813,NA,
MOBS-GLEAM_COVID/2023-09-04-MOBS-GLEAM_COVID.parquet,TRUE,0,26.712770223617554,NA,
NotreDame-FRED/2020-10-05-NotreDame-FRED.parquet,TRUE,0,5.649585008621216,NA,
prolix-euclidean/2022-02-17-prolix-euclidean.parquet,TRUE,0,8.769657135009766,NA,
PSI-DRAFT/2021-05-24-PSI-DRAFT.parquet,TRUE,0,12.054741144180298,NA,
QJHong-Encounter/2022-10-10-QJHong-Encounter.parquet,TRUE,0,4.831865310668945,NA,
SDSC_ISG-TrendModel/2022-05-22-SDSC_ISG-TrendModel.parquet,TRUE,0,6.87591290473938,NA,
SteveMcConnell-CovidComplete/2022-04-25-SteveMcConnell-CovidComplete.parquet,TRUE,0,10.004798889160156,NA,
TTU-squider/2023-01-29-TTU-squider.parquet,TRUE,0,6.519039869308472,NA,
UChicagoCHATTOPADHYAY-UnIT/2021-01-17-UChicagoCHATTOPADHYAY-UnIT.parquet,FALSE,1,210.12815165519712,"?: Required task ID/output type/output type ID combinations missing.  
 See `missing` attribute for details.",
UCSD_NEU-DeepGLEAM/2021-09-06-UCSD_NEU-DeepGLEAM.parquet,TRUE,0,9.368324279785156,NA,
UMass-MechBayes/2021-06-06-UMass-MechBayes.parquet,TRUE,0,9.998751163482666,NA,
UMass-trends_ensemble/2023-03-27-UMass-trends_ensemble.parquet,TRUE,0,23.076180458068848,NA,
USC-SI_kJalpha/2020-06-27-USC-SI_kJalpha.parquet,TRUE,0,10.259269714355469,NA,
UT-Mobility/2021-01-25-UT-Mobility.parquet,TRUE,0,9.597338438034058,NA,
UVA-Ensemble/2022-04-18-UVA-Ensemble.parquet,TRUE,0,481.04348492622375,NA,
YYG-ParamSearch/2020-07-27-YYG-ParamSearch.parquet,TRUE,0,24.380578756332397,NA,
BPagano-RtDriven/2021-07-11-BPagano-RtDriven.parquet,TRUE,0,17.708082914352417,NA,
CEID-Walk/2022-11-28-CEID-Walk.parquet,TRUE,0,14.722780704498293,NA,
CMU-TimeSeries/2023-02-13-CMU-TimeSeries.parquet,TRUE,0,44.75580716133118,NA,
CovidAnalytics-DELPHI/2020-10-19-CovidAnalytics-DELPHI.parquet,TRUE,0,24.068334817886353,NA,
COVIDhub_CDC-ensemble/2022-06-13-COVIDhub_CDC-ensemble.parquet,TRUE,0,47.307586908340454,NA,
COVIDhub-4_week_ensemble/2022-04-11-COVIDhub-4_week_ensemble.parquet,TRUE,0,428.268741607666,NA,
COVIDhub-baseline/2022-01-17-COVIDhub-baseline.parquet,TRUE,0,850.7988288402557,NA,
COVIDhub-ensemble/2021-11-01-COVIDhub-ensemble.parquet,TRUE,0,124.793851852417,NA,
COVIDhub-trained_ensemble/2022-08-01-COVIDhub-trained_ensemble.parquet,TRUE,0,456.16195487976074,NA,
CU-nochange/2022-01-02-CU-nochange.parquet,TRUE,0,653.9113552570343,NA,
CU-scenario_low/2020-10-25-CU-scenario_low.parquet,TRUE,0,607.0189321041107,NA,
CU-scenario_mid/2021-02-28-CU-scenario_mid.parquet,TRUE,0,616.8280577659607,NA,
CU-select/2021-09-05-CU-select.parquet,TRUE,0,623.7753372192383,NA,
CUBoulder-COVIDLSTM/2022-12-04-CUBoulder-COVIDLSTM.parquet,TRUE,0,370.47416472435,NA,
epiforecasts-ensemble1/2021-11-15-epiforecasts-ensemble1.parquet,TRUE,0,9.74621081352234,NA,
FAIR-NRAR/2021-07-21-FAIR-NRAR.parquet,TRUE,0,384.52811765670776,NA,
FRBSF_Wilson-Econometric/2022-01-31-FRBSF_Wilson-Econometric.parquet,TRUE,0,209.7239077091217,NA,
GT-DeepCOVID/2020-07-06-GT-DeepCOVID.parquet,TRUE,0,6.981996297836304,NA,
HKUST-DNN/2022-05-30-HKUST-DNN.parquet,TRUE,0,6.865566968917847,NA,
IHME-CurveFit/2021-05-17-IHME-CurveFit.parquet,TRUE,0,218.3598744869232,NA,
JHU_CSSE-DECOM/2020-11-22-JHU_CSSE-DECOM.parquet,TRUE,0,15.707642793655396,NA,
JHU_IDD-CovidSP/2023-06-04-JHU_IDD-CovidSP.parquet,TRUE,0,24.132259607315063,NA,
JHUAPL-Gecko/2021-06-20-JHUAPL-Gecko.parquet,TRUE,0,60.14162087440491,NA,
Karlen-pypm/2021-02-28-Karlen-pypm.parquet,TRUE,0,66.11421704292297,NA,
LANL-GrowthRate/2020-06-18-LANL-GrowthRate.parquet,TRUE,0,12.57837176322937,NA,
LUcompUncertLab-VAR_3streams/2022-06-20-LUcompUncertLab-VAR_3streams.parquet,TRUE,0,385.6400637626648,NA,
MIT_CritData-GBCF/2022-04-03-MIT_CritData-GBCF.parquet,TRUE,0,9.75482940673828,NA,
MIT-Cassandra/2023-01-09-MIT-Cassandra.parquet,TRUE,0,18.311145544052124,NA,
MOBS-GLEAM_COVID/2023-09-18-MOBS-GLEAM_COVID.parquet,TRUE,0,26.228696584701535,NA,
NotreDame-FRED/2020-10-12-NotreDame-FRED.parquet,TRUE,0,5.5116987228393555,NA,
prolix-euclidean/2022-02-18-prolix-euclidean.parquet,TRUE,0,8.746631145477295,NA,
PSI-DRAFT/2021-05-31-PSI-DRAFT.parquet,TRUE,0,13.053659439086914,NA,
QJHong-Encounter/2022-10-16-QJHong-Encounter.parquet,TRUE,0,4.542147636413574,NA,
SDSC_ISG-TrendModel/2022-05-29-SDSC_ISG-TrendModel.parquet,TRUE,0,6.72602391242981,NA,
SteveMcConnell-CovidComplete/2022-05-02-SteveMcConnell-CovidComplete.parquet,TRUE,0,10.05598759651184,NA,
TTU-squider/2023-02-05-TTU-squider.parquet,TRUE,0,6.424664497375488,NA,
UChicagoCHATTOPADHYAY-UnIT/2021-01-24-UChicagoCHATTOPADHYAY-UnIT.parquet,FALSE,1,218.4691824913025,"?: Required task ID/output type/output type ID combinations missing.  
 See `missing` attribute for details.",
UCSD_NEU-DeepGLEAM/2021-09-13-UCSD_NEU-DeepGLEAM.parquet,TRUE,0,9.777759552001951,NA,
UMass-MechBayes/2021-06-13-UMass-MechBayes.parquet,TRUE,0,10.26478886604309,NA,
UMass-trends_ensemble/2023-04-03-UMass-trends_ensemble.parquet,TRUE,0,23.59110975265503,NA,
USC-SI_kJalpha/2020-06-28-USC-SI_kJalpha.parquet,TRUE,0,10.71042013168335,NA,
UT-Mobility/2021-03-22-UT-Mobility.parquet,TRUE,0,9.855700254440308,NA,
UVA-Ensemble/2022-04-25-UVA-Ensemble.parquet,TRUE,0,477.5383894443512,NA,
YYG-ParamSearch/2020-07-28-YYG-ParamSearch.parquet,TRUE,0,24.770421266555783,NA,
BPagano-RtDriven/2021-07-18-BPagano-RtDriven.parquet,TRUE,0,12.584046363830566,NA,
CEID-Walk/2022-12-26-CEID-Walk.parquet,TRUE,0,10.239110469818115,NA,
CMU-TimeSeries/2023-02-20-CMU-TimeSeries.parquet,TRUE,0,35.322999238967896,NA,
CovidAnalytics-DELPHI/2020-10-26-CovidAnalytics-DELPHI.parquet,TRUE,0,17.325660705566406,NA,
COVIDhub_CDC-ensemble/2022-06-20-COVIDhub_CDC-ensemble.parquet,TRUE,0,34.89028191566467,NA,
COVIDhub-4_week_ensemble/2022-04-18-COVIDhub-4_week_ensemble.parquet,TRUE,0,309.75024485588074,NA,
COVIDhub-baseline/2022-01-24-COVIDhub-baseline.parquet,TRUE,0,626.9991719722748,NA,
COVIDhub-ensemble/2021-11-08-COVIDhub-ensemble.parquet,TRUE,0,88.71147990226746,NA,
COVIDhub-trained_ensemble/2022-08-08-COVIDhub-trained_ensemble.parquet,TRUE,0,336.9797306060791,NA,
CU-nochange/2022-01-09-CU-nochange.parquet,TRUE,0,465.9687974452973,NA,
CU-scenario_low/2020-10-29-CU-scenario_low.parquet,TRUE,0,452.0794744491577,NA,
CU-scenario_mid/2021-03-07-CU-scenario_mid.parquet,TRUE,0,459.0897424221039,NA,
CU-select/2021-09-12-CU-select.parquet,TRUE,0,444.9189205169678,NA,
CUBoulder-COVIDLSTM/2022-12-11-CUBoulder-COVIDLSTM.parquet,TRUE,0,270.6994979381561,NA,
epiforecasts-ensemble1/2021-11-22-epiforecasts-ensemble1.parquet,TRUE,0,7.050978422164917,NA,
FAIR-NRAR/2021-07-22-FAIR-NRAR.parquet,TRUE,0,291.3250868320465,NA,
FRBSF_Wilson-Econometric/2022-02-07-FRBSF_Wilson-Econometric.parquet,TRUE,0,149.805522441864,NA,
GT-DeepCOVID/2020-07-13-GT-DeepCOVID.parquet,TRUE,0,5.0729053020477295,NA,
HKUST-DNN/2022-06-06-HKUST-DNN.parquet,TRUE,0,4.946047067642212,NA,
IHME-CurveFit/2021-05-24-IHME-CurveFit.parquet,TRUE,0,157.1530418395996,NA,
JHU_CSSE-DECOM/2020-11-29-JHU_CSSE-DECOM.parquet,TRUE,0,11.141133069992064,NA,
JHU_IDD-CovidSP/2023-06-18-JHU_IDD-CovidSP.parquet,TRUE,0,16.376803398132324,NA,
JHUAPL-Gecko/2021-06-27-JHUAPL-Gecko.parquet,TRUE,0,42.594517946243286,NA,
Karlen-pypm/2021-03-07-Karlen-pypm.parquet,TRUE,0,47.91543412208557,NA,
LANL-GrowthRate/2020-06-21-LANL-GrowthRate.parquet,TRUE,0,7.574720144271851,NA,
LUcompUncertLab-VAR_3streams/2022-06-27-LUcompUncertLab-VAR_3streams.parquet,TRUE,0,249.75064039230347,NA,
MIT_CritData-GBCF/2022-04-10-MIT_CritData-GBCF.parquet,TRUE,0,6.643624782562256,NA,
MIT-Cassandra/2023-01-16-MIT-Cassandra.parquet,TRUE,0,12.737923860549929,NA,
MOBS-GLEAM_COVID/2023-09-25-MOBS-GLEAM_COVID.parquet,TRUE,0,17.04280948638916,NA,
NotreDame-FRED/2020-10-19-NotreDame-FRED.parquet,TRUE,0,3.8415796756744385,NA,
prolix-euclidean/2022-02-20-prolix-euclidean.parquet,TRUE,0,5.8050336837768555,NA,
PSI-DRAFT/2021-06-07-PSI-DRAFT.parquet,TRUE,0,9.073315382003784,NA,
QJHong-Encounter/2022-10-23-QJHong-Encounter.parquet,TRUE,0,3.368436813354492,NA,
SDSC_ISG-TrendModel/2022-06-05-SDSC_ISG-TrendModel.parquet,TRUE,0,5.193000078201294,NA,
SteveMcConnell-CovidComplete/2022-05-09-SteveMcConnell-CovidComplete.parquet,TRUE,0,6.9403605461120605,NA,
TTU-squider/2023-02-12-TTU-squider.parquet,TRUE,0,4.503024339675903,NA,
UChicagoCHATTOPADHYAY-UnIT/2021-01-31-UChicagoCHATTOPADHYAY-UnIT.parquet,FALSE,1,151.32049894332886,"?: Required task ID/output type/output type ID combinations missing.  
 See `missing` attribute for details.",
UCSD_NEU-DeepGLEAM/2021-09-20-UCSD_NEU-DeepGLEAM.parquet,TRUE,0,6.815406560897827,NA,
UMass-MechBayes/2021-06-20-UMass-MechBayes.parquet,TRUE,0,7.390291452407837,NA,
UMass-trends_ensemble/2023-04-17-UMass-trends_ensemble.parquet,TRUE,0,17.10010051727295,NA,
USC-SI_kJalpha/2020-07-05-USC-SI_kJalpha.parquet,TRUE,0,4.695466995239258,NA,
UT-Mobility/2021-04-12-UT-Mobility.parquet,TRUE,0,6.741799354553223,NA,
UVA-Ensemble/2022-05-02-UVA-Ensemble.parquet,TRUE,0,338.7693955898285,NA,
YYG-ParamSearch/2020-07-29-YYG-ParamSearch.parquet,TRUE,0,16.664986848831177,NA,
BPagano-RtDriven/2021-07-25-BPagano-RtDriven.parquet,TRUE,0,13.78788709640503,NA,
CEID-Walk/2023-01-30-CEID-Walk.parquet,TRUE,0,11.105461597442629,NA,
CMU-TimeSeries/2023-02-27-CMU-TimeSeries.parquet,TRUE,0,38.12800192832947,NA,
CovidAnalytics-DELPHI/2020-11-02-CovidAnalytics-DELPHI.parquet,TRUE,0,17.392038583755493,NA,
COVIDhub_CDC-ensemble/2022-06-27-COVIDhub_CDC-ensemble.parquet,TRUE,0,39.64456868171692,NA,
COVIDhub-4_week_ensemble/2022-04-25-COVIDhub-4_week_ensemble.parquet,TRUE,0,339.3466191291809,NA,
COVIDhub-baseline/2022-01-31-COVIDhub-baseline.parquet,TRUE,0,670.3146269321442,NA,
COVIDhub-ensemble/2021-11-15-COVIDhub-ensemble.parquet,TRUE,0,94.2629747390747,NA,
COVIDhub-trained_ensemble/2022-08-15-COVIDhub-trained_ensemble.parquet,TRUE,0,353.144996881485,NA,
CU-nochange/2022-01-16-CU-nochange.parquet,TRUE,0,486.95185708999634,NA,
CU-scenario_low/2020-11-01-CU-scenario_low.parquet,TRUE,0,511.8483552932739,NA,
CU-scenario_mid/2021-03-14-CU-scenario_mid.parquet,TRUE,0,488.1185920238495,NA,
CU-select/2021-09-19-CU-select.parquet,TRUE,0,471.6748642921448,NA,
CUBoulder-COVIDLSTM/2022-12-18-CUBoulder-COVIDLSTM.parquet,TRUE,0,304.7057936191559,NA,
epiforecasts-ensemble1/2021-11-29-epiforecasts-ensemble1.parquet,TRUE,0,7.749903678894043,NA,
FAIR-NRAR/2021-07-23-FAIR-NRAR.parquet,TRUE,0,298.2213032245636,NA,
FRBSF_Wilson-Econometric/2022-02-14-FRBSF_Wilson-Econometric.parquet,TRUE,0,170.23094487190247,NA,
GT-DeepCOVID/2020-07-20-GT-DeepCOVID.parquet,TRUE,0,5.614773988723755,NA,
HKUST-DNN/2022-06-13-HKUST-DNN.parquet,TRUE,0,5.366741180419922,NA,
IHME-CurveFit/2021-05-28-IHME-CurveFit.parquet,TRUE,0,185.90173077583313,NA,
JHU_CSSE-DECOM/2020-12-06-JHU_CSSE-DECOM.parquet,TRUE,0,13.662805318832396,NA,
JHU_IDD-CovidSP/2023-06-25-JHU_IDD-CovidSP.parquet,TRUE,0,18.567309617996216,NA,
JHUAPL-Gecko/2021-07-04-JHUAPL-Gecko.parquet,TRUE,0,46.29613947868347,NA,
Karlen-pypm/2021-03-14-Karlen-pypm.parquet,TRUE,0,53.59670543670654,NA,
LANL-GrowthRate/2020-06-24-LANL-GrowthRate.parquet,TRUE,0,9.194802284240724,NA,
LUcompUncertLab-VAR_3streams/2022-07-04-LUcompUncertLab-VAR_3streams.parquet,TRUE,0,288.047091960907,NA,
MIT_CritData-GBCF/2022-04-17-MIT_CritData-GBCF.parquet,TRUE,0,7.428664445877075,NA,
MIT-Cassandra/2023-01-30-MIT-Cassandra.parquet,TRUE,0,13.711300373077393,NA,
MOBS-GLEAM_COVID/2023-10-02-MOBS-GLEAM_COVID.parquet,TRUE,0,13.41152811050415,NA,
NotreDame-FRED/2020-10-26-NotreDame-FRED.parquet,TRUE,0,4.0007054805755615,NA,
prolix-euclidean/2022-02-21-prolix-euclidean.parquet,TRUE,0,6.383833646774292,NA,
PSI-DRAFT/2021-06-14-PSI-DRAFT.parquet,TRUE,0,9.80578589439392,NA,
QJHong-Encounter/2022-10-31-QJHong-Encounter.parquet,TRUE,0,3.609572410583496,NA,
SDSC_ISG-TrendModel/2022-06-12-SDSC_ISG-TrendModel.parquet,TRUE,0,5.389542102813721,NA,
SteveMcConnell-CovidComplete/2022-05-16-SteveMcConnell-CovidComplete.parquet,TRUE,0,7.473379373550415,NA,
TTU-squider/2023-02-19-TTU-squider.parquet,TRUE,0,4.856597900390625,NA,
UChicagoCHATTOPADHYAY-UnIT/2021-02-07-UChicagoCHATTOPADHYAY-UnIT.parquet,FALSE,1,159.26864004135132,"?: Required task ID/output type/output type ID combinations missing.  
 See `missing` attribute for details.",
UCSD_NEU-DeepGLEAM/2021-09-27-UCSD_NEU-DeepGLEAM.parquet,TRUE,0,7.765085220336914,NA,
UMass-MechBayes/2021-06-27-UMass-MechBayes.parquet,TRUE,0,7.958194732666016,NA,
UMass-trends_ensemble/2023-04-24-UMass-trends_ensemble.parquet,TRUE,0,18.16678285598755,NA,
USC-SI_kJalpha/2020-07-12-USC-SI_kJalpha.parquet,TRUE,0,4.951133489608765,NA,
UT-Mobility/2021-04-26-UT-Mobility.parquet,TRUE,0,7.180704355239868,NA,
UVA-Ensemble/2022-05-09-UVA-Ensemble.parquet,TRUE,0,363.9789435863495,NA,
YYG-ParamSearch/2020-07-30-YYG-ParamSearch.parquet,TRUE,0,17.590012073516846,NA,
BPagano-RtDriven/2021-08-01-BPagano-RtDriven.parquet,TRUE,0,13.24236011505127,NA,
CEID-Walk/2023-02-06-CEID-Walk.parquet,TRUE,0,10.4968843460083,NA,
CMU-TimeSeries/2023-03-06-CMU-TimeSeries.parquet,TRUE,0,17.276132345199585,NA,
CovidAnalytics-DELPHI/2020-11-09-CovidAnalytics-DELPHI.parquet,TRUE,0,19.027576446533203,NA,
COVIDhub_CDC-ensemble/2022-07-04-COVIDhub_CDC-ensemble.parquet,TRUE,0,37.31145763397217,NA,
COVIDhub-4_week_ensemble/2022-05-02-COVIDhub-4_week_ensemble.parquet,TRUE,0,351.3917427062988,NA,
COVIDhub-baseline/2022-02-07-COVIDhub-baseline.parquet,TRUE,0,642.6526560783386,NA,
COVIDhub-ensemble/2021-11-22-COVIDhub-ensemble.parquet,TRUE,0,90.14626383781432,NA,
COVIDhub-trained_ensemble/2022-08-22-COVIDhub-trained_ensemble.parquet,TRUE,0,347.8354935646057,NA,
CU-nochange/2022-01-23-CU-nochange.parquet,TRUE,0,470.8961989879608,NA,
CU-scenario_low/2020-11-05-CU-scenario_low.parquet,TRUE,0,472.875061750412,NA,
CU-scenario_mid/2021-03-21-CU-scenario_mid.parquet,TRUE,0,489.87898683547974,NA,
CU-select/2021-09-26-CU-select.parquet,TRUE,0,456.7241907119751,NA,
CUBoulder-COVIDLSTM/2022-12-25-CUBoulder-COVIDLSTM.parquet,TRUE,0,288.33633637428284,NA,
epiforecasts-ensemble1/2021-12-06-epiforecasts-ensemble1.parquet,TRUE,0,7.810162782669067,NA,
FAIR-NRAR/2021-07-24-FAIR-NRAR.parquet,TRUE,0,316.3197660446167,NA,
FRBSF_Wilson-Econometric/2022-02-21-FRBSF_Wilson-Econometric.parquet,TRUE,0,162.5068862438202,NA,
GT-DeepCOVID/2020-07-27-GT-DeepCOVID.parquet,TRUE,0,23.562732458114624,NA,
HKUST-DNN/2022-06-20-HKUST-DNN.parquet,TRUE,0,5.081904411315918,NA,
IHME-CurveFit/2021-06-07-IHME-CurveFit.parquet,TRUE,0,179.65187454223633,NA,
JHU_CSSE-DECOM/2020-12-13-JHU_CSSE-DECOM.parquet,TRUE,0,13.265737771987917,NA,
JHU_IDD-CovidSP/2023-07-16-JHU_IDD-CovidSP.parquet,TRUE,0,14.327975511550903,NA,
JHUAPL-Gecko/2021-07-11-JHUAPL-Gecko.parquet,TRUE,0,45.35450172424317,NA,
Karlen-pypm/2021-03-21-Karlen-pypm.parquet,TRUE,0,51.791008949279785,NA,
LANL-GrowthRate/2020-06-29-LANL-GrowthRate.parquet,TRUE,0,9.624820709228516,NA,
LUcompUncertLab-VAR_3streams/2022-07-11-LUcompUncertLab-VAR_3streams.parquet,TRUE,0,293.60762214660645,NA,
MIT_CritData-GBCF/2022-04-24-MIT_CritData-GBCF.parquet,TRUE,0,7.23746919631958,NA,
MIT-Cassandra/2023-02-20-MIT-Cassandra.parquet,TRUE,0,14.146922588348389,NA,
MOBS-GLEAM_COVID/2023-10-09-MOBS-GLEAM_COVID.parquet,TRUE,0,18.42253351211548,NA,
NotreDame-FRED/2020-11-02-NotreDame-FRED.parquet,TRUE,0,4.165072917938232,NA,
prolix-euclidean/2022-02-28-prolix-euclidean.parquet,TRUE,0,6.379223108291626,NA,
PSI-DRAFT/2021-06-21-PSI-DRAFT.parquet,TRUE,0,9.893894910812378,NA,
QJHong-Encounter/2022-11-07-QJHong-Encounter.parquet,TRUE,0,3.7628190517425537,NA,
SDSC_ISG-TrendModel/2022-06-19-SDSC_ISG-TrendModel.parquet,TRUE,0,5.480808973312378,NA,
SteveMcConnell-CovidComplete/2022-05-23-SteveMcConnell-CovidComplete.parquet,TRUE,0,7.51179575920105,NA,
TTU-squider/2023-02-26-TTU-squider.parquet,TRUE,0,4.620829105377197,NA,
UChicagoCHATTOPADHYAY-UnIT/2021-02-21-UChicagoCHATTOPADHYAY-UnIT.parquet,FALSE,1,155.37602162361145,"?: Required task ID/output type/output type ID combinations missing.  
 See `missing` attribute for details.",
UCSD_NEU-DeepGLEAM/2021-10-04-UCSD_NEU-DeepGLEAM.parquet,TRUE,0,7.434120416641235,NA,
UMass-MechBayes/2021-07-04-UMass-MechBayes.parquet,TRUE,0,7.829090356826782,NA,
UMass-trends_ensemble/2023-05-01-UMass-trends_ensemble.parquet,TRUE,0,19.243109226226807,NA,
USC-SI_kJalpha/2020-07-19-USC-SI_kJalpha.parquet,TRUE,0,4.858129978179932,NA,
UT-Osiris/2022-02-28-UT-Osiris.parquet,TRUE,0,31.64845395088196,NA,
UVA-Ensemble/2022-05-16-UVA-Ensemble.parquet,TRUE,0,42.67798590660095,NA,
YYG-ParamSearch/2020-07-31-YYG-ParamSearch.parquet,TRUE,0,18.119842767715458,NA,
BPagano-RtDriven/2021-08-08-BPagano-RtDriven.parquet,TRUE,0,15.339879035949709,NA,
CEID-Walk/2023-02-13-CEID-Walk.parquet,TRUE,0,12.48531460762024,NA,
CMU-TimeSeries/2023-03-13-CMU-TimeSeries.parquet,TRUE,0,21.758673429489136,NA,
CovidAnalytics-DELPHI/2020-11-16-CovidAnalytics-DELPHI.parquet,TRUE,0,22.193867683410645,NA,
COVIDhub_CDC-ensemble/2022-07-11-COVIDhub_CDC-ensemble.parquet,TRUE,0,45.91062927246094,NA,
COVIDhub-4_week_ensemble/2022-05-09-COVIDhub-4_week_ensemble.parquet,TRUE,0,394.97042179107666,NA,
COVIDhub-baseline/2022-02-14-COVIDhub-baseline.parquet,TRUE,0,757.1857740879059,NA,
COVIDhub-ensemble/2021-11-29-COVIDhub-ensemble.parquet,TRUE,0,110.55204820632936,NA,
COVIDhub-trained_ensemble/2022-08-29-COVIDhub-trained_ensemble.parquet,TRUE,0,406.7495353221894,NA,
CU-nochange/2022-01-30-CU-nochange.parquet,TRUE,0,588.6729724407196,NA,
CU-scenario_low/2020-11-08-CU-scenario_low.parquet,TRUE,0,558.8544464111328,NA,
CU-scenario_mid/2021-03-28-CU-scenario_mid.parquet,TRUE,0,567.338029384613,NA,
CU-select/2021-10-03-CU-select.parquet,TRUE,0,554.3702564239502,NA,
CUBoulder-COVIDLSTM/2023-01-01-CUBoulder-COVIDLSTM.parquet,TRUE,0,339.3235421180725,NA,
epiforecasts-ensemble1/2021-12-13-epiforecasts-ensemble1.parquet,TRUE,0,8.643816709518433,NA,
FAIR-NRAR/2021-07-25-FAIR-NRAR.parquet,TRUE,0,355.28788328170776,NA,
FRBSF_Wilson-Econometric/2022-02-28-FRBSF_Wilson-Econometric.parquet,TRUE,0,196.1420168876648,NA,
GT-DeepCOVID/2020-08-03-GT-DeepCOVID.parquet,TRUE,0,35.084429025650024,NA,
HKUST-DNN/2022-06-27-HKUST-DNN.parquet,TRUE,0,5.856960773468018,NA,
IHME-CurveFit/2021-06-11-IHME-CurveFit.parquet,TRUE,0,198.8657763004303,NA,
JHU_CSSE-DECOM/2020-12-20-JHU_CSSE-DECOM.parquet,TRUE,0,14.700520277023315,NA,
JHU_IDD-CovidSP/2023-08-06-JHU_IDD-CovidSP.parquet,TRUE,0,21.11017632484436,NA,
JHUAPL-Gecko/2021-07-18-JHUAPL-Gecko.parquet,TRUE,0,50.39740204811096,NA,
Karlen-pypm/2021-03-28-Karlen-pypm.parquet,TRUE,0,59.591543436050415,NA,
LANL-GrowthRate/2020-07-02-LANL-GrowthRate.parquet,TRUE,0,10.05068826675415,NA,
LUcompUncertLab-VAR_3streams/2022-07-18-LUcompUncertLab-VAR_3streams.parquet,TRUE,0,347.45880675315857,NA,
MIT_CritData-GBCF/2022-05-01-MIT_CritData-GBCF.parquet,TRUE,0,8.507264852523804,NA,
MIT-Cassandra/2023-02-27-MIT-Cassandra.parquet,TRUE,0,16.791645288467407,NA,
MOBS-GLEAM_COVID/2023-10-16-MOBS-GLEAM_COVID.parquet,TRUE,0,22.29233169555664,NA,
NotreDame-FRED/2020-11-09-NotreDame-FRED.parquet,TRUE,0,4.772578477859497,NA,
prolix-euclidean/2022-03-02-prolix-euclidean.parquet,TRUE,0,7.664616346359253,NA,
PSI-DRAFT/2021-06-28-PSI-DRAFT.parquet,TRUE,0,11.320558071136476,NA,
Quantori-Multiagents/2020-05-08-Quantori-Multiagents.parquet,TRUE,0,2.233339309692383,NA,
SDSC_ISG-TrendModel/2022-06-26-SDSC_ISG-TrendModel.parquet,TRUE,0,5.907003879547119,NA,
SteveMcConnell-CovidComplete/2022-05-30-SteveMcConnell-CovidComplete.parquet,TRUE,0,8.3657865524292,NA,
TTU-squider/2023-03-05-TTU-squider.parquet,TRUE,0,5.457552194595337,NA,
UChicagoCHATTOPADHYAY-UnIT/2021-02-28-UChicagoCHATTOPADHYAY-UnIT.parquet,FALSE,1,188.31627225875857,"?: Required task ID/output type/output type ID combinations missing.  
 See `missing` attribute for details.",
UCSD_NEU-DeepGLEAM/2021-10-11-UCSD_NEU-DeepGLEAM.parquet,TRUE,0,8.302842378616333,NA,
UMass-MechBayes/2021-07-11-UMass-MechBayes.parquet,TRUE,0,8.846275806427002,NA,
UMass-trends_ensemble/2023-05-08-UMass-trends_ensemble.parquet,TRUE,0,20.488855123519897,NA,
USC-SI_kJalpha/2020-07-26-USC-SI_kJalpha.parquet,TRUE,0,122.52767419815063,NA,
UT-Osiris/2022-03-07-UT-Osiris.parquet,TRUE,0,31.571484565734863,NA,
UVA-Ensemble/2022-05-23-UVA-Ensemble.parquet,TRUE,0,46.49211502075195,NA,
YYG-ParamSearch/2020-08-01-YYG-ParamSearch.parquet,TRUE,0,19.87628197669983,NA,
BPagano-RtDriven/2021-08-15-BPagano-RtDriven.parquet,TRUE,0,14.65274977684021,NA,
CEID-Walk/2023-02-27-CEID-Walk.parquet,TRUE,0,11.919782876968384,NA,
CMU-TimeSeries/2023-03-20-CMU-TimeSeries.parquet,TRUE,0,20.820701122283936,NA,
CovidAnalytics-DELPHI/2020-11-22-CovidAnalytics-DELPHI.parquet,TRUE,0,18.337547779083252,NA,
COVIDhub_CDC-ensemble/2022-07-18-COVIDhub_CDC-ensemble.parquet,TRUE,0,40.143332719802856,NA,
COVIDhub-4_week_ensemble/2022-05-16-COVIDhub-4_week_ensemble.parquet,TRUE,0,377.0080831050873,NA,
COVIDhub-baseline/2022-02-21-COVIDhub-baseline.parquet,TRUE,0,716.3940393924713,NA,
COVIDhub-ensemble/2021-12-06-COVIDhub-ensemble.parquet,TRUE,0,104.3815894126892,NA,
COVIDhub-trained_ensemble/2022-09-05-COVIDhub-trained_ensemble.parquet,TRUE,0,357.08810114860535,NA,
CU-nochange/2022-02-06-CU-nochange.parquet,TRUE,0,548.143762588501,NA,
CU-scenario_low/2020-11-12-CU-scenario_low.parquet,TRUE,0,516.7757403850555,NA,
CU-scenario_mid/2021-04-04-CU-scenario_mid.parquet,TRUE,0,522.7683935165405,NA,
CU-select/2021-10-17-CU-select.parquet,TRUE,0,526.8439042568207,NA,
CUBoulder-COVIDLSTM/2023-01-08-CUBoulder-COVIDLSTM.parquet,TRUE,0,313.514931678772,NA,
epiforecasts-ensemble1/2021-12-20-epiforecasts-ensemble1.parquet,TRUE,0,8.712939500808716,NA,
FAIR-NRAR/2021-07-26-FAIR-NRAR.parquet,TRUE,0,319.5710184574127,NA,
FRBSF_Wilson-Econometric/2022-03-07-FRBSF_Wilson-Econometric.parquet,TRUE,0,183.5101146697998,NA,
GT-DeepCOVID/2020-08-10-GT-DeepCOVID.parquet,TRUE,0,34.47065353393555,NA,
HKUST-DNN/2022-07-04-HKUST-DNN.parquet,TRUE,0,5.569758415222168,NA,
IHME-CurveFit/2021-06-18-IHME-CurveFit.parquet,TRUE,0,178.43294024467468,NA,
JHU_CSSE-DECOM/2020-12-27-JHU_CSSE-DECOM.parquet,TRUE,0,13.79812479019165,NA,
JHU_IDD-CovidSP/2023-08-13-JHU_IDD-CovidSP.parquet,TRUE,0,19.47813320159912,NA,
JHUAPL-Gecko/2021-07-25-JHUAPL-Gecko.parquet,TRUE,0,44.84225916862488,NA,
Karlen-pypm/2021-04-04-Karlen-pypm.parquet,TRUE,0,50.80894184112549,NA,
LANL-GrowthRate/2020-07-03-LANL-GrowthRate.parquet,TRUE,0,9.54521918296814,NA,
LUcompUncertLab-VAR_3streams/2022-07-25-LUcompUncertLab-VAR_3streams.parquet,TRUE,0,294.16034507751465,NA,
MIT_CritData-GBCF/2022-05-08-MIT_CritData-GBCF.parquet,TRUE,0,7.796958923339844,NA,
MITCovAlliance-SIR/2020-06-18-MITCovAlliance-SIR.parquet,TRUE,0,7.703721523284912,NA,
MOBS-GLEAM_COVID/2023-10-23-MOBS-GLEAM_COVID.parquet,TRUE,0,20.423315286636353,NA,
NotreDame-FRED/2020-11-16-NotreDame-FRED.parquet,TRUE,0,4.4748640060424805,NA,
prolix-euclidean/2022-03-07-prolix-euclidean.parquet,TRUE,0,6.982698202133179,NA,
PSI-DRAFT/2021-07-05-PSI-DRAFT.parquet,TRUE,0,10.70037055015564,NA,
RobertWalraven-ESG/2020-07-06-RobertWalraven-ESG.parquet,TRUE,0,6.565451383590698,NA,
SDSC_ISG-TrendModel/2022-07-03-SDSC_ISG-TrendModel.parquet,TRUE,0,5.646528005599976,NA,
SteveMcConnell-CovidComplete/2022-06-06-SteveMcConnell-CovidComplete.parquet,TRUE,0,8.090000629425049,NA,
UA-EpiCovDA/2020-05-23-UA-EpiCovDA.parquet,TRUE,0,4.466202974319458,NA,
UChicagoCHATTOPADHYAY-UnIT/2021-03-07-UChicagoCHATTOPADHYAY-UnIT.parquet,FALSE,1,174.7814199924469,"?: Required task ID/output type/output type ID combinations missing.  
 See `missing` attribute for details.",
UCSD_NEU-DeepGLEAM/2021-10-18-UCSD_NEU-DeepGLEAM.parquet,TRUE,0,8.12678074836731,NA,
UMass-MechBayes/2021-07-18-UMass-MechBayes.parquet,TRUE,0,8.55549955368042,NA,
UMass-trends_ensemble/2023-05-15-UMass-trends_ensemble.parquet,TRUE,0,19.920810222625732,NA,
USC-SI_kJalpha/2020-07-27-USC-SI_kJalpha.parquet,TRUE,0,132.47636365890503,NA,
UT-Osiris/2022-03-14-UT-Osiris.parquet,TRUE,0,28.481642961502075,NA,
UVA-Ensemble/2022-05-30-UVA-Ensemble.parquet,TRUE,0,358.3027467727661,NA,
YYG-ParamSearch/2020-08-02-YYG-ParamSearch.parquet,TRUE,0,18.66290020942688,NA,
BPagano-RtDriven/2021-08-22-BPagano-RtDriven.parquet,TRUE,0,16.482861518859863,NA,
CEPH-Rtrend_covid/2022-12-12-CEPH-Rtrend_covid.parquet,TRUE,0,35.965089321136475,NA,
CMU-TimeSeries/2023-03-27-CMU-TimeSeries.parquet,TRUE,0,20.439284324645996,NA,
CovidAnalytics-DELPHI/2020-11-30-CovidAnalytics-DELPHI.parquet,TRUE,0,16.51860022544861,NA,
COVIDhub_CDC-ensemble/2022-07-25-COVIDhub_CDC-ensemble.parquet,TRUE,0,45.11582684516907,NA,
COVIDhub-4_week_ensemble/2022-05-23-COVIDhub-4_week_ensemble.parquet,TRUE,0,399.1393837928772,NA,
COVIDhub-baseline/2022-02-28-COVIDhub-baseline.parquet,TRUE,0,762.3189134597778,NA,
COVIDhub-ensemble/2021-12-13-COVIDhub-ensemble.parquet,TRUE,0,108.2579927444458,NA,
COVIDhub-trained_ensemble/2022-09-12-COVIDhub-trained_ensemble.parquet,TRUE,0,392.0330021381378,NA,
CU-nochange/2022-02-13-CU-nochange.parquet,TRUE,0,585.9995272159576,NA,
CU-scenario_low/2020-11-15-CU-scenario_low.parquet,TRUE,0,581.1039958000183,NA,
CU-scenario_mid/2021-04-11-CU-scenario_mid.parquet,TRUE,0,551.1757674217224,NA,
CU-select/2021-10-24-CU-select.parquet,TRUE,0,524.6608669757843,NA,
CUBoulder-COVIDLSTM/2023-01-15-CUBoulder-COVIDLSTM.parquet,TRUE,0,332.03908348083496,NA,
epiforecasts-ensemble1/2021-12-27-epiforecasts-ensemble1.parquet,TRUE,0,8.989397764205933,NA,
FAIR-NRAR/2021-08-03-FAIR-NRAR.parquet,TRUE,0,354.3598794937134,NA,
FRBSF_Wilson-Econometric/2022-03-14-FRBSF_Wilson-Econometric.parquet,TRUE,0,206.96505117416385,NA,
GT-DeepCOVID/2020-08-17-GT-DeepCOVID.parquet,TRUE,0,38.64344596862793,NA,
HKUST-DNN/2022-07-11-HKUST-DNN.parquet,TRUE,0,5.990242004394531,NA,
IHME-CurveFit/2021-06-25-IHME-CurveFit.parquet,TRUE,0,196.5267643928528,NA,
JHU_CSSE-DECOM/2021-01-03-JHU_CSSE-DECOM.parquet,TRUE,0,9.586631536483765,NA,
JHU_IDD-CovidSP/2023-09-10-JHU_IDD-CovidSP.parquet,TRUE,0,21.921759366989136,NA,
JHUAPL-Gecko/2021-08-01-JHUAPL-Gecko.parquet,TRUE,0,51.56089234352112,NA,
Karlen-pypm/2021-04-11-Karlen-pypm.parquet,TRUE,0,57.65436863899231,NA,
LANL-GrowthRate/2020-07-06-LANL-GrowthRate.parquet,TRUE,0,10.953976154327393,NA,
LUcompUncertLab-VAR_3streams/2022-08-01-LUcompUncertLab-VAR_3streams.parquet,TRUE,0,317.304815530777,NA,
MIT_CritData-GBCF/2022-05-15-MIT_CritData-GBCF.parquet,TRUE,0,8.27733063697815,NA,
MITCovAlliance-SIR/2020-06-28-MITCovAlliance-SIR.parquet,TRUE,0,8.076531648635864,NA,
MOBS-GLEAM_COVID/2023-10-30-MOBS-GLEAM_COVID.parquet,TRUE,0,21.81137490272522,NA,
NotreDame-FRED/2020-11-23-NotreDame-FRED.parquet,TRUE,0,4.715122938156128,NA,
prolix-euclidean/2022-03-09-prolix-euclidean.parquet,TRUE,0,7.252790212631226,NA,
PSI-DRAFT/2021-07-12-PSI-DRAFT.parquet,TRUE,0,11.238023042678831,NA,
RobertWalraven-ESG/2020-07-07-RobertWalraven-ESG.parquet,TRUE,0,7.207931280136108,NA,
SDSC_ISG-TrendModel/2022-07-10-SDSC_ISG-TrendModel.parquet,TRUE,0,6.1360838413238525,NA,
SteveMcConnell-CovidComplete/2022-06-13-SteveMcConnell-CovidComplete.parquet,TRUE,0,8.65772294998169,NA,
UA-EpiCovDA/2020-05-31-UA-EpiCovDA.parquet,TRUE,0,4.771433115005493,NA,
UChicagoCHATTOPADHYAY-UnIT/2021-03-14-UChicagoCHATTOPADHYAY-UnIT.parquet,FALSE,1,186.97808456420896,"?: Required task ID/output type/output type ID combinations missing.  
 See `missing` attribute for details.",
UCSD_NEU-DeepGLEAM/2021-10-25-UCSD_NEU-DeepGLEAM.parquet,TRUE,0,8.482094526290894,NA,
UMass-MechBayes/2021-07-25-UMass-MechBayes.parquet,TRUE,0,8.97574520111084,NA,
UMass-trends_ensemble/2023-05-22-UMass-trends_ensemble.parquet,TRUE,0,21.9927339553833,NA,
USC-SI_kJalpha/2020-08-02-USC-SI_kJalpha.parquet,TRUE,0,140.57399725914,NA,
UT-Osiris/2022-03-21-UT-Osiris.parquet,TRUE,0,36.66643571853638,NA,
UVA-Ensemble/2022-06-06-UVA-Ensemble.parquet,TRUE,0,389.40851759910583,NA,
YYG-ParamSearch/2020-08-03-YYG-ParamSearch.parquet,TRUE,0,20.95444393157959,NA,
BPagano-RtDriven/2021-08-29-BPagano-RtDriven.parquet,TRUE,0,15.206382751464844,NA,
CEPH-Rtrend_covid/2022-12-19-CEPH-Rtrend_covid.parquet,TRUE,0,33.518534660339355,NA,
CMU-TimeSeries/2023-04-03-CMU-TimeSeries.parquet,TRUE,0,22.05864977836609,NA,
CovidAnalytics-DELPHI/2020-12-07-CovidAnalytics-DELPHI.parquet,TRUE,0,19.311068296432495,NA,
COVIDhub_CDC-ensemble/2022-08-01-COVIDhub_CDC-ensemble.parquet,TRUE,0,42.78900194168091,NA,
COVIDhub-4_week_ensemble/2022-05-30-COVIDhub-4_week_ensemble.parquet,TRUE,0,396.25712871551514,NA,
COVIDhub-baseline/2022-03-07-COVIDhub-baseline.parquet,TRUE,0,756.2907238006592,NA,
COVIDhub-ensemble/2021-12-20-COVIDhub-ensemble.parquet,TRUE,0,110.77044439315796,NA,
COVIDhub-trained_ensemble/2022-09-19-COVIDhub-trained_ensemble.parquet,TRUE,0,384.73687744140625,NA,
CU-nochange/2022-02-20-CU-nochange.parquet,TRUE,0,572.7202367782593,NA,
CU-scenario_low/2020-11-19-CU-scenario_low.parquet,TRUE,0,573.6705586910248,NA,
CU-scenario_mid/2021-04-18-CU-scenario_mid.parquet,TRUE,0,582.603866815567,NA,
CU-select/2021-10-31-CU-select.parquet,TRUE,0,539.6639924049377,NA,
CUBoulder-COVIDLSTM/2023-01-22-CUBoulder-COVIDLSTM.parquet,TRUE,0,328.1546404361725,NA,
epiforecasts-ensemble1/2022-01-03-epiforecasts-ensemble1.parquet,TRUE,0,8.950893640518188,NA,
FAIR-NRAR/2021-08-05-FAIR-NRAR.parquet,TRUE,0,351.30459451675415,NA,
FRBSF_Wilson-Econometric/2022-03-21-FRBSF_Wilson-Econometric.parquet,TRUE,0,181.6636118888855,NA,
GT-DeepCOVID/2020-08-24-GT-DeepCOVID.parquet,TRUE,0,42.23073053359985,NA,
HKUST-DNN/2022-07-18-HKUST-DNN.parquet,TRUE,0,6.0173327922821045,NA,
IHME-CurveFit/2021-07-02-IHME-CurveFit.parquet,TRUE,0,200.68146181106567,NA,
JHU_CSSE-DECOM/2021-01-10-JHU_CSSE-DECOM.parquet,TRUE,0,14.963414669036863,NA,
JHU_IDD-CovidSP/2023-10-01-JHU_IDD-CovidSP.parquet,TRUE,0,20.714951038360596,NA,
JHUAPL-Gecko/2021-08-08-JHUAPL-Gecko.parquet,TRUE,0,50.25862121582031,NA,
Karlen-pypm/2021-04-18-Karlen-pypm.parquet,TRUE,0,56.42553091049194,NA,
LANL-GrowthRate/2020-07-09-LANL-GrowthRate.parquet,TRUE,0,9.857924699783323,NA,
LUcompUncertLab-VAR_3streams/2022-08-08-LUcompUncertLab-VAR_3streams.parquet,TRUE,0,319.95490527153015,NA,
MIT_CritData-GBCF/2022-05-22-MIT_CritData-GBCF.parquet,TRUE,0,8.382028579711914,NA,
MITCovAlliance-SIR/2020-07-05-MITCovAlliance-SIR.parquet,TRUE,0,11.384153842926024,NA,
MOBS-GLEAM_COVID/2023-11-06-MOBS-GLEAM_COVID.parquet,TRUE,0,21.70532774925232,NA,
NotreDame-FRED/2020-12-07-NotreDame-FRED.parquet,TRUE,0,4.395599842071533,NA,
prolix-euclidean/2022-03-11-prolix-euclidean.parquet,TRUE,0,6.573101758956909,NA,
PSI-DRAFT/2021-07-19-PSI-DRAFT.parquet,TRUE,0,11.032928228378296,NA,
RobertWalraven-ESG/2020-07-12-RobertWalraven-ESG.parquet,TRUE,0,6.785131931304932,NA,
SDSC_ISG-TrendModel/2022-07-17-SDSC_ISG-TrendModel.parquet,TRUE,0,5.90158224105835,NA,
SteveMcConnell-CovidComplete/2022-06-20-SteveMcConnell-CovidComplete.parquet,TRUE,0,8.445169448852539,NA,
UA-EpiCovDA/2020-06-07-UA-EpiCovDA.parquet,TRUE,0,4.607908010482788,NA,
UChicagoCHATTOPADHYAY-UnIT/2021-03-21-UChicagoCHATTOPADHYAY-UnIT.parquet,FALSE,1,186.0057427883148,"?: Required task ID/output type/output type ID combinations missing.  
 See `missing` attribute for details.",
UCSD_NEU-DeepGLEAM/2021-11-01-UCSD_NEU-DeepGLEAM.parquet,TRUE,0,8.6079843044281,NA,
UMass-MechBayes/2021-08-01-UMass-MechBayes.parquet,TRUE,0,8.813873291015625,NA,
UMass-trends_ensemble/2023-05-29-UMass-trends_ensemble.parquet,TRUE,0,22.114818572998047,NA,
USC-SI_kJalpha/2020-08-09-USC-SI_kJalpha.parquet,TRUE,0,141.2184886932373,NA,
UT-Osiris/2022-03-28-UT-Osiris.parquet,TRUE,0,32.92787051200867,NA,
UVA-Ensemble/2022-06-13-UVA-Ensemble.parquet,TRUE,0,395.374981880188,NA,
YYG-ParamSearch/2020-08-04-YYG-ParamSearch.parquet,TRUE,0,18.148727655410767,NA,
BPagano-RtDriven/2021-09-05-BPagano-RtDriven.parquet,TRUE,0,23.243427753448486,NA,
CEPH-Rtrend_covid/2022-12-26-CEPH-Rtrend_covid.parquet,TRUE,0,46.47234320640564,NA,
CMU-TimeSeries/2023-04-10-CMU-TimeSeries.parquet,TRUE,0,30.536983966827393,NA,
CovidAnalytics-DELPHI/2020-12-14-CovidAnalytics-DELPHI.parquet,TRUE,0,28.571490049362183,NA,
COVIDhub_CDC-ensemble/2022-08-08-COVIDhub_CDC-ensemble.parquet,TRUE,0,62.972604751586914,NA,
COVIDhub-4_week_ensemble/2022-06-06-COVIDhub-4_week_ensemble.parquet,TRUE,0,544.273707151413,NA,
COVIDhub-baseline/2022-03-14-COVIDhub-baseline.parquet,TRUE,0,995.1312370300292,NA,
COVIDhub-ensemble/2021-12-27-COVIDhub-ensemble.parquet,TRUE,0,151.1679584980011,NA,
COVIDhub-trained_ensemble/2022-09-26-COVIDhub-trained_ensemble.parquet,TRUE,0,524.8060672283173,NA,
CU-nochange/2022-02-27-CU-nochange.parquet,TRUE,0,739.3068079948425,NA,
CU-scenario_low/2020-11-22-CU-scenario_low.parquet,TRUE,0,793.8602714538574,NA,
CU-scenario_mid/2021-04-25-CU-scenario_mid.parquet,TRUE,0,751.3926951885223,NA,
CU-select/2021-11-07-CU-select.parquet,TRUE,0,782.0648815631866,NA,
CUBoulder-COVIDLSTM/2023-01-29-CUBoulder-COVIDLSTM.parquet,TRUE,0,450.981951713562,NA,
epiforecasts-ensemble1/2022-01-10-epiforecasts-ensemble1.parquet,TRUE,0,13.455833673477173,NA,
FAIR-NRAR/2021-08-07-FAIR-NRAR.parquet,TRUE,0,481.2757730484009,NA,
FRBSF_Wilson-Econometric/2022-03-28-FRBSF_Wilson-Econometric.parquet,TRUE,0,250.28113460540771,NA,
GT-DeepCOVID/2020-08-31-GT-DeepCOVID.parquet,TRUE,0,53.60176420211792,NA,
HKUST-DNN/2022-07-25-HKUST-DNN.parquet,TRUE,0,8.941010475158691,NA,
IHME-CurveFit/2021-07-16-IHME-CurveFit.parquet,TRUE,0,272.01142930984497,NA,
JHU_CSSE-DECOM/2021-01-17-JHU_CSSE-DECOM.parquet,TRUE,0,20.56472873687744,NA,
JHU_IDD-CovidSP/2023-10-08-JHU_IDD-CovidSP.parquet,TRUE,0,29.49842381477356,NA,
JHUAPL-Gecko/2021-08-15-JHUAPL-Gecko.parquet,TRUE,0,68.54866981506348,NA,
Karlen-pypm/2021-04-25-Karlen-pypm.parquet,TRUE,0,77.93330645561218,NA,
LANL-GrowthRate/2020-07-13-LANL-GrowthRate.parquet,TRUE,0,16.72715950012207,NA,
LUcompUncertLab-VAR_3streams/2022-08-15-LUcompUncertLab-VAR_3streams.parquet,TRUE,0,445.0426182746887,NA,
MIT_CritData-GBCF/2022-05-29-MIT_CritData-GBCF.parquet,TRUE,0,12.996276617050173,NA,
MITCovAlliance-SIR/2020-07-12-MITCovAlliance-SIR.parquet,TRUE,0,17.370774269104004,NA,
MOBS-GLEAM_COVID/2023-11-13-MOBS-GLEAM_COVID.parquet,TRUE,0,32.56945514678955,NA,
NotreDame-FRED/2020-12-14-NotreDame-FRED.parquet,TRUE,0,6.61444878578186,NA,
prolix-euclidean/2022-03-12-prolix-euclidean.parquet,TRUE,0,9.862022638320925,NA,
PSI-DRAFT/2021-07-26-PSI-DRAFT.parquet,TRUE,0,17.095369338989258,NA,
RobertWalraven-ESG/2020-07-20-RobertWalraven-ESG.parquet,TRUE,0,10.095640182495115,NA,
SDSC_ISG-TrendModel/2022-07-24-SDSC_ISG-TrendModel.parquet,TRUE,0,8.71351408958435,NA,
STH-3PU/2020-06-11-STH-3PU.parquet,TRUE,0,3.328371524810791,NA,
UA-EpiCovDA/2020-06-14-UA-EpiCovDA.parquet,TRUE,0,6.9787633419036865,NA,
UChicagoCHATTOPADHYAY-UnIT/2021-04-04-UChicagoCHATTOPADHYAY-UnIT.parquet,FALSE,1,250.52645111083984,"?: Required task ID/output type/output type ID combinations missing.  
 See `missing` attribute for details.",
UCSD_NEU-DeepGLEAM/2021-11-08-UCSD_NEU-DeepGLEAM.parquet,TRUE,0,12.688783407211304,NA,
UMass-MechBayes/2021-08-08-UMass-MechBayes.parquet,TRUE,0,13.537012100219728,NA,
UMass-trends_ensemble/2023-06-05-UMass-trends_ensemble.parquet,TRUE,0,31.783279418945312,NA,
USC-SI_kJalpha/2020-08-16-USC-SI_kJalpha.parquet,TRUE,0,216.41718125343323,NA,
UT-Osiris/2022-04-04-UT-Osiris.parquet,TRUE,0,49.167797327041626,NA,
UVA-Ensemble/2022-06-20-UVA-Ensemble.parquet,TRUE,0,68.99850964546204,NA,
YYG-ParamSearch/2020-08-05-YYG-ParamSearch.parquet,TRUE,0,28.38576078414917,NA,
BPagano-RtDriven/2021-09-12-BPagano-RtDriven.parquet,TRUE,0,24.17227530479431,NA,
CEPH-Rtrend_covid/2023-01-02-CEPH-Rtrend_covid.parquet,TRUE,0,48.887741804122925,NA,
CMU-TimeSeries/2023-04-17-CMU-TimeSeries.parquet,TRUE,0,27.79849100112915,NA,
CovidAnalytics-DELPHI/2020-12-20-CovidAnalytics-DELPHI.parquet,TRUE,0,27.49716114997864,NA,
COVIDhub_CDC-ensemble/2022-08-15-COVIDhub_CDC-ensemble.parquet,TRUE,0,61.30851340293884,NA,
COVIDhub-4_week_ensemble/2022-06-13-COVIDhub-4_week_ensemble.parquet,TRUE,0,538.301596403122,NA,
COVIDhub-baseline/2022-03-21-COVIDhub-baseline.parquet,TRUE,0,1065.950189590454,NA,
COVIDhub-ensemble/2022-01-03-COVIDhub-ensemble.parquet,TRUE,0,150.20451283454895,NA,
COVIDhub-trained_ensemble/2022-10-03-COVIDhub-trained_ensemble.parquet,TRUE,0,556.2518861293793,NA,
CU-nochange/2022-03-06-CU-nochange.parquet,TRUE,0,800.6551303863525,NA,
CU-scenario_low/2020-11-29-CU-scenario_low.parquet,TRUE,0,801.0418746471405,NA,
CU-scenario_mid/2021-05-02-CU-scenario_mid.parquet,TRUE,0,748.712503194809,NA,
CU-select/2021-11-14-CU-select.parquet,TRUE,0,781.1492846012115,NA,
CUBoulder-COVIDLSTM/2023-02-05-CUBoulder-COVIDLSTM.parquet,TRUE,0,451.06020951271057,NA,
epiforecasts-ensemble1/2022-01-17-epiforecasts-ensemble1.parquet,TRUE,0,13.96433162689209,NA,
FAIR-NRAR/2021-08-09-FAIR-NRAR.parquet,TRUE,0,473.9070513248443,NA,
FRBSF_Wilson-Econometric/2022-04-04-FRBSF_Wilson-Econometric.parquet,TRUE,0,252.6749861240387,NA,
GT-DeepCOVID/2020-09-07-GT-DeepCOVID.parquet,TRUE,0,52.00121736526489,NA,
HKUST-DNN/2022-08-01-HKUST-DNN.parquet,TRUE,0,9.344162225723268,NA,
IHME-CurveFit/2021-07-23-IHME-CurveFit.parquet,TRUE,0,267.9411692619324,NA,
JHU_CSSE-DECOM/2021-01-24-JHU_CSSE-DECOM.parquet,TRUE,0,21.684966564178467,NA,
JHU_IDD-CovidSP/2023-10-15-JHU_IDD-CovidSP.parquet,TRUE,0,26.528737783432007,NA,
JHUAPL-Gecko/2021-08-22-JHUAPL-Gecko.parquet,TRUE,0,70.51465654373169,NA,
Karlen-pypm/2021-05-02-Karlen-pypm.parquet,TRUE,0,82.07357144355774,NA,
LANL-GrowthRate/2020-07-16-LANL-GrowthRate.parquet,TRUE,0,15.347503423690796,NA,
LUcompUncertLab-VAR_3streams/2022-08-22-LUcompUncertLab-VAR_3streams.parquet,TRUE,0,416.75319147109985,NA,
MIT_CritData-GBCF/2022-06-05-MIT_CritData-GBCF.parquet,TRUE,0,12.506903648376465,NA,
MITCovAlliance-SIR/2020-07-19-MITCovAlliance-SIR.parquet,TRUE,0,17.462653875350952,NA,
MOBS-GLEAM_COVID/2023-11-20-MOBS-GLEAM_COVID.parquet,TRUE,0,32.90213704109192,NA,
NotreDame-FRED/2021-02-22-NotreDame-FRED.parquet,TRUE,0,6.286473512649536,NA,
prolix-euclidean/2022-03-14-prolix-euclidean.parquet,TRUE,0,9.65886402130127,NA,
PSI-DRAFT/2021-08-02-PSI-DRAFT.parquet,TRUE,0,16.542002201080322,NA,
RobertWalraven-ESG/2020-07-26-RobertWalraven-ESG.parquet,TRUE,0,19.782039880752563,NA,
SDSC_ISG-TrendModel/2022-07-31-SDSC_ISG-TrendModel.parquet,TRUE,0,8.64142370223999,NA,
STH-3PU/2020-06-12-STH-3PU.parquet,TRUE,0,3.3552637100219727,NA,
UA-EpiCovDA/2020-06-19-UA-EpiCovDA.parquet,TRUE,0,10.916630744934082,NA,
UChicagoCHATTOPADHYAY-UnIT/2021-04-18-UChicagoCHATTOPADHYAY-UnIT.parquet,FALSE,1,256.8825509548187,"?: Required task ID/output type/output type ID combinations missing.  
 See `missing` attribute for details.",
UCSD_NEU-DeepGLEAM/2021-11-15-UCSD_NEU-DeepGLEAM.parquet,TRUE,0,12.467693328857422,NA,
UMass-MechBayes/2021-08-15-UMass-MechBayes.parquet,FALSE,1,13.468695878982544,"?: Required task ID/output type/output type ID combinations missing.  
 See `missing` attribute for details.",
UMass-trends_ensemble/2023-06-12-UMass-trends_ensemble.parquet,TRUE,0,32.22550678253174,NA,
USC-SI_kJalpha/2020-08-23-USC-SI_kJalpha.parquet,TRUE,0,206.5964992046356,NA,
UT-Osiris/2022-04-11-UT-Osiris.parquet,TRUE,0,45.7132682800293,NA,
UVA-Ensemble/2022-06-27-UVA-Ensemble.parquet,TRUE,0,538.2897436618805,NA,
YYG-ParamSearch/2020-08-06-YYG-ParamSearch.parquet,TRUE,0,27.23302435874939,NA,
BPagano-RtDriven/2021-09-19-BPagano-RtDriven.parquet,TRUE,0,16.15606665611267,NA,
CEPH-Rtrend_covid/2023-01-09-CEPH-Rtrend_covid.parquet,TRUE,0,35.18249535560608,NA,
CMU-TimeSeries/2023-04-24-CMU-TimeSeries.parquet,TRUE,0,21.265432119369507,NA,
CovidAnalytics-DELPHI/2020-12-28-CovidAnalytics-DELPHI.parquet,TRUE,0,20.246729135513306,NA,
COVIDhub_CDC-ensemble/2022-08-22-COVIDhub_CDC-ensemble.parquet,TRUE,0,44.40221858024597,NA,
COVIDhub-4_week_ensemble/2022-06-20-COVIDhub-4_week_ensemble.parquet,TRUE,0,415.030446767807,NA,
COVIDhub-baseline/2022-03-28-COVIDhub-baseline.parquet,TRUE,0,797.6380381584167,NA,
COVIDhub-ensemble/2022-01-10-COVIDhub-ensemble.parquet,TRUE,0,119.4598307609558,NA,
COVIDhub-trained_ensemble/2022-10-10-COVIDhub-trained_ensemble.parquet,TRUE,0,392.4929888248443,NA,
CU-nochange/2022-03-13-CU-nochange.parquet,TRUE,0,579.331131696701,NA,
CU-scenario_low/2020-12-03-CU-scenario_low.parquet,TRUE,0,572.3493654727936,NA,
CU-scenario_mid/2021-05-09-CU-scenario_mid.parquet,TRUE,0,567.6014349460602,NA,
CU-select/2021-11-21-CU-select.parquet,TRUE,0,562.6249196529388,NA,
CUBoulder-COVIDLSTM/2023-02-12-CUBoulder-COVIDLSTM.parquet,TRUE,0,344.664528131485,NA,
epiforecasts-ensemble1/2022-01-24-epiforecasts-ensemble1.parquet,TRUE,0,9.350097179412842,NA,
FAIR-NRAR/2021-08-10-FAIR-NRAR.parquet,TRUE,0,360.3868522644043,NA,
FRBSF_Wilson-Econometric/2022-04-18-FRBSF_Wilson-Econometric.parquet,TRUE,0,169.6409363746643,NA,
GT-DeepCOVID/2020-09-14-GT-DeepCOVID.parquet,TRUE,0,38.536484479904175,NA,
HKUST-DNN/2022-08-08-HKUST-DNN.parquet,TRUE,0,6.250046491622925,NA,
IHME-CurveFit/2021-07-30-IHME-CurveFit.parquet,TRUE,0,195.35152649879456,NA,
JHU_CSSE-DECOM/2021-01-31-JHU_CSSE-DECOM.parquet,TRUE,0,15.412068367004396,NA,
JHU_IDD-CovidSP/2023-10-29-JHU_IDD-CovidSP.parquet,TRUE,0,21.33204936981201,NA,
JHUAPL-Gecko/2021-08-29-JHUAPL-Gecko.parquet,TRUE,0,53.1815447807312,NA,
Karlen-pypm/2021-05-09-Karlen-pypm.parquet,TRUE,0,59.58992052078247,NA,
LANL-GrowthRate/2020-07-20-LANL-GrowthRate.parquet,TRUE,0,10.928080558776855,NA,
LUcompUncertLab-VAR_3streams/2022-08-29-LUcompUncertLab-VAR_3streams.parquet,TRUE,0,322.3583905696869,NA,
MIT_ISOLAT-Mixtures/2021-01-17-MIT_ISOLAT-Mixtures.parquet,TRUE,0,11.424983501434326,NA,
MITCovAlliance-SIR/2020-07-26-MITCovAlliance-SIR.parquet,TRUE,0,409.67295360565186,NA,
MOBS-GLEAM_COVID/2023-11-27-MOBS-GLEAM_COVID.parquet,TRUE,0,21.785363912582397,NA,
NotreDame-FRED/2021-03-08-NotreDame-FRED.parquet,TRUE,0,3.8657877445220943,NA,
prolix-euclidean/2022-03-16-prolix-euclidean.parquet,TRUE,0,6.312164783477783,NA,
PSI-DRAFT/2021-08-09-PSI-DRAFT.parquet,TRUE,0,10.789024353027344,NA,
RobertWalraven-ESG/2020-07-27-RobertWalraven-ESG.parquet,TRUE,0,13.452834129333496,NA,
SDSC_ISG-TrendModel/2022-08-07-SDSC_ISG-TrendModel.parquet,TRUE,0,5.817988395690918,NA,
STH-3PU/2020-06-13-STH-3PU.parquet,TRUE,0,2.1860909461975098,NA,
UA-EpiCovDA/2020-06-21-UA-EpiCovDA.parquet,TRUE,0,6.802335739135742,NA,
UChicagoCHATTOPADHYAY-UnIT/2021-04-25-UChicagoCHATTOPADHYAY-UnIT.parquet,FALSE,1,173.27723145484924,"?: Required task ID/output type/output type ID combinations missing.  
 See `missing` attribute for details.",
UCSD_NEU-DeepGLEAM/2021-11-22-UCSD_NEU-DeepGLEAM.parquet,TRUE,0,8.440591096878052,NA,
UMass-MechBayes/2021-08-22-UMass-MechBayes.parquet,FALSE,1,8.888221502304077,"?: Required task ID/output type/output type ID combinations missing.  
 See `missing` attribute for details.",
UMass-trends_ensemble/2023-06-26-UMass-trends_ensemble.parquet,TRUE,0,21.45584774017334,NA,
USC-SI_kJalpha/2020-08-30-USC-SI_kJalpha.parquet,TRUE,0,139.93709182739258,NA,
UT-Osiris/2022-04-18-UT-Osiris.parquet,TRUE,0,35.75717520713806,NA,
UVA-Ensemble/2022-07-04-UVA-Ensemble.parquet,TRUE,0,45.5028350353241,NA,
YYG-ParamSearch/2020-08-07-YYG-ParamSearch.parquet,TRUE,0,18.35432529449463,NA,
BPagano-RtDriven/2021-09-26-BPagano-RtDriven.parquet,TRUE,0,17.754300117492676,NA,
CEPH-Rtrend_covid/2023-01-16-CEPH-Rtrend_covid.parquet,TRUE,0,40.546602725982666,NA,
CMU-TimeSeries/2023-05-01-CMU-TimeSeries.parquet,TRUE,0,21.352535009384155,NA,
CovidAnalytics-DELPHI/2021-01-04-CovidAnalytics-DELPHI.parquet,TRUE,0,22.62748146057129,NA,
COVIDhub_CDC-ensemble/2022-08-29-COVIDhub_CDC-ensemble.parquet,TRUE,0,52.61216187477112,NA,
COVIDhub-4_week_ensemble/2022-06-27-COVIDhub-4_week_ensemble.parquet,TRUE,0,488.33357310295105,NA,
COVIDhub-baseline/2022-04-04-COVIDhub-baseline.parquet,TRUE,0,903.4539394378662,NA,
COVIDhub-ensemble/2022-01-17-COVIDhub-ensemble.parquet,TRUE,0,128.98703265190125,NA,
COVIDhub-trained_ensemble/2022-10-17-COVIDhub-trained_ensemble.parquet,TRUE,0,463.2700898647308,NA,
CU-nochange/2022-03-20-CU-nochange.parquet,TRUE,0,671.3990745544434,NA,
CU-scenario_low/2020-12-06-CU-scenario_low.parquet,TRUE,0,641.6979238986969,NA,
CU-scenario_mid/2021-05-16-CU-scenario_mid.parquet,TRUE,0,638.5578122138977,NA,
CU-select/2021-11-28-CU-select.parquet,TRUE,0,670.3551206588745,NA,
CWRU-COVID_19Predict/2021-11-14-CWRU-COVID_19Predict.parquet,TRUE,0,24.680697679519653,NA,
epiforecasts-ensemble1/2022-01-31-epiforecasts-ensemble1.parquet,TRUE,0,10.358624696731567,NA,
FAIR-NRAR/2021-08-11-FAIR-NRAR.parquet,TRUE,0,408.03005504608154,NA,
FRBSF_Wilson-Econometric/2022-04-25-FRBSF_Wilson-Econometric.parquet,TRUE,0,202.0363297462463,NA,
GT-DeepCOVID/2020-09-21-GT-DeepCOVID.parquet,TRUE,0,41.094444036483765,NA,
HKUST-DNN/2022-08-15-HKUST-DNN.parquet,TRUE,0,6.603079319000244,NA,
IHME-CurveFit/2021-08-09-IHME-CurveFit.parquet,TRUE,0,229.85715293884277,NA,
JHU_CSSE-DECOM/2021-02-07-JHU_CSSE-DECOM.parquet,TRUE,0,17.21369743347168,NA,
JHU_IDD-CovidSP/2023-11-05-JHU_IDD-CovidSP.parquet,TRUE,0,3.781744718551636,NA,
JHUAPL-Gecko/2021-09-05-JHUAPL-Gecko.parquet,TRUE,0,58.93967127799988,NA,
Karlen-pypm/2021-05-16-Karlen-pypm.parquet,TRUE,0,67.49687576293945,NA,
LANL-GrowthRate/2020-07-23-LANL-GrowthRate.parquet,TRUE,0,11.861406087875366,NA,
LUcompUncertLab-VAR_3streams/2022-09-05-LUcompUncertLab-VAR_3streams.parquet,TRUE,0,392.9043204784394,NA,
MIT_ISOLAT-Mixtures/2021-01-25-MIT_ISOLAT-Mixtures.parquet,TRUE,0,13.045618772506714,NA,
MITCovAlliance-SIR/2020-08-03-MITCovAlliance-SIR.parquet,TRUE,0,527.2370359897614,NA,
MOBS-GLEAM_COVID/2023-12-04-MOBS-GLEAM_COVID.parquet,TRUE,0,24.221907138824463,NA,
NotreDame-mobility/2020-06-22-NotreDame-mobility.parquet,TRUE,0,10.24761724472046,NA,
prolix-euclidean/2022-03-17-prolix-euclidean.parquet,TRUE,0,7.62797737121582,NA,
PSI-DRAFT/2021-08-16-PSI-DRAFT.parquet,TRUE,0,11.181060552597046,NA,
RobertWalraven-ESG/2020-08-01-RobertWalraven-ESG.parquet,TRUE,0,398.24813771247864,NA,
SDSC_ISG-TrendModel/2022-08-14-SDSC_ISG-TrendModel.parquet,TRUE,0,7.062863111495972,NA,
STH-3PU/2020-06-14-STH-3PU.parquet,TRUE,0,2.432290315628052,NA,
UA-EpiCovDA/2020-06-28-UA-EpiCovDA.parquet,TRUE,0,7.730696678161621,NA,
UChicagoCHATTOPADHYAY-UnIT/2021-05-02-UChicagoCHATTOPADHYAY-UnIT.parquet,FALSE,1,210.3739242553711,"?: Required task ID/output type/output type ID combinations missing.  
 See `missing` attribute for details.",
UCSD_NEU-DeepGLEAM/2021-11-29-UCSD_NEU-DeepGLEAM.parquet,TRUE,0,9.25830340385437,NA,
UMass-MechBayes/2021-08-29-UMass-MechBayes.parquet,TRUE,0,9.865965843200684,NA,
UMass-trends_ensemble/2023-07-03-UMass-trends_ensemble.parquet,TRUE,0,23.977476835250854,NA,
USC-SI_kJalpha/2020-09-06-USC-SI_kJalpha.parquet,TRUE,0,158.82396578788757,NA,
UT-Osiris/2022-04-25-UT-Osiris.parquet,TRUE,0,41.35396456718445,NA,
UVA-Ensemble/2022-07-11-UVA-Ensemble.parquet,TRUE,0,458.7856850624085,NA,
YYG-ParamSearch/2020-08-08-YYG-ParamSearch.parquet,TRUE,0,21.34522819519043,NA,
BPagano-RtDriven/2021-10-03-BPagano-RtDriven.parquet,TRUE,0,17.04190707206726,NA,
CEPH-Rtrend_covid/2023-01-23-CEPH-Rtrend_covid.parquet,TRUE,0,36.10195803642273,NA,
CMU-TimeSeries/2023-05-08-CMU-TimeSeries.parquet,TRUE,0,21.99524188041687,NA,
CovidAnalytics-DELPHI/2021-01-11-CovidAnalytics-DELPHI.parquet,TRUE,0,21.76748037338257,NA,
COVIDhub_CDC-ensemble/2022-09-05-COVIDhub_CDC-ensemble.parquet,TRUE,0,47.291943073272705,NA,
COVIDhub-4_week_ensemble/2022-07-04-COVIDhub-4_week_ensemble.parquet,TRUE,0,440.00027346611023,NA,
COVIDhub-baseline/2022-04-11-COVIDhub-baseline.parquet,TRUE,0,823.2166142463684,NA,
COVIDhub-ensemble/2022-01-24-COVIDhub-ensemble.parquet,TRUE,0,118.86633944511414,NA,
COVIDhub-trained_ensemble/2022-10-24-COVIDhub-trained_ensemble.parquet,TRUE,0,438.4738712310791,NA,
CU-nochange/2022-03-27-CU-nochange.parquet,TRUE,0,642.5936133861542,NA,
CU-scenario_low/2020-12-10-CU-scenario_low.parquet,TRUE,0,642.2435963153839,NA,
CU-scenario_mid/2021-05-23-CU-scenario_mid.parquet,TRUE,0,609.9576315879822,NA,
CU-select/2021-12-05-CU-select.parquet,TRUE,0,609.8263182640076,NA,
CWRU-COVID_19Predict/2021-11-21-CWRU-COVID_19Predict.parquet,TRUE,0,24.603578805923465,NA,
epiforecasts-ensemble1/2022-02-07-epiforecasts-ensemble1.parquet,TRUE,0,9.747833251953123,NA,
FAIR-NRAR/2021-08-12-FAIR-NRAR.parquet,TRUE,0,384.8166365623474,NA,
FRBSF_Wilson-Econometric/2022-05-02-FRBSF_Wilson-Econometric.parquet,TRUE,0,211.5454947948456,NA,
GT-DeepCOVID/2020-09-28-GT-DeepCOVID.parquet,TRUE,0,42.80668759346008,NA,
HKUST-DNN/2022-08-22-HKUST-DNN.parquet,TRUE,0,6.693795680999756,NA,
IHME-CurveFit/2021-08-27-IHME-CurveFit.parquet,TRUE,0,216.574560880661,NA,
JHU_CSSE-DECOM/2021-02-14-JHU_CSSE-DECOM.parquet,TRUE,0,15.60561203956604,NA,
JHU_IDD-CovidSP/2023-11-12-JHU_IDD-CovidSP.parquet,TRUE,0,21.821274280548096,NA,
JHUAPL-Gecko/2021-09-12-JHUAPL-Gecko.parquet,TRUE,0,54.74573230743408,NA,
Karlen-pypm/2021-05-23-Karlen-pypm.parquet,TRUE,0,61.04644012451172,NA,
LANL-GrowthRate/2020-07-27-LANL-GrowthRate.parquet,TRUE,0,708.2305674552917,NA,
LUcompUncertLab-VAR_3streams/2022-09-12-LUcompUncertLab-VAR_3streams.parquet,TRUE,0,337.375524520874,NA,
MIT_ISOLAT-Mixtures/2021-02-01-MIT_ISOLAT-Mixtures.parquet,TRUE,0,12.124031782150269,NA,
MITCovAlliance-SIR/2020-08-17-MITCovAlliance-SIR.parquet,TRUE,0,502.5338559150696,NA,
MOBS-GLEAM_COVID/2023-12-11-MOBS-GLEAM_COVID.parquet,TRUE,0,24.300554275512695,NA,
NotreDame-mobility/2020-06-29-NotreDame-mobility.parquet,TRUE,0,10.586483478546144,NA,
prolix-euclidean/2022-03-19-prolix-euclidean.parquet,TRUE,0,7.367953062057495,NA,
PSI-DRAFT/2021-08-23-PSI-DRAFT.parquet,TRUE,0,10.782412767410278,NA,
RobertWalraven-ESG/2020-08-03-RobertWalraven-ESG.parquet,TRUE,0,400.713299036026,NA,
SDSC_ISG-TrendModel/2022-08-21-SDSC_ISG-TrendModel.parquet,TRUE,0,6.493877172470093,NA,
STH-3PU/2020-06-15-STH-3PU.parquet,TRUE,0,2.3147268295288086,NA,
UA-EpiCovDA/2020-07-05-UA-EpiCovDA.parquet,TRUE,0,7.755047798156738,NA,
UChicagoCHATTOPADHYAY-UnIT/2021-05-09-UChicagoCHATTOPADHYAY-UnIT.parquet,FALSE,1,204.43739414215088,"?: Required task ID/output type/output type ID combinations missing.  
 See `missing` attribute for details.",
UCSD_NEU-DeepGLEAM/2021-12-06-UCSD_NEU-DeepGLEAM.parquet,TRUE,0,9.328927516937256,NA,
UMass-MechBayes/2021-09-05-UMass-MechBayes.parquet,TRUE,0,10.083104372024536,NA,
UMass-trends_ensemble/2023-07-10-UMass-trends_ensemble.parquet,TRUE,0,24.317648887634277,NA,
USC-SI_kJalpha/2020-09-13-USC-SI_kJalpha.parquet,TRUE,0,157.48446440696716,NA,
UT-Osiris/2022-05-02-UT-Osiris.parquet,TRUE,0,36.536032915115364,NA,
UVA-Ensemble/2022-07-18-UVA-Ensemble.parquet,TRUE,0,435.01256346702576,NA,
YYG-ParamSearch/2020-08-09-YYG-ParamSearch.parquet,TRUE,0,20.63554644584656,NA,
BPagano-RtDriven/2021-10-10-BPagano-RtDriven.parquet,TRUE,0,17.842093467712402,NA,
CEPH-Rtrend_covid/2023-01-30-CEPH-Rtrend_covid.parquet,TRUE,0,38.50417160987854,NA,
CMU-TimeSeries/2023-05-15-CMU-TimeSeries.parquet,TRUE,0,21.252872943878177,NA,
CovidAnalytics-DELPHI/2021-01-18-CovidAnalytics-DELPHI.parquet,TRUE,0,22.721331357955933,NA,
COVIDhub_CDC-ensemble/2022-09-12-COVIDhub_CDC-ensemble.parquet,TRUE,0,48.59508657455444,NA,
COVIDhub-4_week_ensemble/2022-07-11-COVIDhub-4_week_ensemble.parquet,TRUE,0,438.80758357048035,NA,
COVIDhub-baseline/2022-04-18-COVIDhub-baseline.parquet,TRUE,0,848.442348241806,NA,
COVIDhub-ensemble/2022-01-31-COVIDhub-ensemble.parquet,TRUE,0,126.54862380027772,NA,
COVIDhub-trained_ensemble/2022-10-31-COVIDhub-trained_ensemble.parquet,TRUE,0,440.33518528938293,NA,
CU-nochange/2022-04-03-CU-nochange.parquet,TRUE,0,584.165712594986,NA,
CU-scenario_low/2020-12-13-CU-scenario_low.parquet,TRUE,0,634.4920682907104,NA,
CU-scenario_mid/2021-05-30-CU-scenario_mid.parquet,TRUE,0,630.2812354564667,NA,
CU-select/2021-12-12-CU-select.parquet,TRUE,0,612.0258529186249,NA,
CWRU-COVID_19Predict/2021-11-28-CWRU-COVID_19Predict.parquet,TRUE,0,25.481199264526367,NA,
epiforecasts-ensemble1/2022-02-14-epiforecasts-ensemble1.parquet,TRUE,0,10.277634382247925,NA,
FAIR-NRAR/2021-08-14-FAIR-NRAR.parquet,TRUE,0,406.6529693603515,NA,
FRBSF_Wilson-Econometric/2022-05-09-FRBSF_Wilson-Econometric.parquet,TRUE,0,201.51907086372375,NA,
GT-DeepCOVID/2020-10-05-GT-DeepCOVID.parquet,TRUE,0,44.55631899833679,NA,
HKUST-DNN/2022-08-29-HKUST-DNN.parquet,TRUE,0,6.973298072814941,NA,
IHME-CurveFit/2021-09-02-IHME-CurveFit.parquet,TRUE,0,219.6205203533173,NA,
JHU_CSSE-DECOM/2021-02-21-JHU_CSSE-DECOM.parquet,TRUE,0,15.843262672424316,NA,
JHU_IDD-CovidSP/2023-12-03-JHU_IDD-CovidSP.parquet,TRUE,0,22.17700171470642,NA,
JHUAPL-Gecko/2021-09-19-JHUAPL-Gecko.parquet,TRUE,0,57.939003705978394,NA,
Karlen-pypm/2021-05-30-Karlen-pypm.parquet,TRUE,0,67.54448914527893,NA,
LANL-GrowthRate/2020-07-30-LANL-GrowthRate.parquet,TRUE,0,724.7436947822571,NA,
LUcompUncertLab-VAR_3streams/2022-09-19-LUcompUncertLab-VAR_3streams.parquet,TRUE,0,346.6117968559265,NA,
MIT_ISOLAT-Mixtures/2021-02-08-MIT_ISOLAT-Mixtures.parquet,TRUE,0,12.60721755027771,NA,
MITCovAlliance-SIR/2020-08-31-MITCovAlliance-SIR.parquet,TRUE,0,582.093834400177,NA,
MOBS-GLEAM_COVID/2023-12-18-MOBS-GLEAM_COVID.parquet,TRUE,0,25.857686281204224,NA,
NotreDame-mobility/2020-07-06-NotreDame-mobility.parquet,TRUE,0,11.532901048660278,NA,
prolix-euclidean/2022-03-21-prolix-euclidean.parquet,TRUE,0,7.816867828369141,NA,
PSI-DRAFT/2021-08-30-PSI-DRAFT.parquet,TRUE,0,13.076183795928957,NA,
RobertWalraven-ESG/2020-08-10-RobertWalraven-ESG.parquet,TRUE,0,420.0239374637604,NA,
SDSC_ISG-TrendModel/2022-08-28-SDSC_ISG-TrendModel.parquet,TRUE,0,6.874681234359741,NA,
STH-3PU/2020-06-16-STH-3PU.parquet,TRUE,0,2.5162863731384277,NA,
UA-EpiCovDA/2020-07-12-UA-EpiCovDA.parquet,TRUE,0,8.119760036468506,NA,
UChicagoCHATTOPADHYAY-UnIT/2021-05-16-UChicagoCHATTOPADHYAY-UnIT.parquet,FALSE,1,203.83693933486936,"?: Required task ID/output type/output type ID combinations missing.  
 See `missing` attribute for details.",
UCSD_NEU-DeepGLEAM/2021-12-13-UCSD_NEU-DeepGLEAM.parquet,TRUE,0,9.82874608039856,NA,
UMass-MechBayes/2021-09-12-UMass-MechBayes.parquet,TRUE,0,10.316465377807615,NA,
UMass-trends_ensemble/2023-07-17-UMass-trends_ensemble.parquet,TRUE,0,24.076797008514404,NA,
USC-SI_kJalpha/2020-09-20-USC-SI_kJalpha.parquet,TRUE,0,165.98921632766724,NA,
UT-Osiris/2022-05-09-UT-Osiris.parquet,TRUE,0,39.1640887260437,NA,
UVA-Ensemble/2022-07-25-UVA-Ensemble.parquet,TRUE,0,477.50920248031616,NA,
YYG-ParamSearch/2020-08-10-YYG-ParamSearch.parquet,TRUE,0,22.56717014312744,NA,
BPagano-RtDriven/2021-10-17-BPagano-RtDriven.parquet,TRUE,0,18.60295534133911,NA,
CEPH-Rtrend_covid/2023-02-06-CEPH-Rtrend_covid.parquet,TRUE,0,40.59645485877991,NA,
CMU-TimeSeries/2023-05-22-CMU-TimeSeries.parquet,TRUE,0,22.039089679718018,NA,
CovidAnalytics-DELPHI/2021-01-25-CovidAnalytics-DELPHI.parquet,TRUE,0,23.468526363372803,NA,
COVIDhub_CDC-ensemble/2022-09-19-COVIDhub_CDC-ensemble.parquet,TRUE,0,50.70589733123779,NA,
COVIDhub-4_week_ensemble/2022-07-18-COVIDhub-4_week_ensemble.parquet,TRUE,0,483.6886429786682,NA,
COVIDhub-baseline/2022-04-25-COVIDhub-baseline.parquet,TRUE,0,923.961993932724,NA,
COVIDhub-ensemble/2022-02-07-COVIDhub-ensemble.parquet,TRUE,0,135.2904176712036,NA,
COVIDhub-trained_ensemble/2022-11-07-COVIDhub-trained_ensemble.parquet,TRUE,0,480.7191410064697,NA,
CU-nochange/2022-04-10-CU-nochange.parquet,TRUE,0,677.555566072464,NA,
CU-scenario_low/2020-12-17-CU-scenario_low.parquet,TRUE,0,663.5509386062622,NA,
CU-scenario_mid/2021-06-06-CU-scenario_mid.parquet,TRUE,0,704.9435789585114,NA,
CU-select/2021-12-19-CU-select.parquet,TRUE,0,681.0693731307983,NA,
CWRU-COVID_19Predict/2021-12-12-CWRU-COVID_19Predict.parquet,TRUE,0,25.85077142715454,NA,
epiforecasts-ensemble1/2022-02-21-epiforecasts-ensemble1.parquet,TRUE,0,10.849672079086304,NA,
FAIR-NRAR/2021-08-15-FAIR-NRAR.parquet,TRUE,0,428.09650468826294,NA,
Geneva-DetGrowth/2020-04-18-Geneva-DetGrowth.parquet,TRUE,0,2.50624418258667,NA,
GT-DeepCOVID/2020-10-12-GT-DeepCOVID.parquet,TRUE,0,50.69049024581909,NA,
HKUST-DNN/2022-09-05-HKUST-DNN.parquet,TRUE,0,7.440433979034424,NA,
IHME-CurveFit/2021-09-10-IHME-CurveFit.parquet,TRUE,0,237.5958201885223,NA,
JHU_CSSE-DECOM/2021-02-28-JHU_CSSE-DECOM.parquet,TRUE,0,18.881253242492676,NA,
JHU_IDD-CovidSP/2023-12-10-JHU_IDD-CovidSP.parquet,TRUE,0,25.83156394958496,NA,
JHUAPL-Gecko/2021-09-26-JHUAPL-Gecko.parquet,TRUE,0,60.249680519104,NA,
Karlen-pypm/2021-06-06-Karlen-pypm.parquet,TRUE,0,68.89455342292786,NA,
LANL-GrowthRate/2020-08-03-LANL-GrowthRate.parquet,TRUE,0,822.6615996360779,NA,
LUcompUncertLab-VAR_3streams/2022-09-26-LUcompUncertLab-VAR_3streams.parquet,TRUE,0,419.13251662254333,NA,
MIT_ISOLAT-Mixtures/2021-02-15-MIT_ISOLAT-Mixtures.parquet,TRUE,0,14.563124895095823,NA,
MITCovAlliance-SIR/2020-09-06-MITCovAlliance-SIR.parquet,TRUE,0,642.8936729431152,NA,
MOBS-GLEAM_COVID/2023-12-25-MOBS-GLEAM_COVID.parquet,TRUE,0,27.336395263671875,NA,
NotreDame-mobility/2020-07-13-NotreDame-mobility.parquet,TRUE,0,11.720507383346558,NA,
prolix-euclidean/2022-03-23-prolix-euclidean.parquet,TRUE,0,8.2720787525177,NA,
PSI-DRAFT/2021-09-06-PSI-DRAFT.parquet,TRUE,0,13.041495561599731,NA,
RobertWalraven-ESG/2020-08-16-RobertWalraven-ESG.parquet,TRUE,0,912.2651538848876,NA,
SDSC_ISG-TrendModel/2022-09-11-SDSC_ISG-TrendModel.parquet,TRUE,0,7.554597854614258,NA,
STH-3PU/2020-06-17-STH-3PU.parquet,TRUE,0,2.7867116928100586,NA,
UA-EpiCovDA/2020-07-19-UA-EpiCovDA.parquet,TRUE,0,8.472482442855835,NA,
UChicagoCHATTOPADHYAY-UnIT/2021-05-23-UChicagoCHATTOPADHYAY-UnIT.parquet,FALSE,1,226.57609105110168,"?: Required task ID/output type/output type ID combinations missing.  
 See `missing` attribute for details.",
UCSD_NEU-DeepGLEAM/2021-12-20-UCSD_NEU-DeepGLEAM.parquet,TRUE,0,10.42786979675293,NA,
UMass-MechBayes/2021-09-19-UMass-MechBayes.parquet,TRUE,0,10.878207445144652,NA,
UMass-trends_ensemble/2023-07-24-UMass-trends_ensemble.parquet,TRUE,0,26.358074426651,NA,
USC-SI_kJalpha/2020-09-27-USC-SI_kJalpha.parquet,TRUE,0,171.93572354316711,NA,
UT-Osiris/2022-05-16-UT-Osiris.parquet,TRUE,0,43.61843490600586,NA,
UVA-Ensemble/2022-08-01-UVA-Ensemble.parquet,TRUE,0,498.2401518821716,NA,
YYG-ParamSearch/2020-08-11-YYG-ParamSearch.parquet,TRUE,0,21.85850477218628,NA,
BPagano-RtDriven/2021-10-24-BPagano-RtDriven.parquet,TRUE,0,17.439090251922607,NA,
CEPH-Rtrend_covid/2023-02-13-CEPH-Rtrend_covid.parquet,TRUE,0,39.95975112915039,NA,
CMU-TimeSeries/2023-05-29-CMU-TimeSeries.parquet,TRUE,0,21.00536823272705,NA,
CovidAnalytics-DELPHI/2021-02-01-CovidAnalytics-DELPHI.parquet,TRUE,0,22.509103536605835,NA,
COVIDhub_CDC-ensemble/2022-09-26-COVIDhub_CDC-ensemble.parquet,TRUE,0,49.55300164222717,NA,
COVIDhub-4_week_ensemble/2022-07-25-COVIDhub-4_week_ensemble.parquet,TRUE,0,473.36542415618896,NA,
COVIDhub-baseline/2022-05-02-COVIDhub-baseline.parquet,TRUE,0,891.9932119846344,NA,
COVIDhub-ensemble/2022-02-14-COVIDhub-ensemble.parquet,TRUE,0,129.1936535835266,NA,
COVIDhub-trained_ensemble/2022-11-14-COVIDhub-trained_ensemble.parquet,TRUE,0,481.8834195137024,NA,
CU-nochange/2022-04-17-CU-nochange.parquet,TRUE,0,675.5364906787872,NA,
CU-scenario_low/2020-12-20-CU-scenario_low.parquet,TRUE,0,660.0812106132507,NA,
CU-scenario_mid/2021-06-13-CU-scenario_mid.parquet,TRUE,0,659.9507029056549,NA,
CU-select/2021-12-26-CU-select.parquet,TRUE,0,662.0231680870056,NA,
CWRU-COVID_19Predict/2022-01-09-CWRU-COVID_19Predict.parquet,TRUE,0,26.698538064956665,NA,
epiforecasts-ensemble1/2022-02-28-epiforecasts-ensemble1.parquet,TRUE,0,10.092387676239014,NA,
FAIR-NRAR/2021-08-16-FAIR-NRAR.parquet,TRUE,0,416.8143103122711,NA,
Geneva-DetGrowth/2020-04-19-Geneva-DetGrowth.parquet,TRUE,0,2.3351287841796875,NA,
GT-DeepCOVID/2020-10-19-GT-DeepCOVID.parquet,TRUE,0,48.168487310409546,NA,
HKUST-DNN/2022-09-12-HKUST-DNN.parquet,TRUE,0,6.70274019241333,NA,
IHME-CurveFit/2021-09-16-IHME-CurveFit.parquet,TRUE,0,233.04556846618652,NA,
JHU_CSSE-DECOM/2021-03-14-JHU_CSSE-DECOM.parquet,TRUE,0,17.4317786693573,NA,
JHU_IDD-CovidSP/2023-12-17-JHU_IDD-CovidSP.parquet,TRUE,0,24.51373720169067,NA,
JHUAPL-Gecko/2021-10-03-JHUAPL-Gecko.parquet,TRUE,0,58.83181142807007,NA,
Karlen-pypm/2021-06-13-Karlen-pypm.parquet,TRUE,0,65.1911826133728,NA,
LANL-GrowthRate/2020-08-06-LANL-GrowthRate.parquet,TRUE,0,806.4813463687897,NA,
LUcompUncertLab-VAR_3streams/2022-10-03-LUcompUncertLab-VAR_3streams.parquet,TRUE,0,388.9087815284729,NA,
MIT_ISOLAT-Mixtures/2021-02-22-MIT_ISOLAT-Mixtures.parquet,TRUE,0,13.369689226150513,NA,
MITCovAlliance-SIR/2020-09-13-MITCovAlliance-SIR.parquet,TRUE,0,686.493403673172,NA,
MOBS-GLEAM_COVID/2024-01-01-MOBS-GLEAM_COVID.parquet,TRUE,0,27.70378851890564,NA,
NotreDame-mobility/2020-07-20-NotreDame-mobility.parquet,TRUE,0,11.7565495967865,NA,
prolix-euclidean/2022-03-27-prolix-euclidean.parquet,TRUE,0,8.413214206695557,NA,
PSI-DRAFT/2021-09-13-PSI-DRAFT.parquet,TRUE,0,13.971917629241943,NA,
RobertWalraven-ESG/2020-08-17-RobertWalraven-ESG.parquet,TRUE,0,935.5342259407043,NA,
SDSC_ISG-TrendModel/2022-09-18-SDSC_ISG-TrendModel.parquet,TRUE,0,7.424053192138672,NA,
STH-3PU/2020-06-18-STH-3PU.parquet,TRUE,0,2.5551326274871826,NA,
UA-EpiCovDA/2020-07-26-UA-EpiCovDA.parquet,TRUE,0,10.318087100982666,NA,
UChicagoCHATTOPADHYAY-UnIT/2021-05-30-UChicagoCHATTOPADHYAY-UnIT.parquet,FALSE,1,220.38846731185913,"?: Required task ID/output type/output type ID combinations missing.  
 See `missing` attribute for details.",
UCSD_NEU-DeepGLEAM/2021-12-27-UCSD_NEU-DeepGLEAM.parquet,TRUE,0,10.024498462677002,NA,
UMass-MechBayes/2021-09-26-UMass-MechBayes.parquet,TRUE,0,10.856549501419067,NA,
UMass-trends_ensemble/2023-07-31-UMass-trends_ensemble.parquet,TRUE,0,26.247746467590332,NA,
USC-SI_kJalpha/2020-10-04-USC-SI_kJalpha.parquet,TRUE,0,178.0402970314026,NA,
UT-Osiris/2022-05-23-UT-Osiris.parquet,TRUE,0,41.8038957118988,NA,
UVA-Ensemble/2022-08-08-UVA-Ensemble.parquet,TRUE,0,479.25163531303406,NA,
YYG-ParamSearch/2020-08-12-YYG-ParamSearch.parquet,TRUE,0,20.04003357887268,NA,
BPagano-RtDriven/2021-10-31-BPagano-RtDriven.parquet,TRUE,0,16.788024425506592,NA,
CEPH-Rtrend_covid/2023-02-20-CEPH-Rtrend_covid.parquet,TRUE,0,36.533344984054565,NA,
CMU-TimeSeries/2023-06-05-CMU-TimeSeries.parquet,TRUE,0,18.761000394821167,NA,
CovidAnalytics-DELPHI/2021-02-08-CovidAnalytics-DELPHI.parquet,TRUE,0,21.441370964050293,NA,
COVIDhub_CDC-ensemble/2022-10-03-COVIDhub_CDC-ensemble.parquet,TRUE,0,45.18524765968323,NA,
COVIDhub-4_week_ensemble/2022-08-01-COVIDhub-4_week_ensemble.parquet,TRUE,0,431.02896642684937,NA,
COVIDhub-baseline/2022-05-09-COVIDhub-baseline.parquet,TRUE,0,801.7383589744568,NA,
COVIDhub-ensemble/2022-02-21-COVIDhub-ensemble.parquet,TRUE,0,117.83237600326538,NA,
COVIDhub-trained_ensemble/2022-11-21-COVIDhub-trained_ensemble.parquet,TRUE,0,433.0028519630432,NA,
CU-nochange/2022-04-24-CU-nochange.parquet,TRUE,0,604.1506085395813,NA,
CU-scenario_low/2020-12-24-CU-scenario_low.parquet,TRUE,0,577.3152275085449,NA,
CU-scenario_mid/2021-06-20-CU-scenario_mid.parquet,TRUE,0,597.8681666851044,NA,
CU-select/2022-01-02-CU-select.parquet,TRUE,0,602.496889591217,NA,
CWRU-COVID_19Predict/2022-01-16-CWRU-COVID_19Predict.parquet,TRUE,0,22.901688814163208,NA,
epiforecasts-ensemble1/2022-03-07-epiforecasts-ensemble1.parquet,TRUE,0,9.46115231513977,NA,
FAIR-NRAR/2021-08-17-FAIR-NRAR.parquet,TRUE,0,378.0683093070984,NA,
Geneva-DetGrowth/2020-04-20-Geneva-DetGrowth.parquet,TRUE,0,2.2357687950134277,NA,
GT-DeepCOVID/2020-10-26-GT-DeepCOVID.parquet,TRUE,0,41.25207042694092,NA,
HKUST-DNN/2022-09-19-HKUST-DNN.parquet,TRUE,0,6.490345001220703,NA,
IHME-CurveFit/2021-09-23-IHME-CurveFit.parquet,TRUE,0,209.2311375141144,NA,
JHU_CSSE-DECOM/2021-03-21-JHU_CSSE-DECOM.parquet,TRUE,0,15.783829927444458,NA,
JHU_IDD-CovidSP/2023-12-31-JHU_IDD-CovidSP.parquet,TRUE,0,22.17961096763611,NA,
JHUAPL-Gecko/2021-10-10-JHUAPL-Gecko.parquet,TRUE,0,54.59753680229187,NA,
Karlen-pypm/2021-06-20-Karlen-pypm.parquet,TRUE,0,60.602736711502075,NA,
LANL-GrowthRate/2020-08-10-LANL-GrowthRate.parquet,TRUE,0,720.4016017913818,NA,
LUcompUncertLab-VAR_3streams/2022-10-10-LUcompUncertLab-VAR_3streams.parquet,TRUE,0,327.74876070022583,NA,
MIT_ISOLAT-Mixtures/2021-03-01-MIT_ISOLAT-Mixtures.parquet,TRUE,0,11.54209804534912,NA,
MITCovAlliance-SIR/2020-09-21-MITCovAlliance-SIR.parquet,TRUE,0,646.8062725067139,NA,
MOBS-GLEAM_COVID/2024-01-29-MOBS-GLEAM_COVID.parquet,TRUE,0,26.01091885566711,NA,
NotreDame-mobility/2020-07-27-NotreDame-mobility.parquet,TRUE,0,13.206189155578612,NA,
prolix-euclidean/2022-03-28-prolix-euclidean.parquet,TRUE,0,7.570079326629639,NA,
PSI-DRAFT/2021-09-20-PSI-DRAFT.parquet,TRUE,0,13.4045729637146,NA,
RobertWalraven-ESG/2020-08-23-RobertWalraven-ESG.parquet,TRUE,0,861.9080638885498,NA,
SDSC_ISG-TrendModel/2022-09-25-SDSC_ISG-TrendModel.parquet,TRUE,0,6.61375617980957,NA,
STH-3PU/2020-06-19-STH-3PU.parquet,TRUE,0,2.478450298309326,NA,
UA-EpiCovDA/2020-08-02-UA-EpiCovDA.parquet,TRUE,0,9.345719575881958,NA,
UChicagoCHATTOPADHYAY-UnIT/2021-06-06-UChicagoCHATTOPADHYAY-UnIT.parquet,FALSE,1,225.0943386554718,"?: Required task ID/output type/output type ID combinations missing.  
 See `missing` attribute for details.",
UCSD_NEU-DeepGLEAM/2022-01-10-UCSD_NEU-DeepGLEAM.parquet,TRUE,0,9.593621492385864,NA,
UMass-MechBayes/2021-10-03-UMass-MechBayes.parquet,TRUE,0,10.200717210769652,NA,
UMass-trends_ensemble/2023-08-07-UMass-trends_ensemble.parquet,TRUE,0,24.374680519104004,NA,
USC-SI_kJalpha/2020-10-11-USC-SI_kJalpha.parquet,TRUE,0,189.38415503501892,NA,
UT-Osiris/2022-06-06-UT-Osiris.parquet,TRUE,0,42.28275728225708,NA,
UVA-Ensemble/2022-08-15-UVA-Ensemble.parquet,TRUE,0,492.77266097068787,NA,
YYG-ParamSearch/2020-08-13-YYG-ParamSearch.parquet,TRUE,0,20.27943205833435,NA,
BPagano-RtDriven/2021-11-07-BPagano-RtDriven.parquet,TRUE,0,16.54321265220642,NA,
CEPH-Rtrend_covid/2023-02-27-CEPH-Rtrend_covid.parquet,TRUE,0,47.78833603858948,NA,
CMU-TimeSeries/2023-06-12-CMU-TimeSeries.parquet,TRUE,0,29.592835426330566,NA,
CovidAnalytics-DELPHI/2021-02-15-CovidAnalytics-DELPHI.parquet,TRUE,0,31.043049812316895,NA,
COVIDhub_CDC-ensemble/2022-10-10-COVIDhub_CDC-ensemble.parquet,TRUE,0,75.73065447807312,NA,
COVIDhub-4_week_ensemble/2022-08-08-COVIDhub-4_week_ensemble.parquet,TRUE,0,601.7371699810028,NA,
COVIDhub-baseline/2022-05-16-COVIDhub-baseline.parquet,TRUE,0,1187.909497976303,NA,
COVIDhub-ensemble/2022-02-28-COVIDhub-ensemble.parquet,TRUE,0,176.50356721878052,NA,
COVIDhub-trained_ensemble/2022-11-28-COVIDhub-trained_ensemble.parquet,TRUE,0,612.4196360111237,NA,
CU-nochange/2022-05-01-CU-nochange.parquet,TRUE,0,879.4899122714996,NA,
CU-scenario_low/2020-12-27-CU-scenario_low.parquet,TRUE,0,867.0626912117004,NA,
CU-scenario_mid/2021-06-27-CU-scenario_mid.parquet,TRUE,0,860.3941752910614,NA,
CU-select/2022-01-09-CU-select.parquet,TRUE,0,861.5598559379578,NA,
CWRU-COVID_19Predict/2022-01-23-CWRU-COVID_19Predict.parquet,TRUE,0,37.21771836280823,NA,
FAIR-NRAR/2020-11-18-FAIR-NRAR.parquet,TRUE,0,80.05599689483643,NA,
FAIR-NRAR/2021-08-18-FAIR-NRAR.parquet,TRUE,0,521.3239753246307,NA,
Geneva-DetGrowth/2020-04-25-Geneva-DetGrowth.parquet,TRUE,0,3.4367918968200684,NA,
GT-DeepCOVID/2020-11-02-GT-DeepCOVID.parquet,TRUE,0,71.14098167419434,NA,
HKUST-DNN/2022-10-03-HKUST-DNN.parquet,TRUE,0,10.409379959106444,NA,
IHME-CurveFit/2021-10-01-IHME-CurveFit.parquet,TRUE,0,311.90319991111755,NA,
JHU_CSSE-DECOM/2021-03-28-JHU_CSSE-DECOM.parquet,TRUE,0,20.78003478050232,NA,
JHU_IDD-CovidSP/2024-01-07-JHU_IDD-CovidSP.parquet,TRUE,0,38.91442155838013,NA,
JHUAPL-Gecko/2021-10-17-JHUAPL-Gecko.parquet,TRUE,0,97.96905636787416,NA,
Karlen-pypm/2021-06-27-Karlen-pypm.parquet,TRUE,0,86.90387606620789,NA,
LANL-GrowthRate/2020-08-13-LANL-GrowthRate.parquet,TRUE,0,1115.865974187851,NA,
LUcompUncertLab-VAR_3streams/2022-10-17-LUcompUncertLab-VAR_3streams.parquet,TRUE,0,472.5836424827576,NA,
MIT_ISOLAT-Mixtures/2021-03-08-MIT_ISOLAT-Mixtures.parquet,TRUE,0,16.431570053100586,NA,
MITCovAlliance-SIR/2020-09-28-MITCovAlliance-SIR.parquet,TRUE,0,901.294936656952,NA,
MOBS-GLEAM_COVID/2024-02-05-MOBS-GLEAM_COVID.parquet,TRUE,0,38.09322571754456,NA,
NotreDame-mobility/2020-08-03-NotreDame-mobility.parquet,TRUE,0,19.847718238830566,NA,
prolix-euclidean/2022-03-29-prolix-euclidean.parquet,TRUE,0,9.88308811187744,NA,
PSI-DRAFT/2021-09-27-PSI-DRAFT.parquet,TRUE,0,16.47551655769348,NA,
RobertWalraven-ESG/2020-08-24-RobertWalraven-ESG.parquet,TRUE,0,1136.2238972187042,NA,
SDSC_ISG-TrendModel/2022-10-02-SDSC_ISG-TrendModel.parquet,TRUE,0,7.892278432846069,NA,
STH-3PU/2020-06-20-STH-3PU.parquet,TRUE,0,2.927170515060425,NA,
UA-EpiCovDA/2020-08-09-UA-EpiCovDA.parquet,TRUE,0,11.337449312210085,NA,
UChicagoCHATTOPADHYAY-UnIT/2021-06-20-UChicagoCHATTOPADHYAY-UnIT.parquet,FALSE,1,277.01047825813293,"?: Required task ID/output type/output type ID combinations missing.  
 See `missing` attribute for details.",
UCSD_NEU-DeepGLEAM/2022-01-17-UCSD_NEU-DeepGLEAM.parquet,TRUE,0,8.74502944946289,NA,
UMass-MechBayes/2021-10-10-UMass-MechBayes.parquet,TRUE,0,11.944097518920898,NA,
UMass-trends_ensemble/2023-08-14-UMass-trends_ensemble.parquet,TRUE,0,30.465112447738647,NA,
USC-SI_kJalpha/2020-10-18-USC-SI_kJalpha.parquet,TRUE,0,281.12637186050415,NA,
UT-Osiris/2022-06-13-UT-Osiris.parquet,TRUE,0,40.139636278152466,NA,
UVA-Ensemble/2022-08-22-UVA-Ensemble.parquet,TRUE,0,650.7783122062683,NA,
YYG-ParamSearch/2020-08-14-YYG-ParamSearch.parquet,TRUE,0,22.13353419303894,NA,
BPagano-RtDriven/2021-11-14-BPagano-RtDriven.parquet,TRUE,0,16.10040521621704,NA,
CEPH-Rtrend_covid/2023-03-06-CEPH-Rtrend_covid.parquet,TRUE,0,15.333488702774048,NA,
CMU-TimeSeries/2023-06-19-CMU-TimeSeries.parquet,TRUE,0,17.53623914718628,NA,
CovidAnalytics-DELPHI/2021-02-22-CovidAnalytics-DELPHI.parquet,TRUE,0,20.727720260620117,NA,
COVIDhub_CDC-ensemble/2022-10-17-COVIDhub_CDC-ensemble.parquet,TRUE,0,48.18902015686035,NA,
COVIDhub-4_week_ensemble/2022-08-15-COVIDhub-4_week_ensemble.parquet,TRUE,0,406.3481912612915,NA,
COVIDhub-baseline/2022-05-23-COVIDhub-baseline.parquet,TRUE,0,753.089685678482,NA,
COVIDhub-ensemble/2022-03-07-COVIDhub-ensemble.parquet,TRUE,0,114.84929037094116,NA,
COVIDhub-trained_ensemble/2022-12-05-COVIDhub-trained_ensemble.parquet,TRUE,0,411.0339262485504,NA,
CU-nochange/2022-05-08-CU-nochange.parquet,TRUE,0,609.7078332901001,NA,
CU-scenario_low/2021-01-03-CU-scenario_low.parquet,TRUE,0,567.5508804321289,NA,
CU-scenario_mid/2021-07-04-CU-scenario_mid.parquet,TRUE,0,548.5868144035339,NA,
CU-select/2022-01-16-CU-select.parquet,TRUE,0,571.0363745689392,NA,
CWRU-COVID_19Predict/2022-01-30-CWRU-COVID_19Predict.parquet,TRUE,0,22.40758967399597,NA,
FAIR-NRAR/2020-11-19-FAIR-NRAR.parquet,TRUE,0,40.23995018005371,NA,
FAIR-NRAR/2021-08-19-FAIR-NRAR.parquet,TRUE,0,347.2208092212677,NA,
Geneva-DetGrowth/2020-04-27-Geneva-DetGrowth.parquet,TRUE,0,2.058809757232666,NA,
GT-DeepCOVID/2020-11-09-GT-DeepCOVID.parquet,TRUE,0,37.20847296714783,NA,
HKUST-DNN/2022-10-10-HKUST-DNN.parquet,TRUE,0,6.3341710567474365,NA,
IHME-CurveFit/2021-10-18-IHME-CurveFit.parquet,TRUE,0,203.29215097427368,NA,
JHU_CSSE-DECOM/2021-04-04-JHU_CSSE-DECOM.parquet,TRUE,0,15.199918746948242,NA,
JHU_IDD-CovidSP/2024-01-14-JHU_IDD-CovidSP.parquet,TRUE,0,21.41051721572876,NA,
JHUAPL-Gecko/2021-10-24-JHUAPL-Gecko.parquet,TRUE,0,50.29098272323608,NA,
Karlen-pypm/2021-07-04-Karlen-pypm.parquet,TRUE,0,55.96400475502014,NA,
LANL-GrowthRate/2020-08-17-LANL-GrowthRate.parquet,TRUE,0,699.2315104007721,NA,
LUcompUncertLab-VAR_3streams/2022-10-24-LUcompUncertLab-VAR_3streams.parquet,TRUE,0,321.65096163749695,NA,
MIT_ISOLAT-Mixtures/2021-03-15-MIT_ISOLAT-Mixtures.parquet,TRUE,0,11.31615114212036,NA,
MITCovAlliance-SIR/2020-10-12-MITCovAlliance-SIR.parquet,TRUE,0,594.5307903289795,NA,
MOBS-GLEAM_COVID/2024-02-12-MOBS-GLEAM_COVID.parquet,TRUE,0,22.852966785430908,NA,
NotreDame-mobility/2020-08-10-NotreDame-mobility.parquet,TRUE,0,11.601311683654783,NA,
prolix-euclidean/2022-03-30-prolix-euclidean.parquet,TRUE,0,6.453076362609863,NA,
PSI-DRAFT/2021-10-04-PSI-DRAFT.parquet,TRUE,0,11.4622962474823,NA,
RobertWalraven-ESG/2020-08-30-RobertWalraven-ESG.parquet,TRUE,0,727.5980312824249,NA,
SDSC_ISG-TrendModel/2022-10-09-SDSC_ISG-TrendModel.parquet,TRUE,0,5.8506927490234375,NA,
STH-3PU/2020-06-21-STH-3PU.parquet,TRUE,0,2.1883456707000732,NA,
UA-EpiCovDA/2020-08-16-UA-EpiCovDA.parquet,TRUE,0,8.425385236740112,NA,
UChicagoCHATTOPADHYAY-UnIT/2021-06-27-UChicagoCHATTOPADHYAY-UnIT.parquet,FALSE,1,189.3067352771759,"?: Required task ID/output type/output type ID combinations missing.  
 See `missing` attribute for details.",
UCSD_NEU-DeepGLEAM/2022-01-24-UCSD_NEU-DeepGLEAM.parquet,TRUE,0,8.906636476516724,NA,
UMass-MechBayes/2021-10-17-UMass-MechBayes.parquet,TRUE,0,9.098212480545044,NA,
UMass-trends_ensemble/2023-08-21-UMass-trends_ensemble.parquet,TRUE,0,22.336910247802734,NA,
USC-SI_kJalpha/2020-10-25-USC-SI_kJalpha.parquet,TRUE,0,161.59303545951843,NA,
UT-Osiris/2022-06-20-UT-Osiris.parquet,TRUE,0,36.73712158203125,NA,
UVA-Ensemble/2022-08-29-UVA-Ensemble.parquet,TRUE,0,400.2132685184479,NA,
YYG-ParamSearch/2020-08-15-YYG-ParamSearch.parquet,TRUE,0,18.234126329421997,NA,
BPagano-RtDriven/2021-11-21-BPagano-RtDriven.parquet,TRUE,0,16.579476356506348,NA,
CEPH-Rtrend_covid/2023-03-13-CEPH-Rtrend_covid.parquet,TRUE,0,16.0579993724823,NA,
CMU-TimeSeries/2023-06-26-CMU-TimeSeries.parquet,TRUE,0,17.449832439422607,NA,
CovidAnalytics-DELPHI/2021-03-01-CovidAnalytics-DELPHI.parquet,TRUE,0,20.994647979736328,NA,
COVIDhub_CDC-ensemble/2022-10-24-COVIDhub_CDC-ensemble.parquet,TRUE,0,50.00696682929993,NA,
COVIDhub-4_week_ensemble/2022-08-22-COVIDhub-4_week_ensemble.parquet,TRUE,0,443.6792690753937,NA,
COVIDhub-baseline/2022-05-30-COVIDhub-baseline.parquet,TRUE,0,839.1531205177307,NA,
COVIDhub-ensemble/2022-03-14-COVIDhub-ensemble.parquet,TRUE,0,117.50782918930054,NA,
COVIDhub-trained_ensemble/2022-12-12-COVIDhub-trained_ensemble.parquet,TRUE,0,426.5885167121887,NA,
CU-nochange/2022-05-15-CU-nochange.parquet,TRUE,0,605.3658607006073,NA,
CU-scenario_low/2021-01-10-CU-scenario_low.parquet,TRUE,0,604.8621966838837,NA,
CU-scenario_mid/2021-07-11-CU-scenario_mid.parquet,TRUE,0,576.6588056087494,NA,
CU-select/2022-01-23-CU-select.parquet,TRUE,0,602.2992355823517,NA,
CWRU-COVID_19Predict/2022-02-06-CWRU-COVID_19Predict.parquet,TRUE,0,24.173423767089844,NA,
FAIR-NRAR/2020-11-22-FAIR-NRAR.parquet,TRUE,0,43.39280152320862,NA,
FAIR-NRAR/2021-08-20-FAIR-NRAR.parquet,TRUE,0,379.5966053009033,NA,
Geneva-DetGrowth/2020-05-02-Geneva-DetGrowth.parquet,TRUE,0,2.19136643409729,NA,
GT-DeepCOVID/2020-11-16-GT-DeepCOVID.parquet,TRUE,0,43.8526508808136,NA,
HKUST-DNN/2022-10-17-HKUST-DNN.parquet,TRUE,0,6.688719272613525,NA,
IHME-CurveFit/2021-10-21-IHME-CurveFit.parquet,TRUE,0,219.143696308136,NA,
JHU_CSSE-DECOM/2021-04-11-JHU_CSSE-DECOM.parquet,TRUE,0,16.30381417274475,NA,
JHU_IDD-CovidSP/2024-01-21-JHU_IDD-CovidSP.parquet,TRUE,0,23.62196969985962,NA,
JHUAPL-Gecko/2021-10-31-JHUAPL-Gecko.parquet,TRUE,0,57.503201484680176,NA,
Karlen-pypm/2021-07-11-Karlen-pypm.parquet,TRUE,0,64.296062707901,NA,
LANL-GrowthRate/2020-08-20-LANL-GrowthRate.parquet,TRUE,0,730.003525018692,NA,
LUcompUncertLab-VAR_3streams/2022-11-07-LUcompUncertLab-VAR_3streams.parquet,TRUE,0,330.2878303527832,NA,
MIT_ISOLAT-Mixtures/2021-03-22-MIT_ISOLAT-Mixtures.parquet,TRUE,0,12.561161756515505,NA,
MITCovAlliance-SIR/2020-10-19-MITCovAlliance-SIR.parquet,TRUE,0,671.2848565578461,NA,
MOBS-GLEAM_COVID/2024-02-19-MOBS-GLEAM_COVID.parquet,TRUE,0,23.71631693840027,NA,
NotreDame-mobility/2020-08-17-NotreDame-mobility.parquet,TRUE,0,12.158728122711182,NA,
prolix-euclidean/2022-04-01-prolix-euclidean.parquet,TRUE,0,6.810550212860107,NA,
PSI-DRAFT/2021-10-11-PSI-DRAFT.parquet,TRUE,0,11.38606333732605,NA,
RobertWalraven-ESG/2020-09-06-RobertWalraven-ESG.parquet,TRUE,0,757.9912896156311,NA,
SDSC_ISG-TrendModel/2022-10-16-SDSC_ISG-TrendModel.parquet,TRUE,0,5.961106777191162,NA,
STH-3PU/2020-06-22-STH-3PU.parquet,TRUE,0,2.22835922241211,NA,
UA-EpiCovDA/2020-08-23-UA-EpiCovDA.parquet,TRUE,0,8.556452989578247,NA,
UChicagoCHATTOPADHYAY-UnIT/2021-07-11-UChicagoCHATTOPADHYAY-UnIT.parquet,FALSE,1,184.37115955352783,"?: Required task ID/output type/output type ID combinations missing.  
 See `missing` attribute for details.",
UCSD_NEU-DeepGLEAM/2022-01-31-UCSD_NEU-DeepGLEAM.parquet,TRUE,0,8.703906774520874,NA,
UMass-MechBayes/2021-10-24-UMass-MechBayes.parquet,TRUE,0,9.517133235931396,NA,
UMass-trends_ensemble/2023-08-28-UMass-trends_ensemble.parquet,TRUE,0,23.31306314468384,NA,
USC-SI_kJalpha/2020-11-01-USC-SI_kJalpha.parquet,TRUE,0,169.399391412735,NA,
UT-Osiris/2022-06-27-UT-Osiris.parquet,TRUE,0,36.63436150550842,NA,
UVA-Ensemble/2022-09-05-UVA-Ensemble.parquet,TRUE,0,440.6715383529663,NA,
YYG-ParamSearch/2020-08-16-YYG-ParamSearch.parquet,TRUE,0,18.88534927368164,NA,
BPagano-RtDriven/2021-11-28-BPagano-RtDriven.parquet,TRUE,0,15.22682785987854,NA,
CEPH-Rtrend_covid/2023-03-20-CEPH-Rtrend_covid.parquet,TRUE,0,14.181061029434204,NA,
CMU-TimeSeries/2023-07-03-CMU-TimeSeries.parquet,TRUE,0,15.576428651809692,NA,
CovidAnalytics-DELPHI/2021-03-08-CovidAnalytics-DELPHI.parquet,TRUE,0,18.80675506591797,NA,
COVIDhub_CDC-ensemble/2022-10-31-COVIDhub_CDC-ensemble.parquet,TRUE,0,42.018407106399536,NA,
COVIDhub-4_week_ensemble/2022-08-29-COVIDhub-4_week_ensemble.parquet,TRUE,0,365.6975796222687,NA,
COVIDhub-baseline/2022-06-06-COVIDhub-baseline.parquet,TRUE,0,735.008043050766,NA,
COVIDhub-ensemble/2022-03-21-COVIDhub-ensemble.parquet,TRUE,0,107.25042748451231,NA,
COVIDhub-trained_ensemble/2022-12-19-COVIDhub-trained_ensemble.parquet,TRUE,0,379.2818579673767,NA,
CU-nochange/2022-05-22-CU-nochange.parquet,TRUE,0,531.0562119483948,NA,
CU-scenario_low/2021-01-17-CU-scenario_low.parquet,TRUE,0,515.146294593811,NA,
CU-scenario_mid/2021-07-18-CU-scenario_mid.parquet,TRUE,0,530.8794507980347,NA,
CU-select/2022-01-30-CU-select.parquet,TRUE,0,535.8287239074707,NA,
CWRU-COVID_19Predict/2022-02-13-CWRU-COVID_19Predict.parquet,TRUE,0,20.328790187835693,NA,
FAIR-NRAR/2020-11-24-FAIR-NRAR.parquet,TRUE,0,36.985873222351074,NA,
FAIR-NRAR/2021-08-21-FAIR-NRAR.parquet,TRUE,0,338.03924322128296,NA,
Geneva-DetGrowth/2020-05-03-Geneva-DetGrowth.parquet,TRUE,0,1.8934192657470703,NA,
GT-DeepCOVID/2020-11-23-GT-DeepCOVID.parquet,TRUE,0,45.3766450881958,NA,
HKUST-DNN/2022-10-24-HKUST-DNN.parquet,TRUE,0,5.973634243011475,NA,
IHME-CurveFit/2021-11-04-IHME-CurveFit.parquet,TRUE,0,200.9388642311096,NA,
JHU_CSSE-DECOM/2021-04-18-JHU_CSSE-DECOM.parquet,TRUE,0,14.56586980819702,NA,
JHU_IDD-CovidSP/2024-01-28-JHU_IDD-CovidSP.parquet,TRUE,0,20.21729207038879,NA,
JHUAPL-Gecko/2021-11-07-JHUAPL-Gecko.parquet,TRUE,0,47.74584984779358,NA,
Karlen-pypm/2021-07-18-Karlen-pypm.parquet,TRUE,0,53.1028904914856,NA,
LANL-GrowthRate/2020-08-24-LANL-GrowthRate.parquet,TRUE,0,623.200332403183,NA,
LUcompUncertLab-VAR_3streams/2022-11-14-LUcompUncertLab-VAR_3streams.parquet,TRUE,0,290.150413274765,NA,
MIT_ISOLAT-Mixtures/2021-03-29-MIT_ISOLAT-Mixtures.parquet,TRUE,0,10.08655071258545,NA,
MITCovAlliance-SIR/2020-10-26-MITCovAlliance-SIR.parquet,TRUE,0,585.8368740081787,NA,
MOBS-GLEAM_COVID/2024-02-26-MOBS-GLEAM_COVID.parquet,TRUE,0,20.788134574890137,NA,
NotreDame-mobility/2020-08-24-NotreDame-mobility.parquet,TRUE,0,10.497601747512816,NA,
prolix-euclidean/2022-04-03-prolix-euclidean.parquet,TRUE,0,5.736172676086426,NA,
PSI-DRAFT/2021-10-18-PSI-DRAFT.parquet,TRUE,0,9.770019054412842,NA,
RobertWalraven-ESG/2020-09-07-RobertWalraven-ESG.parquet,TRUE,0,670.4082586765289,NA,
SDSC_ISG-TrendModel/2022-10-23-SDSC_ISG-TrendModel.parquet,TRUE,0,5.4349400997161865,NA,
STH-3PU/2020-06-23-STH-3PU.parquet,TRUE,0,2.1033620834350586,NA,
UA-EpiCovDA/2020-08-30-UA-EpiCovDA.parquet,TRUE,0,7.814281225204468,NA,
UChicagoCHATTOPADHYAY-UnIT/2021-07-25-UChicagoCHATTOPADHYAY-UnIT.parquet,FALSE,1,164.05949997901917,"?: Required task ID/output type/output type ID combinations missing.  
 See `missing` attribute for details.",
UCSD_NEU-DeepGLEAM/2022-02-07-UCSD_NEU-DeepGLEAM.parquet,TRUE,0,7.876346588134766,NA,
UMass-MechBayes/2021-10-31-UMass-MechBayes.parquet,TRUE,0,8.579924583435059,NA,
UMass-trends_ensemble/2023-09-04-UMass-trends_ensemble.parquet,TRUE,0,20.575780630111694,NA,
USC-SI_kJalpha/2020-11-08-USC-SI_kJalpha.parquet,TRUE,0,148.55986189842224,NA,
UT-Osiris/2022-07-11-UT-Osiris.parquet,TRUE,0,31.469935655593872,NA,
UVA-Ensemble/2022-09-12-UVA-Ensemble.parquet,TRUE,0,387.4642298221588,NA,
YYG-ParamSearch/2020-08-17-YYG-ParamSearch.parquet,TRUE,0,16.549728393554688,NA,
BPagano-RtDriven/2021-12-05-BPagano-RtDriven.parquet,TRUE,0,15.950942754745483,NA,
CEPH-Rtrend_covid/2023-03-27-CEPH-Rtrend_covid.parquet,TRUE,0,15.036012887954712,NA,
CMU-TimeSeries/2023-07-10-CMU-TimeSeries.parquet,TRUE,0,16.024680852890015,NA,
CovidAnalytics-DELPHI/2021-03-15-CovidAnalytics-DELPHI.parquet,TRUE,0,20.000499725341797,NA,
COVIDhub_CDC-ensemble/2022-11-07-COVIDhub_CDC-ensemble.parquet,TRUE,0,43.44195580482483,NA,
COVIDhub-4_week_ensemble/2022-09-05-COVIDhub-4_week_ensemble.parquet,TRUE,0,417.95000076293945,NA,
COVIDhub-baseline/2022-06-13-COVIDhub-baseline.parquet,TRUE,0,796.8810482025146,NA,
COVIDhub-ensemble/2022-03-28-COVIDhub-ensemble.parquet,TRUE,0,114.0275571346283,NA,
COVIDhub-trained_ensemble/2022-12-26-COVIDhub-trained_ensemble.parquet,TRUE,0,415.915431022644,NA,
CU-nochange/2022-05-29-CU-nochange.parquet,TRUE,0,598.288284778595,NA,
CU-scenario_low/2021-01-24-CU-scenario_low.parquet,TRUE,0,558.2130417823792,NA,
CU-scenario_mid/2021-07-25-CU-scenario_mid.parquet,TRUE,0,581.2349681854248,NA,
CU-select/2022-02-06-CU-select.parquet,TRUE,0,581.1443068981171,NA,
CWRU-COVID_19Predict/2022-02-20-CWRU-COVID_19Predict.parquet,TRUE,0,22.7054386138916,NA,
FAIR-NRAR/2020-11-29-FAIR-NRAR.parquet,TRUE,0,41.3159384727478,NA,
FAIR-NRAR/2021-08-22-FAIR-NRAR.parquet,TRUE,0,367.0587136745453,NA,
Geneva-DetGrowth/2020-05-04-Geneva-DetGrowth.parquet,TRUE,0,2.3368427753448486,NA,
GT-DeepCOVID/2020-11-30-GT-DeepCOVID.parquet,TRUE,0,47.81753587722778,NA,
HKUST-DNN/2022-10-31-HKUST-DNN.parquet,TRUE,0,6.392374753952026,NA,
IHME-CurveFit/2021-11-19-IHME-CurveFit.parquet,TRUE,0,215.3141806125641,NA,
JHU_CSSE-DECOM/2021-04-25-JHU_CSSE-DECOM.parquet,TRUE,0,15.922574758529665,NA,
JHU_IDD-CovidSP/2024-02-04-JHU_IDD-CovidSP.parquet,TRUE,0,22.132602214813232,NA,
JHUAPL-Gecko/2021-11-14-JHUAPL-Gecko.parquet,TRUE,0,52.34007835388184,NA,
Karlen-pypm/2021-07-25-Karlen-pypm.parquet,TRUE,0,59.27295398712158,NA,
LANL-GrowthRate/2020-08-27-LANL-GrowthRate.parquet,TRUE,0,702.5947046279907,NA,
LUcompUncertLab-VAR_3streams/2022-11-21-LUcompUncertLab-VAR_3streams.parquet,TRUE,0,337.8891670703888,NA,
MIT_ISOLAT-Mixtures/2021-04-05-MIT_ISOLAT-Mixtures.parquet,TRUE,0,10.43439269065857,NA,
MITCovAlliance-SIR/2020-12-28-MITCovAlliance-SIR.parquet,TRUE,0,675.4667165279388,NA,
MOBS-GLEAM_COVID/2024-03-04-MOBS-GLEAM_COVID.parquet,TRUE,0,22.29632544517517,NA,
NotreDame-mobility/2020-08-31-NotreDame-mobility.parquet,TRUE,0,11.271151304244995,NA,
prolix-euclidean/2022-04-04-prolix-euclidean.parquet,TRUE,0,6.293152332305908,NA,
PSI-DRAFT/2021-10-25-PSI-DRAFT.parquet,TRUE,0,10.614922523498535,NA,
RobertWalraven-ESG/2020-09-14-RobertWalraven-ESG.parquet,TRUE,0,727.9601378440857,NA,
SDSC_ISG-TrendModel/2022-10-30-SDSC_ISG-TrendModel.parquet,TRUE,0,5.891159772872925,NA,
STH-3PU/2020-06-24-STH-3PU.parquet,TRUE,0,2.1668825149536133,NA,
UA-EpiCovDA/2020-09-06-UA-EpiCovDA.parquet,TRUE,0,8.45037055015564,NA,
UChicagoCHATTOPADHYAY-UnIT/2021-08-08-UChicagoCHATTOPADHYAY-UnIT.parquet,FALSE,1,180.44746351242063,"?: Required task ID/output type/output type ID combinations missing.  
 See `missing` attribute for details.",
UCSD_NEU-DeepGLEAM/2022-02-14-UCSD_NEU-DeepGLEAM.parquet,TRUE,0,8.44754409790039,NA,
UMass-MechBayes/2021-11-07-UMass-MechBayes.parquet,TRUE,0,9.230157852172852,NA,
UMass-trends_ensemble/2023-09-11-UMass-trends_ensemble.parquet,TRUE,0,22.460856676101685,NA,
USC-SI_kJalpha/2020-11-15-USC-SI_kJalpha.parquet,TRUE,0,168.14734435081482,NA,
UT-Osiris/2022-07-18-UT-Osiris.parquet,TRUE,0,34.20350623130798,NA,
UVA-Ensemble/2022-09-19-UVA-Ensemble.parquet,TRUE,0,418.5392973423004,NA,
YYG-ParamSearch/2020-08-18-YYG-ParamSearch.parquet,TRUE,0,16.827251195907593,NA,
BPagano-RtDriven/2021-12-12-BPagano-RtDriven.parquet,TRUE,0,16.4535710811615,NA,
CEPH-Rtrend_covid/2023-04-03-CEPH-Rtrend_covid.parquet,TRUE,0,15.62722396850586,NA,
CMU-TimeSeries/2023-07-17-CMU-TimeSeries.parquet,TRUE,0,18.03864073753357,NA,
CovidAnalytics-DELPHI/2021-03-22-CovidAnalytics-DELPHI.parquet,TRUE,0,20.85719871520996,NA,
COVIDhub_CDC-ensemble/2022-11-14-COVIDhub_CDC-ensemble.parquet,TRUE,0,45.40454363822937,NA,
COVIDhub-4_week_ensemble/2022-09-12-COVIDhub-4_week_ensemble.parquet,TRUE,0,408.8751266002655,NA,
COVIDhub-baseline/2022-06-20-COVIDhub-baseline.parquet,TRUE,0,811.6857316493988,NA,
COVIDhub-ensemble/2022-04-04-COVIDhub-ensemble.parquet,TRUE,0,116.41949725151062,NA,
COVIDhub-trained_ensemble/2023-01-02-COVIDhub-trained_ensemble.parquet,TRUE,0,424.88065361976624,NA,
CU-nochange/2022-06-05-CU-nochange.parquet,TRUE,0,618.8259658813477,NA,
CU-scenario_low/2021-01-31-CU-scenario_low.parquet,TRUE,0,610.2209334373474,NA,
CU-scenario_mid/2021-08-01-CU-scenario_mid.parquet,TRUE,0,586.3057200908661,NA,
CU-select/2022-02-13-CU-select.parquet,TRUE,0,583.4806213378906,NA,
CWRU-COVID_19Predict/2022-02-27-CWRU-COVID_19Predict.parquet,TRUE,0,22.77439761161804,NA,
FAIR-NRAR/2020-11-30-FAIR-NRAR.parquet,TRUE,0,41.580368518829346,NA,
FAIR-NRAR/2021-08-23-FAIR-NRAR.parquet,TRUE,0,371.89660143852234,NA,
Geneva-DetGrowth/2020-05-09-Geneva-DetGrowth.parquet,TRUE,0,2.1982738971710205,NA,
GT-DeepCOVID/2020-12-07-GT-DeepCOVID.parquet,TRUE,0,43.84912824630737,NA,
HKUST-DNN/2022-11-07-HKUST-DNN.parquet,TRUE,0,6.457552671432495,NA,
IHME-CurveFit/2021-12-22-IHME-CurveFit.parquet,TRUE,0,172.11995029449463,NA,
JHU_CSSE-DECOM/2021-05-02-JHU_CSSE-DECOM.parquet,TRUE,0,16.153082609176636,NA,
JHU_IDD-CovidSP/2024-02-11-JHU_IDD-CovidSP.parquet,TRUE,0,21.95746088027954,NA,
JHUAPL-Gecko/2021-11-21-JHUAPL-Gecko.parquet,TRUE,0,50.31741404533386,NA,
Karlen-pypm/2021-08-01-Karlen-pypm.parquet,TRUE,0,56.96074604988098,NA,
LANL-GrowthRate/2020-08-31-LANL-GrowthRate.parquet,TRUE,0,691.5143294334412,NA,
Microsoft-DeepSTIA/2020-12-07-Microsoft-DeepSTIA.parquet,TRUE,0,10.043459415435793,NA,
MIT_ISOLAT-Mixtures/2021-04-12-MIT_ISOLAT-Mixtures.parquet,TRUE,0,11.348430633544922,NA,
MITCovAlliance-SIR/2021-01-03-MITCovAlliance-SIR.parquet,TRUE,0,707.9239318370819,NA,
MOBS-GLEAM_COVID/2024-03-11-MOBS-GLEAM_COVID.parquet,TRUE,0,22.86806893348694,NA,
NotreDame-mobility/2020-09-06-NotreDame-mobility.parquet,TRUE,0,11.480127096176147,NA,
prolix-euclidean/2022-04-05-prolix-euclidean.parquet,TRUE,0,6.362296104431152,NA,
PSI-DRAFT/2021-11-01-PSI-DRAFT.parquet,TRUE,0,11.062928676605225,NA,
RobertWalraven-ESG/2020-09-21-RobertWalraven-ESG.parquet,TRUE,0,735.4734199047089,NA,
SDSC_ISG-TrendModel/2022-11-06-SDSC_ISG-TrendModel.parquet,TRUE,0,5.999221324920654,NA,
STH-3PU/2020-06-25-STH-3PU.parquet,TRUE,0,2.1853139400482178,NA,
UA-EpiCovDA/2020-09-13-UA-EpiCovDA.parquet,TRUE,0,8.502325534820557,NA,
UChicagoCHATTOPADHYAY-UnIT/2021-08-15-UChicagoCHATTOPADHYAY-UnIT.parquet,FALSE,1,181.5174479484558,"?: Required task ID/output type/output type ID combinations missing.  
 See `missing` attribute for details.",
UCSD_NEU-DeepGLEAM/2022-02-21-UCSD_NEU-DeepGLEAM.parquet,TRUE,0,8.56887149810791,NA,
UMass-MechBayes/2021-11-14-UMass-MechBayes.parquet,TRUE,0,9.034403800964355,NA,
UMass-trends_ensemble/2023-09-18-UMass-trends_ensemble.parquet,TRUE,0,21.940627813339233,NA,
USC-SI_kJalpha/2020-11-22-USC-SI_kJalpha.parquet,TRUE,0,245.11168503761292,NA,
UT-Osiris/2022-07-25-UT-Osiris.parquet,TRUE,0,37.09459400177002,NA,
UVA-Ensemble/2022-09-26-UVA-Ensemble.parquet,TRUE,0,425.5039210319519,NA,
YYG-ParamSearch/2020-08-19-YYG-ParamSearch.parquet,TRUE,0,16.984573364257812,NA,
BPagano-RtDriven/2021-12-19-BPagano-RtDriven.parquet,TRUE,0,19.357943296432495,NA,
CEPH-Rtrend_covid/2023-04-10-CEPH-Rtrend_covid.parquet,TRUE,0,18.2155921459198,NA,
CMU-TimeSeries/2023-07-24-CMU-TimeSeries.parquet,TRUE,0,21.070500373840332,NA,
CovidAnalytics-DELPHI/2021-03-29-CovidAnalytics-DELPHI.parquet,TRUE,0,24.38224935531616,NA,
COVIDhub_CDC-ensemble/2022-11-21-COVIDhub_CDC-ensemble.parquet,TRUE,0,54.305153369903564,NA,
COVIDhub-4_week_ensemble/2022-09-19-COVIDhub-4_week_ensemble.parquet,TRUE,0,494.9289903640747,NA,
COVIDhub-baseline/2022-06-27-COVIDhub-baseline.parquet,TRUE,0,937.558785200119,NA,
COVIDhub-ensemble/2022-04-11-COVIDhub-ensemble.parquet,TRUE,0,137.85495352745056,NA,
COVIDhub-trained_ensemble/2023-01-09-COVIDhub-trained_ensemble.parquet,TRUE,0,503.7879915237427,NA,
CU-nochange/2022-06-12-CU-nochange.parquet,TRUE,0,696.0485625267029,NA,
CU-scenario_low/2021-02-07-CU-scenario_low.parquet,TRUE,0,694.1819138526917,NA,
CU-scenario_mid/2021-08-08-CU-scenario_mid.parquet,TRUE,0,708.615936756134,NA,
CU-select/2022-02-20-CU-select.parquet,TRUE,0,738.5727829933167,NA,
CWRU-COVID_19Predict/2022-03-06-CWRU-COVID_19Predict.parquet,TRUE,0,29.184276580810547,NA,
FAIR-NRAR/2020-12-01-FAIR-NRAR.parquet,TRUE,0,53.20454216003418,NA,
FAIR-NRAR/2021-08-24-FAIR-NRAR.parquet,TRUE,0,464.8285245895386,NA,
Geneva-DetGrowth/2020-05-10-Geneva-DetGrowth.parquet,TRUE,0,2.6819374561309814,NA,
GT-DeepCOVID/2020-12-14-GT-DeepCOVID.parquet,TRUE,0,55.973029375076294,NA,
HKUST-DNN/2022-11-14-HKUST-DNN.parquet,TRUE,0,8.200786352157593,NA,
IHME-CurveFit/2022-01-14-IHME-CurveFit.parquet,TRUE,0,175.94426035881042,NA,
JHU_CSSE-DECOM/2021-05-09-JHU_CSSE-DECOM.parquet,TRUE,0,19.647851943969727,NA,
JHU_IDD-CovidSP/2024-02-18-JHU_IDD-CovidSP.parquet,TRUE,0,26.770667791366577,NA,
JHUAPL-Gecko/2021-11-28-JHUAPL-Gecko.parquet,TRUE,0,66.22418546676636,NA,
Karlen-pypm/2021-08-08-Karlen-pypm.parquet,TRUE,0,71.04191160202026,NA,
LANL-GrowthRate/2020-09-03-LANL-GrowthRate.parquet,TRUE,0,838.3886799812317,NA,
Microsoft-DeepSTIA/2020-12-14-Microsoft-DeepSTIA.parquet,TRUE,0,100.57726001739502,NA,
MIT_ISOLAT-Mixtures/2021-04-19-MIT_ISOLAT-Mixtures.parquet,TRUE,0,14.351391077041626,NA,
MITCovAlliance-SIR/2021-01-11-MITCovAlliance-SIR.parquet,TRUE,0,16.455329418182373,NA,
MOBS-GLEAM_COVID/2024-04-01-MOBS-GLEAM_COVID.parquet,TRUE,0,27.23779535293579,NA,
NotreDame-mobility/2020-09-14-NotreDame-mobility.parquet,TRUE,0,14.063088178634644,NA,
prolix-euclidean/2022-04-07-prolix-euclidean.parquet,TRUE,0,8.460713386535645,NA,
PSI-DRAFT/2021-11-08-PSI-DRAFT.parquet,TRUE,0,13.70730686187744,NA,
RobertWalraven-ESG/2020-09-28-RobertWalraven-ESG.parquet,TRUE,0,892.3892323970795,NA,
SDSC_ISG-TrendModel/2022-11-13-SDSC_ISG-TrendModel.parquet,TRUE,0,7.730512857437134,NA,
STH-3PU/2020-06-26-STH-3PU.parquet,TRUE,0,2.8340985774993896,NA,
UA-EpiCovDA/2020-09-20-UA-EpiCovDA.parquet,TRUE,0,10.843085050582886,NA,
UChicagoCHATTOPADHYAY-UnIT/2021-08-22-UChicagoCHATTOPADHYAY-UnIT.parquet,FALSE,1,226.5895655155182,"?: Required task ID/output type/output type ID combinations missing.  
 See `missing` attribute for details.",
UCSD_NEU-DeepGLEAM/2022-02-28-UCSD_NEU-DeepGLEAM.parquet,TRUE,0,10.988771438598633,NA,
UMass-MechBayes/2021-11-21-UMass-MechBayes.parquet,TRUE,0,11.51806926727295,NA,
UMass-trends_ensemble/2023-09-25-UMass-trends_ensemble.parquet,TRUE,0,27.807311534881592,NA,
USC-SI_kJalpha/2020-11-29-USC-SI_kJalpha.parquet,TRUE,0,293.5353891849518,NA,
UT-Osiris/2022-08-01-UT-Osiris.parquet,TRUE,0,43.81478428840637,NA,
UVA-Ensemble/2022-10-03-UVA-Ensemble.parquet,TRUE,0,514.82741355896,NA,
YYG-ParamSearch/2020-08-20-YYG-ParamSearch.parquet,TRUE,0,21.232571601867676,NA,
BPagano-RtDriven/2021-12-26-BPagano-RtDriven.parquet,TRUE,0,19.270206928253177,NA,
CEPH-Rtrend_covid/2023-04-17-CEPH-Rtrend_covid.parquet,TRUE,0,18.173928022384644,NA,
CMU-TimeSeries/2023-07-31-CMU-TimeSeries.parquet,TRUE,0,24.297223567962646,NA,
CovidAnalytics-DELPHI/2021-04-05-CovidAnalytics-DELPHI.parquet,TRUE,0,25.132327556610107,NA,
COVIDhub_CDC-ensemble/2022-11-28-COVIDhub_CDC-ensemble.parquet,TRUE,0,53.169816970825195,NA,
COVIDhub-4_week_ensemble/2022-09-26-COVIDhub-4_week_ensemble.parquet,TRUE,0,482.31913018226624,NA,
COVIDhub-baseline/2022-07-04-COVIDhub-baseline.parquet,TRUE,0,924.598819732666,NA,
COVIDhub-ensemble/2022-04-18-COVIDhub-ensemble.parquet,TRUE,0,139.7629930973053,NA,
COVIDhub-trained_ensemble/2023-01-16-COVIDhub-trained_ensemble.parquet,TRUE,0,497.379695892334,NA,
CU-nochange/2022-06-19-CU-nochange.parquet,TRUE,0,721.1031539440155,NA,
CU-scenario_low/2021-02-14-CU-scenario_low.parquet,TRUE,0,731.3629002571106,NA,
CU-scenario_mid/2021-08-22-CU-scenario_mid.parquet,TRUE,0,747.4373762607574,NA,
CU-select/2022-02-27-CU-select.parquet,TRUE,0,729.8424348831177,NA,
CWRU-COVID_19Predict/2022-03-13-CWRU-COVID_19Predict.parquet,TRUE,0,27.271775722503666,NA,
FAIR-NRAR/2020-12-03-FAIR-NRAR.parquet,TRUE,0,49.43844556808472,NA,
FAIR-NRAR/2021-08-25-FAIR-NRAR.parquet,TRUE,0,449.3037114143371,NA,
Geneva-DetGrowth/2020-05-11-Geneva-DetGrowth.parquet,TRUE,0,2.666513681411743,NA,
GT-DeepCOVID/2020-12-21-GT-DeepCOVID.parquet,TRUE,0,54.40453553199768,NA,
HKUST-DNN/2022-11-21-HKUST-DNN.parquet,TRUE,0,8.181283235549927,NA,
IHME-CurveFit/2022-01-24-IHME-CurveFit.parquet,TRUE,0,163.15414333343506,NA,
JHU_CSSE-DECOM/2021-05-16-JHU_CSSE-DECOM.parquet,TRUE,0,16.939915418624878,NA,
JHU_IDD-CovidSP/2024-02-25-JHU_IDD-CovidSP.parquet,TRUE,0,27.462769985198975,NA,
JHUAPL-Gecko/2021-12-05-JHUAPL-Gecko.parquet,TRUE,0,64.83569717407227,NA,
Karlen-pypm/2021-08-15-Karlen-pypm.parquet,TRUE,0,77.08851027488708,NA,
LANL-GrowthRate/2020-09-07-LANL-GrowthRate.parquet,TRUE,0,842.311820268631,NA,
Microsoft-DeepSTIA/2020-12-21-Microsoft-DeepSTIA.parquet,TRUE,0,108.53902554512024,NA,
MIT_ISOLAT-Mixtures/2021-04-26-MIT_ISOLAT-Mixtures.parquet,TRUE,0,13.804235458374023,NA,
MITCovAlliance-SIR/2021-03-14-MITCovAlliance-SIR.parquet,TRUE,0,16.405418395996094,NA,
MOBS-GLEAM_COVID/2024-04-08-MOBS-GLEAM_COVID.parquet,TRUE,0,27.81167769432068,NA,
NotreDame-mobility/2020-09-21-NotreDame-mobility.parquet,TRUE,0,14.450169801712036,NA,
prolix-euclidean/2022-04-08-prolix-euclidean.parquet,TRUE,0,8.437679767608643,NA,
PSI-DRAFT/2021-11-15-PSI-DRAFT.parquet,TRUE,0,12.83068823814392,NA,
RobertWalraven-ESG/2020-10-05-RobertWalraven-ESG.parquet,TRUE,0,914.3853776454926,NA,
SDSC_ISG-TrendModel/2022-11-20-SDSC_ISG-TrendModel.parquet,TRUE,0,8.183426141738892,NA,
STH-3PU/2020-06-27-STH-3PU.parquet,TRUE,0,3.0317537784576416,NA,
UA-EpiCovDA/2020-09-27-UA-EpiCovDA.parquet,TRUE,0,11.460939168930054,NA,
UChicagoCHATTOPADHYAY-UnIT/2021-08-29-UChicagoCHATTOPADHYAY-UnIT.parquet,FALSE,1,241.27115082740784,"?: Required task ID/output type/output type ID combinations missing.  
 See `missing` attribute for details.",
UCSD_NEU-DeepGLEAM/2022-03-14-UCSD_NEU-DeepGLEAM.parquet,TRUE,0,11.220531940460203,NA,
UMass-MechBayes/2021-11-28-UMass-MechBayes.parquet,TRUE,0,11.705059051513672,NA,
UMass-trends_ensemble/2023-10-02-UMass-trends_ensemble.parquet,TRUE,0,27.51598644256592,NA,
USC-SI_kJalpha/2020-12-06-USC-SI_kJalpha.parquet,TRUE,0,309.1419007778168,NA,
UT-Osiris/2022-08-08-UT-Osiris.parquet,TRUE,0,43.69182658195496,NA,
UVA-Ensemble/2022-10-10-UVA-Ensemble.parquet,TRUE,0,519.9992733001709,NA,
YYG-ParamSearch/2020-08-21-YYG-ParamSearch.parquet,TRUE,0,22.232551097869873,NA,
BPagano-RtDriven/2021-12-27-BPagano-RtDriven.parquet,TRUE,0,36.55839109420776,NA,
CEPH-Rtrend_covid/2023-04-24-CEPH-Rtrend_covid.parquet,TRUE,0,15.30404281616211,NA,
CMU-TimeSeries/2023-08-07-CMU-TimeSeries.parquet,TRUE,0,18.89739155769348,NA,
CovidAnalytics-DELPHI/2021-04-12-CovidAnalytics-DELPHI.parquet,TRUE,0,20.442413330078125,NA,
COVIDhub_CDC-ensemble/2022-12-05-COVIDhub_CDC-ensemble.parquet,TRUE,0,44.73276782035827,NA,
COVIDhub-4_week_ensemble/2022-10-03-COVIDhub-4_week_ensemble.parquet,TRUE,0,405.84924125671387,NA,
COVIDhub-baseline/2022-07-11-COVIDhub-baseline.parquet,TRUE,0,765.5458381175995,NA,
COVIDhub-ensemble/2022-04-25-COVIDhub-ensemble.parquet,TRUE,0,112.33473563194276,NA,
COVIDhub-trained_ensemble/2023-01-23-COVIDhub-trained_ensemble.parquet,TRUE,0,410.8277533054352,NA,
CU-nochange/2022-06-26-CU-nochange.parquet,TRUE,0,572.5687975883484,NA,
CU-scenario_low/2021-02-21-CU-scenario_low.parquet,TRUE,0,568.8327524662018,NA,
CU-scenario_mid/2021-08-29-CU-scenario_mid.parquet,TRUE,0,570.4924898147583,NA,
CU-select/2022-03-06-CU-select.parquet,TRUE,0,557.0881888866425,NA,
CWRU-COVID_19Predict/2022-03-20-CWRU-COVID_19Predict.parquet,TRUE,0,22.37636995315552,NA,
FAIR-NRAR/2020-12-06-FAIR-NRAR.parquet,TRUE,0,40.60635757446289,NA,
FAIR-NRAR/2021-08-26-FAIR-NRAR.parquet,TRUE,0,367.0531723499298,NA,
Geneva-DetGrowth/2020-05-16-Geneva-DetGrowth.parquet,TRUE,0,2.074812412261963,NA,
GT-DeepCOVID/2020-12-28-GT-DeepCOVID.parquet,TRUE,0,42.92267179489136,NA,
HKUST-DNN/2022-11-28-HKUST-DNN.parquet,TRUE,0,6.072050333023071,NA,
IHME-CurveFit/2022-02-07-IHME-CurveFit.parquet,TRUE,0,212.5647749900818,NA,
JHU_CSSE-DECOM/2021-05-23-JHU_CSSE-DECOM.parquet,TRUE,0,15.407771110534668,NA,
JHU_IDD-CovidSP/2024-03-10-JHU_IDD-CovidSP.parquet,TRUE,0,21.529356241226196,NA,
JHUAPL-Gecko/2021-12-12-JHUAPL-Gecko.parquet,TRUE,0,52.7228901386261,NA,
Karlen-pypm/2021-08-22-Karlen-pypm.parquet,TRUE,0,58.534754276275635,NA,
LANL-GrowthRate/2020-09-10-LANL-GrowthRate.parquet,TRUE,0,660.8466341495514,NA,
Microsoft-DeepSTIA/2020-12-28-Microsoft-DeepSTIA.parquet,TRUE,0,91.35332679748537,NA,
MIT_ISOLAT-Mixtures/2021-05-03-MIT_ISOLAT-Mixtures.parquet,TRUE,0,11.189487218856812,NA,
MITCovAlliance-SIR/2021-03-22-MITCovAlliance-SIR.parquet,TRUE,0,13.665500402450562,NA,
MOBS-GLEAM_COVID/2024-04-15-MOBS-GLEAM_COVID.parquet,TRUE,0,22.81998872756958,NA,
NotreDame-mobility/2020-09-28-NotreDame-mobility.parquet,TRUE,0,11.653380870819092,NA,
prolix-euclidean/2022-04-11-prolix-euclidean.parquet,TRUE,0,6.192012310028076,NA,
PSI-DRAFT/2021-11-22-PSI-DRAFT.parquet,TRUE,0,11.00592875480652,NA,
RobertWalraven-ESG/2020-10-12-RobertWalraven-ESG.parquet,TRUE,0,15.68571162223816,NA,
SDSC_ISG-TrendModel/2022-11-27-SDSC_ISG-TrendModel.parquet,TRUE,0,6.119803190231323,NA,
STH-3PU/2020-06-28-STH-3PU.parquet,TRUE,0,2.17069149017334,NA,
UA-EpiCovDA/2020-10-04-UA-EpiCovDA.parquet,TRUE,0,8.69403862953186,NA,
UChicagoCHATTOPADHYAY-UnIT/2021-09-05-UChicagoCHATTOPADHYAY-UnIT.parquet,FALSE,1,187.4715795516968,"?: Required task ID/output type/output type ID combinations missing.  
 See `missing` attribute for details.",
UCSD_NEU-DeepGLEAM/2022-03-28-UCSD_NEU-DeepGLEAM.parquet,TRUE,0,8.576089143753052,NA,
UMass-MechBayes/2021-12-05-UMass-MechBayes.parquet,TRUE,0,9.222011089324951,NA,
UMass-trends_ensemble/2023-10-09-UMass-trends_ensemble.parquet,TRUE,0,22.125585556030273,NA,
USC-SI_kJalpha/2020-12-13-USC-SI_kJalpha.parquet,TRUE,0,250.83498287200928,NA,
UT-Osiris/2022-08-15-UT-Osiris.parquet,TRUE,0,35.28598761558533,NA,
UVA-Ensemble/2022-10-17-UVA-Ensemble.parquet,TRUE,0,407.3382158279419,NA,
YYG-ParamSearch/2020-08-22-YYG-ParamSearch.parquet,TRUE,0,17.10473656654358,NA,
BPagano-RtDriven/2022-01-02-BPagano-RtDriven.parquet,TRUE,0,54.38251090049744,NA,
CEPH-Rtrend_covid/2023-05-01-CEPH-Rtrend_covid.parquet,TRUE,0,15.397881269454956,NA,
CMU-TimeSeries/2023-08-14-CMU-TimeSeries.parquet,TRUE,0,18.830141305923465,NA,
CovidAnalytics-DELPHI/2021-04-19-CovidAnalytics-DELPHI.parquet,TRUE,0,20.275763273239136,NA,
COVIDhub_CDC-ensemble/2022-12-12-COVIDhub_CDC-ensemble.parquet,TRUE,0,45.18794822692871,NA,
COVIDhub-4_week_ensemble/2022-10-10-COVIDhub-4_week_ensemble.parquet,TRUE,0,413.185010433197,NA,
COVIDhub-baseline/2022-07-18-COVIDhub-baseline.parquet,TRUE,0,771.2816572189331,NA,
COVIDhub-ensemble/2022-05-02-COVIDhub-ensemble.parquet,TRUE,0,117.53305768966676,NA,
COVIDhub-trained_ensemble/2023-01-30-COVIDhub-trained_ensemble.parquet,TRUE,0,46.64114427566528,NA,
CU-nochange/2022-07-03-CU-nochange.parquet,TRUE,0,577.2487947940826,NA,
CU-scenario_low/2021-02-28-CU-scenario_low.parquet,TRUE,0,578.0499427318573,NA,
CU-scenario_mid/2021-09-05-CU-scenario_mid.parquet,TRUE,0,558.5502784252167,NA,
CU-select/2022-03-13-CU-select.parquet,TRUE,0,569.5758059024811,NA,
CWRU-COVID_19Predict/2022-03-27-CWRU-COVID_19Predict.parquet,TRUE,0,22.59363102912903,NA,
FAIR-NRAR/2020-12-07-FAIR-NRAR.parquet,TRUE,0,40.822357416152954,NA,
FAIR-NRAR/2021-08-27-FAIR-NRAR.parquet,TRUE,0,376.0110237598419,NA,
Geneva-DetGrowth/2020-05-17-Geneva-DetGrowth.parquet,TRUE,0,2.117487668991089,NA,
GT-DeepCOVID/2021-01-04-GT-DeepCOVID.parquet,TRUE,0,45.27475094795227,NA,
HKUST-DNN/2022-12-05-HKUST-DNN.parquet,TRUE,0,6.23856782913208,NA,
IHME-CurveFit/2022-02-18-IHME-CurveFit.parquet,TRUE,0,212.51837158203125,NA,
JHU_CSSE-DECOM/2021-05-30-JHU_CSSE-DECOM.parquet,TRUE,0,15.458268880844116,NA,
JHU_IDD-CovidSP/2024-03-24-JHU_IDD-CovidSP.parquet,TRUE,0,21.566791772842407,NA,
JHUAPL-Gecko/2021-12-19-JHUAPL-Gecko.parquet,TRUE,0,49.2672438621521,NA,
Karlen-pypm/2021-08-29-Karlen-pypm.parquet,TRUE,0,55.48146462440491,NA,
LANL-GrowthRate/2020-09-14-LANL-GrowthRate.parquet,TRUE,0,667.9501399993896,NA,
Microsoft-DeepSTIA/2021-01-04-Microsoft-DeepSTIA.parquet,TRUE,0,92.54226183891296,NA,
MIT_ISOLAT-Mixtures/2021-05-10-MIT_ISOLAT-Mixtures.parquet,TRUE,0,10.895681381225586,NA,
MITCovAlliance-SIR/2021-03-28-MITCovAlliance-SIR.parquet,TRUE,0,13.836780548095703,NA,
MOBS-GLEAM_COVID/2024-04-22-MOBS-GLEAM_COVID.parquet,TRUE,0,22.915023803710938,NA,
NotreDame-mobility/2020-10-05-NotreDame-mobility.parquet,TRUE,0,11.567505836486816,NA,
prolix-euclidean/2022-04-15-prolix-euclidean.parquet,TRUE,0,6.066160440444946,NA,
PSI-DRAFT/2021-11-29-PSI-DRAFT.parquet,TRUE,0,11.179287672042848,NA,
RobertWalraven-ESG/2020-10-19-RobertWalraven-ESG.parquet,TRUE,0,15.697361946105955,NA,
SDSC_ISG-TrendModel/2022-12-04-SDSC_ISG-TrendModel.parquet,TRUE,0,6.0762810707092285,NA,
STH-3PU/2020-06-29-STH-3PU.parquet,TRUE,0,2.188493251800537,NA,
UA-EpiCovDA/2020-10-11-UA-EpiCovDA.parquet,TRUE,0,8.88019323348999,NA,
UChicagoCHATTOPADHYAY-UnIT/2021-09-12-UChicagoCHATTOPADHYAY-UnIT.parquet,FALSE,1,184.9550642967224,"?: Required task ID/output type/output type ID combinations missing.  
 See `missing` attribute for details.",
UCSD_NEU-DeepGLEAM/2022-04-04-UCSD_NEU-DeepGLEAM.parquet,TRUE,0,8.48017168045044,NA,
UMass-MechBayes/2021-12-12-UMass-MechBayes.parquet,TRUE,0,9.071502447128296,NA,
UMass-trends_ensemble/2023-10-16-UMass-trends_ensemble.parquet,TRUE,0,22.46006965637207,NA,
USC-SI_kJalpha/2020-12-20-USC-SI_kJalpha.parquet,TRUE,0,248.65235304832456,NA,
UT-Osiris/2022-08-22-UT-Osiris.parquet,TRUE,0,35.108020544052124,NA,
UVA-Ensemble/2022-10-24-UVA-Ensemble.parquet,TRUE,0,48.724326372146606,NA,
YYG-ParamSearch/2020-08-23-YYG-ParamSearch.parquet,TRUE,0,17.080987691879272,NA,
BPagano-RtDriven/2022-01-09-BPagano-RtDriven.parquet,TRUE,0,54.266483306884766,NA,
CEPH-Rtrend_covid/2023-05-08-CEPH-Rtrend_covid.parquet,TRUE,0,15.17848014831543,NA,
CMU-TimeSeries/2023-08-21-CMU-TimeSeries.parquet,TRUE,0,21.41145181655884,NA,
CovidAnalytics-DELPHI/2021-04-26-CovidAnalytics-DELPHI.parquet,TRUE,0,21.14002275466919,NA,
COVIDhub_CDC-ensemble/2022-12-19-COVIDhub_CDC-ensemble.parquet,TRUE,0,44.59550738334656,NA,
COVIDhub-4_week_ensemble/2022-10-17-COVIDhub-4_week_ensemble.parquet,TRUE,0,407.30067133903503,NA,
COVIDhub-baseline/2022-07-25-COVIDhub-baseline.parquet,TRUE,0,758.2315974235535,NA,
COVIDhub-ensemble/2022-05-09-COVIDhub-ensemble.parquet,TRUE,0,112.08102083206175,NA,
COVIDhub-trained_ensemble/2023-02-06-COVIDhub-trained_ensemble.parquet,TRUE,0,48.46982479095459,NA,
CU-nochange/2022-07-17-CU-nochange.parquet,TRUE,0,580.3716719150543,NA,
CU-scenario_low/2021-03-07-CU-scenario_low.parquet,TRUE,0,559.4393842220306,NA,
CU-scenario_mid/2021-09-12-CU-scenario_mid.parquet,TRUE,0,554.4657816886902,NA,
CU-select/2022-03-20-CU-select.parquet,TRUE,0,593.501793384552,NA,
CWRU-COVID_19Predict/2022-04-03-CWRU-COVID_19Predict.parquet,TRUE,0,22.417139291763306,NA,
FAIR-NRAR/2020-12-08-FAIR-NRAR.parquet,TRUE,0,40.19370770454407,NA,
FAIR-NRAR/2021-08-28-FAIR-NRAR.parquet,TRUE,0,373.5007812976837,NA,
Geneva-DetGrowth/2020-05-18-Geneva-DetGrowth.parquet,TRUE,0,2.0549967288970947,NA,
GT-DeepCOVID/2021-01-11-GT-DeepCOVID.parquet,TRUE,0,42.69951820373535,NA,
HKUST-DNN/2022-12-12-HKUST-DNN.parquet,TRUE,0,6.115806341171265,NA,
IHME-CurveFit/2022-03-22-IHME-CurveFit.parquet,TRUE,0,209.75594329833984,NA,
JHU_CSSE-DECOM/2021-06-06-JHU_CSSE-DECOM.parquet,TRUE,0,15.875678300857544,NA,
JHU_IDD-CovidSP/2024-04-07-JHU_IDD-CovidSP.parquet,TRUE,0,21.51047134399414,NA,
JHUAPL-Gecko/2021-12-26-JHUAPL-Gecko.parquet,TRUE,0,53.902146339416504,NA,
Karlen-pypm/2021-09-05-Karlen-pypm.parquet,TRUE,0,60.17541193962097,NA,
LANL-GrowthRate/2020-09-17-LANL-GrowthRate.parquet,TRUE,0,683.01815366745,NA,
Microsoft-DeepSTIA/2021-01-11-Microsoft-DeepSTIA.parquet,TRUE,0,89.7462112903595,NA,
MIT_ISOLAT-Mixtures/2021-05-17-MIT_ISOLAT-Mixtures.parquet,TRUE,0,10.825098514556885,NA,
MITCovAlliance-SIR/2021-04-05-MITCovAlliance-SIR.parquet,TRUE,0,13.343884229660034,NA,
MOBS-GLEAM_COVID/2024-04-29-MOBS-GLEAM_COVID.parquet,TRUE,0,22.493512868881226,NA,3
NotreDame-mobility/2020-10-12-NotreDame-mobility.parquet,TRUE,0,11.495205402374268,NA,
prolix-euclidean/2022-04-18-prolix-euclidean.parquet,TRUE,0,5.996577978134155,NA,
PSI-DRAFT/2021-12-06-PSI-DRAFT.parquet,TRUE,0,10.265323400497437,NA,
RobertWalraven-ESG/2020-10-26-RobertWalraven-ESG.parquet,TRUE,0,15.415750741958618,NA,
SDSC_ISG-TrendModel/2022-12-11-SDSC_ISG-TrendModel.parquet,TRUE,0,6.0446860790252686,NA,
STH-3PU/2020-06-30-STH-3PU.parquet,TRUE,0,2.182598114013672,NA,
UA-EpiCovDA/2020-10-18-UA-EpiCovDA.parquet,TRUE,0,8.665928602218628,NA,
UChicagoCHATTOPADHYAY-UnIT/2021-09-19-UChicagoCHATTOPADHYAY-UnIT.parquet,FALSE,1,195.2900846004486,"?: Required task ID/output type/output type ID combinations missing.  
 See `missing` attribute for details.",
UCSD_NEU-DeepGLEAM/2022-04-11-UCSD_NEU-DeepGLEAM.parquet,TRUE,0,8.68799090385437,NA,
UMass-MechBayes/2021-12-19-UMass-MechBayes.parquet,TRUE,0,9.209908485412598,NA,
UMass-trends_ensemble/2023-10-23-UMass-trends_ensemble.parquet,TRUE,0,21.865594148635864,NA,
USC-SI_kJalpha/2020-12-27-USC-SI_kJalpha.parquet,TRUE,0,246.1249577999115,NA,
UT-Osiris/2022-08-29-UT-Osiris.parquet,TRUE,0,34.551565170288086,NA,
UVA-Ensemble/2022-10-31-UVA-Ensemble.parquet,TRUE,0,51.14657139778137,NA,
YYG-ParamSearch/2020-08-24-YYG-ParamSearch.parquet,TRUE,0,16.869571924209595,NA,
BPagano-RtDriven/2022-01-16-BPagano-RtDriven.parquet,TRUE,0,63.73008990287781,NA,
CEPH-Rtrend_covid/2023-05-15-CEPH-Rtrend_covid.parquet,TRUE,0,17.73262310028076,NA,
CMU-TimeSeries/2023-08-28-CMU-TimeSeries.parquet,TRUE,0,21.322858095169067,NA,
CovidAnalytics-DELPHI/2021-05-03-CovidAnalytics-DELPHI.parquet,TRUE,0,23.88009357452393,NA,
COVIDhub_CDC-ensemble/2022-12-26-COVIDhub_CDC-ensemble.parquet,TRUE,0,50.1863112449646,NA,
COVIDhub-4_week_ensemble/2022-10-24-COVIDhub-4_week_ensemble.parquet,TRUE,0,479.52766609191895,NA,
COVIDhub-baseline/2022-08-01-COVIDhub-baseline.parquet,TRUE,0,896.1519913673401,NA,
COVIDhub-ensemble/2022-05-16-COVIDhub-ensemble.parquet,TRUE,0,132.12457537651062,NA,
COVIDhub-trained_ensemble/2023-02-13-COVIDhub-trained_ensemble.parquet,TRUE,0,53.96394634246826,NA,
CU-nochange/2022-07-24-CU-nochange.parquet,TRUE,0,657.992702960968,NA,
CU-scenario_low/2021-03-14-CU-scenario_low.parquet,TRUE,0,660.926501750946,NA,
CU-scenario_mid/2021-09-19-CU-scenario_mid.parquet,TRUE,0,641.1999523639679,NA,
CU-select/2022-03-27-CU-select.parquet,TRUE,0,664.809737443924,NA,
CWRU-COVID_19Predict/2022-04-10-CWRU-COVID_19Predict.parquet,TRUE,0,25.229230165481567,NA,
FAIR-NRAR/2020-12-10-FAIR-NRAR.parquet,TRUE,0,45.82550597190857,NA,
FAIR-NRAR/2021-08-29-FAIR-NRAR.parquet,TRUE,0,399.1177961826325,NA,
Geneva-DetGrowth/2020-05-24-Geneva-DetGrowth.parquet,TRUE,0,2.218179702758789,NA,
GT-DeepCOVID/2021-01-18-GT-DeepCOVID.parquet,TRUE,0,48.844675064086914,NA,
HKUST-DNN/2022-12-19-HKUST-DNN.parquet,TRUE,0,7.212003946304321,NA,
IHME-CurveFit/2022-04-11-IHME-CurveFit.parquet,TRUE,0,247.13798594474792,NA,
JHU_CSSE-DECOM/2021-06-13-JHU_CSSE-DECOM.parquet,TRUE,0,17.81127166748047,NA,
JHU_IDD-CovidSP/2024-04-14-JHU_IDD-CovidSP.parquet,TRUE,0,24.393447399139404,NA,
JHUAPL-Gecko/2022-01-02-JHUAPL-Gecko.parquet,TRUE,0,60.013373613357544,NA,
Karlen-pypm/2021-09-12-Karlen-pypm.parquet,TRUE,0,65.97713255882263,NA,
LANL-GrowthRate/2020-09-21-LANL-GrowthRate.parquet,TRUE,0,809.949196100235,NA,
Microsoft-DeepSTIA/2021-01-18-Microsoft-DeepSTIA.parquet,TRUE,0,105.15981078147888,NA,
MIT_ISOLAT-Mixtures/2021-05-24-MIT_ISOLAT-Mixtures.parquet,TRUE,0,12.1659996509552,NA,
MITCovAlliance-SIR/2021-04-19-MITCovAlliance-SIR.parquet,TRUE,0,15.041351795196531,NA,
MSRA-DeepST/2020-10-12-MSRA-DeepST.parquet,TRUE,0,6.938666582107544,NA,
NotreDame-mobility/2020-10-19-NotreDame-mobility.parquet,TRUE,0,12.859390258789062,NA,
prolix-euclidean/2022-04-25-prolix-euclidean.parquet,TRUE,0,6.531054496765137,NA,
PSI-DRAFT/2021-12-13-PSI-DRAFT.parquet,TRUE,0,8.895209312438965,NA,
RobertWalraven-ESG/2020-11-02-RobertWalraven-ESG.parquet,TRUE,0,17.1031494140625,NA,
SDSC_ISG-TrendModel/2022-12-18-SDSC_ISG-TrendModel.parquet,TRUE,0,6.762338638305664,NA,
STH-3PU/2020-07-01-STH-3PU.parquet,TRUE,0,2.4939258098602295,NA,
UA-EpiCovDA/2020-10-25-UA-EpiCovDA.parquet,TRUE,0,9.599284410476685,NA,
UChicagoCHATTOPADHYAY-UnIT/2021-10-10-UChicagoCHATTOPADHYAY-UnIT.parquet,FALSE,1,227.16050124168396,"?: Required task ID/output type/output type ID combinations missing.  
 See `missing` attribute for details.",
UCSD_NEU-DeepGLEAM/2022-04-25-UCSD_NEU-DeepGLEAM.parquet,TRUE,0,10.79405689239502,NA,
UMass-MechBayes/2021-12-26-UMass-MechBayes.parquet,TRUE,0,11.454857110977173,NA,
UMass-trends_ensemble/2023-10-30-UMass-trends_ensemble.parquet,TRUE,0,27.777151584625244,NA,
USC-SI_kJalpha/2021-01-03-USC-SI_kJalpha.parquet,TRUE,0,308.3188190460205,NA,
UT-Osiris/2022-09-05-UT-Osiris.parquet,TRUE,0,46.63033366203308,NA,
UVA-Ensemble/2022-11-07-UVA-Ensemble.parquet,TRUE,0,62.45557904243469,NA,
YYG-ParamSearch/2020-08-25-YYG-ParamSearch.parquet,TRUE,0,19.119205474853516,NA,
BPagano-RtDriven/2022-01-23-BPagano-RtDriven.parquet,TRUE,0,60.94046378135681,NA,
CEPH-Rtrend_covid/2023-05-22-CEPH-Rtrend_covid.parquet,TRUE,0,17.601903676986694,NA,
CMU-TimeSeries/2023-09-04-CMU-TimeSeries.parquet,TRUE,0,20.895326852798465,NA,
CovidAnalytics-DELPHI/2021-05-09-CovidAnalytics-DELPHI.parquet,TRUE,0,22.112478733062744,NA,
COVIDhub_CDC-ensemble/2023-01-02-COVIDhub_CDC-ensemble.parquet,TRUE,0,47.819257736206055,NA,
COVIDhub-4_week_ensemble/2022-10-31-COVIDhub-4_week_ensemble.parquet,TRUE,0,441.06039786338806,NA,
COVIDhub-baseline/2022-08-08-COVIDhub-baseline.parquet,TRUE,0,827.7513177394867,NA,
COVIDhub-ensemble/2022-05-23-COVIDhub-ensemble.parquet,TRUE,0,120.05860209465028,NA,
COVIDhub-trained_ensemble/2023-02-20-COVIDhub-trained_ensemble.parquet,TRUE,0,49.38216781616211,NA,
CU-nochange/2022-07-31-CU-nochange.parquet,TRUE,0,621.542934179306,NA,
CU-scenario_low/2021-03-21-CU-scenario_low.parquet,TRUE,0,627.3480718135834,NA,
CU-scenario_mid/2021-09-26-CU-scenario_mid.parquet,TRUE,0,611.2276208400726,NA,
CU-select/2022-04-03-CU-select.parquet,TRUE,0,575.3423674106598,NA,
CWRU-COVID_19Predict/2022-04-17-CWRU-COVID_19Predict.parquet,TRUE,0,24.94995927810669,NA,
FAIR-NRAR/2020-12-11-FAIR-NRAR.parquet,TRUE,0,46.31270623207092,NA,
FAIR-NRAR/2021-08-30-FAIR-NRAR.parquet,TRUE,0,393.43592405319214,NA,
Geneva-DetGrowth/2020-05-25-Geneva-DetGrowth.parquet,TRUE,0,2.316014051437378,NA,
GT-DeepCOVID/2021-01-25-GT-DeepCOVID.parquet,TRUE,0,45.45846509933472,NA,
HKUST-DNN/2022-12-26-HKUST-DNN.parquet,TRUE,0,6.69073486328125,NA,
IHME-CurveFit/2022-05-06-IHME-CurveFit.parquet,TRUE,0,226.4482822418213,NA,
JHU_CSSE-DECOM/2021-06-20-JHU_CSSE-DECOM.parquet,TRUE,0,16.825419425964355,NA,
JHU_IDD-CovidSP/2024-04-21-JHU_IDD-CovidSP.parquet,TRUE,0,23.56255888938904,NA,
JHUAPL-Gecko/2022-01-09-JHUAPL-Gecko.parquet,TRUE,0,57.608803510665894,NA,
Karlen-pypm/2021-09-19-Karlen-pypm.parquet,TRUE,0,64.77671003341675,NA,
LANL-GrowthRate/2020-09-24-LANL-GrowthRate.parquet,TRUE,0,720.7701070308685,NA,
Microsoft-DeepSTIA/2021-01-25-Microsoft-DeepSTIA.parquet,TRUE,0,103.21065497398376,NA,
MIT_ISOLAT-Mixtures/2021-05-31-MIT_ISOLAT-Mixtures.parquet,TRUE,0,12.698432683944702,NA,
MOBS-GLEAM_COVID/2020-04-13-MOBS-GLEAM_COVID.parquet,FALSE,1,5.223066806793213,"?: Required task ID/output type/output type ID combinations missing.  
 See `missing` attribute for details.",
MSRA-DeepST/2020-10-19-MSRA-DeepST.parquet,TRUE,0,11.331899642944336,NA,
NotreDame-mobility/2020-10-26-NotreDame-mobility.parquet,TRUE,0,13.639486312866213,NA,
prolix-euclidean/2022-05-02-prolix-euclidean.parquet,TRUE,0,6.3822832107543945,NA,
PSI-DRAFT/2021-12-20-PSI-DRAFT.parquet,TRUE,0,10.269759893417358,NA,
RobertWalraven-ESG/2020-11-09-RobertWalraven-ESG.parquet,TRUE,0,17.84900999069214,NA,
SDSC_ISG-TrendModel/2022-12-25-SDSC_ISG-TrendModel.parquet,TRUE,0,6.78232741355896,NA,
STH-3PU/2020-07-02-STH-3PU.parquet,TRUE,0,2.4916107654571533,NA,
UA-EpiCovDA/2020-11-01-UA-EpiCovDA.parquet,TRUE,0,9.913532257080078,NA,
UChicagoCHATTOPADHYAY-UnIT/2021-10-17-UChicagoCHATTOPADHYAY-UnIT.parquet,FALSE,1,204.50520515441897,"?: Required task ID/output type/output type ID combinations missing.  
 See `missing` attribute for details.",
UCSD_NEU-DeepGLEAM/2022-05-02-UCSD_NEU-DeepGLEAM.parquet,TRUE,0,9.787643671035768,NA,
UMass-MechBayes/2022-01-02-UMass-MechBayes.parquet,TRUE,0,10.47413206100464,NA,
UMass-trends_ensemble/2023-11-06-UMass-trends_ensemble.parquet,TRUE,0,25.569501876831055,NA,
USC-SI_kJalpha/2021-01-10-USC-SI_kJalpha.parquet,TRUE,0,358.8398611545563,NA,
UT-Osiris/2022-09-12-UT-Osiris.parquet,TRUE,0,48.362669229507446,NA,
UVA-Ensemble/2022-11-14-UVA-Ensemble.parquet,TRUE,0,60.1524932384491,NA,
YYG-ParamSearch/2020-08-26-YYG-ParamSearch.parquet,TRUE,0,18.922850847244263,NA,
BPagano-RtDriven/2022-01-30-BPagano-RtDriven.parquet,TRUE,0,54.452208518981934,NA,
CEPH-Rtrend_covid/2023-05-29-CEPH-Rtrend_covid.parquet,TRUE,0,15.323100805282593,NA,
CMU-TimeSeries/2023-09-11-CMU-TimeSeries.parquet,TRUE,0,22.58283233642578,NA,
CovidAnalytics-DELPHI/2021-05-17-CovidAnalytics-DELPHI.parquet,TRUE,0,19.89649796485901,NA,
COVIDhub_CDC-ensemble/2023-01-09-COVIDhub_CDC-ensemble.parquet,TRUE,0,42.564759254455566,NA,
COVIDhub-4_week_ensemble/2022-11-07-COVIDhub-4_week_ensemble.parquet,TRUE,0,402.70718479156494,NA,
COVIDhub-baseline/2022-08-15-COVIDhub-baseline.parquet,TRUE,0,754.615865945816,NA,
COVIDhub-ensemble/2022-05-30-COVIDhub-ensemble.parquet,TRUE,0,116.47421860694884,NA,
COVIDhub-trained_ensemble/2023-02-27-COVIDhub-trained_ensemble.parquet,TRUE,0,46.469303369522095,NA,
CU-nochange/2022-08-07-CU-nochange.parquet,TRUE,0,565.9784569740295,NA,
CU-scenario_low/2021-03-28-CU-scenario_low.parquet,TRUE,0,566.8867492675781,NA,
CU-scenario_mid/2021-10-03-CU-scenario_mid.parquet,TRUE,0,558.6110734939575,NA,
CU-select/2022-04-10-CU-select.parquet,TRUE,0,573.3103678226471,NA,
CWRU-COVID_19Predict/2022-04-24-CWRU-COVID_19Predict.parquet,TRUE,0,22.20602059364319,NA,
FAIR-NRAR/2020-12-13-FAIR-NRAR.parquet,TRUE,0,40.19108438491821,NA,
FAIR-NRAR/2021-08-31-FAIR-NRAR.parquet,TRUE,0,345.03761291503906,NA,
Geneva-DetGrowth/2020-05-31-Geneva-DetGrowth.parquet,TRUE,0,2.002988815307617,NA,
GT-DeepCOVID/2021-02-01-GT-DeepCOVID.parquet,TRUE,0,42.059077739715576,NA,
HKUST-DNN/2023-01-02-HKUST-DNN.parquet,TRUE,0,6.1487815380096436,NA,
IHME-CurveFit/2022-06-10-IHME-CurveFit.parquet,TRUE,0,214.54095315933228,NA,
JHU_CSSE-DECOM/2021-06-27-JHU_CSSE-DECOM.parquet,TRUE,0,15.318796634674072,NA,
JHU_IDD-CovidSP/2024-04-28-JHU_IDD-CovidSP.parquet,TRUE,0,21.27061438560486,NA,
JHUAPL-Gecko/2022-01-16-JHUAPL-Gecko.parquet,TRUE,0,50.22226142883301,NA,
Karlen-pypm/2021-09-26-Karlen-pypm.parquet,TRUE,0,55.0255913734436,NA,
LANL-GrowthRate/2020-09-28-LANL-GrowthRate.parquet,TRUE,0,641.49298787117,NA,
Microsoft-DeepSTIA/2021-02-01-Microsoft-DeepSTIA.parquet,TRUE,0,89.53838300704956,NA,
MIT_ISOLAT-Mixtures/2021-06-07-MIT_ISOLAT-Mixtures.parquet,TRUE,0,11.28746771812439,NA,
MOBS-GLEAM_COVID/2020-04-20-MOBS-GLEAM_COVID.parquet,FALSE,1,6.70903205871582,"?: Required task ID/output type/output type ID combinations missing.  
 See `missing` attribute for details.",
MSRA-DeepST/2020-10-26-MSRA-DeepST.parquet,TRUE,0,6.089754581451416,NA,
NotreDame-mobility/2020-11-02-NotreDame-mobility.parquet,TRUE,0,11.55381727218628,NA,
prolix-euclidean/2022-05-09-prolix-euclidean.parquet,TRUE,0,7.936055898666382,NA,
PSI-DRAFT/2021-12-27-PSI-DRAFT.parquet,TRUE,0,9.229676961898804,NA,
RobertWalraven-ESG/2020-11-16-RobertWalraven-ESG.parquet,TRUE,0,15.284159421920776,NA,
SDSC_ISG-TrendModel/2023-01-01-SDSC_ISG-TrendModel.parquet,TRUE,0,6.346152067184448,NA,
STH-3PU/2020-07-03-STH-3PU.parquet,TRUE,0,2.269657850265503,NA,
UA-EpiCovDA/2020-11-08-UA-EpiCovDA.parquet,TRUE,0,8.578370094299316,NA,
UChicagoCHATTOPADHYAY-UnIT/2021-10-24-UChicagoCHATTOPADHYAY-UnIT.parquet,FALSE,1,178.0795774459839,"?: Required task ID/output type/output type ID combinations missing.  
 See `missing` attribute for details.",
UCSD_NEU-DeepGLEAM/2022-05-09-UCSD_NEU-DeepGLEAM.parquet,TRUE,0,8.690378904342651,NA,
UMass-MechBayes/2022-01-09-UMass-MechBayes.parquet,TRUE,0,9.17350435256958,NA,
UMass-trends_ensemble/2023-11-13-UMass-trends_ensemble.parquet,TRUE,0,22.251837015151978,NA,
USC-SI_kJalpha/2021-01-17-USC-SI_kJalpha.parquet,TRUE,0,306.71639347076416,NA,
UT-Osiris/2022-09-19-UT-Osiris.parquet,TRUE,0,34.201732873916626,NA,
UVA-Ensemble/2022-11-21-UVA-Ensemble.parquet,TRUE,0,47.30807280540466,NA,
YYG-ParamSearch/2020-08-27-YYG-ParamSearch.parquet,TRUE,0,15.572456121444702,NA,
BPagano-RtDriven/2022-02-06-BPagano-RtDriven.parquet,TRUE,0,58.91958141326904,NA,
CEPH-Rtrend_covid/2023-06-05-CEPH-Rtrend_covid.parquet,TRUE,0,17.037800550460815,NA,
CMU-TimeSeries/2023-09-18-CMU-TimeSeries.parquet,TRUE,0,25.365792989730835,NA,
CovidAnalytics-DELPHI/2021-05-24-CovidAnalytics-DELPHI.parquet,TRUE,0,22.23000979423523,NA,
COVIDhub_CDC-ensemble/2023-01-16-COVIDhub_CDC-ensemble.parquet,TRUE,0,45.17837643623352,NA,
COVIDhub-4_week_ensemble/2022-11-14-COVIDhub-4_week_ensemble.parquet,TRUE,0,425.03417348861694,NA,
COVIDhub-baseline/2022-08-22-COVIDhub-baseline.parquet,TRUE,0,836.1515049934387,NA,
COVIDhub-ensemble/2022-06-06-COVIDhub-ensemble.parquet,TRUE,0,120.38194823265076,NA,
COVIDhub-trained_ensemble/2023-03-06-COVIDhub-trained_ensemble.parquet,TRUE,0,23.7411949634552,NA,
CU-nochange/2022-08-14-CU-nochange.parquet,TRUE,0,610.46875166893,NA,
CU-scenario_low/2021-04-04-CU-scenario_low.parquet,TRUE,0,605.757182598114,NA,
CU-scenario_mid/2021-10-17-CU-scenario_mid.parquet,TRUE,0,593.9302487373352,NA,
CU-select/2022-04-17-CU-select.parquet,TRUE,0,614.1312522888184,NA,
CWRU-COVID_19Predict/2022-05-01-CWRU-COVID_19Predict.parquet,TRUE,0,23.753371715545654,NA,
FAIR-NRAR/2020-12-14-FAIR-NRAR.parquet,TRUE,0,42.29356813430786,NA,
FAIR-NRAR/2021-09-01-FAIR-NRAR.parquet,TRUE,0,388.3343284130096,NA,
Geneva-DetGrowth/2020-06-01-Geneva-DetGrowth.parquet,TRUE,0,2.32248854637146,NA,
GT-DeepCOVID/2021-02-08-GT-DeepCOVID.parquet,TRUE,0,42.53784227371216,NA,
HKUST-DNN/2023-01-09-HKUST-DNN.parquet,TRUE,0,6.625622034072876,NA,
IHME-CurveFit/2022-07-19-IHME-CurveFit.parquet,TRUE,0,218.1018271446228,NA,
JHU_CSSE-DECOM/2021-07-04-JHU_CSSE-DECOM.parquet,TRUE,0,16.432504892349243,NA,
JHU_UNC_GAS-StatMechPool/2020-10-25-JHU_UNC_GAS-StatMechPool.parquet,FALSE,1,182.7812857627869,"?: Required task ID/output type/output type ID combinations missing.  
 See `missing` attribute for details.",
JHUAPL-Gecko/2022-01-23-JHUAPL-Gecko.parquet,TRUE,0,55.0684130191803,NA,
Karlen-pypm/2021-10-03-Karlen-pypm.parquet,TRUE,0,62.8541145324707,NA,
LANL-GrowthRate/2020-10-01-LANL-GrowthRate.parquet,TRUE,0,724.1882603168488,NA,
Microsoft-DeepSTIA/2021-02-08-Microsoft-DeepSTIA.parquet,TRUE,0,100.53918719291688,NA,
MIT_ISOLAT-Mixtures/2021-06-14-MIT_ISOLAT-Mixtures.parquet,TRUE,0,11.268721580505373,NA,
MOBS-GLEAM_COVID/2020-04-27-MOBS-GLEAM_COVID.parquet,TRUE,0,7.823680639266968,NA,
MSRA-DeepST/2020-11-02-MSRA-DeepST.parquet,TRUE,0,10.889626741409302,NA,
NotreDame-mobility/2020-11-09-NotreDame-mobility.parquet,TRUE,0,13.24281358718872,NA,
prolix-euclidean/2022-05-16-prolix-euclidean.parquet,TRUE,0,8.301960706710815,NA,
PSI-DRAFT/2022-01-03-PSI-DRAFT.parquet,TRUE,0,10.039278745651243,NA,
RobertWalraven-ESG/2020-11-23-RobertWalraven-ESG.parquet,TRUE,0,16.97997546195984,NA,
SDSC_ISG-TrendModel/2023-01-08-SDSC_ISG-TrendModel.parquet,TRUE,0,7.116163730621338,NA,
STH-3PU/2020-07-04-STH-3PU.parquet,TRUE,0,2.4976518154144287,NA,
UA-EpiCovDA/2020-11-15-UA-EpiCovDA.parquet,TRUE,0,9.95242714881897,NA,
UChicagoCHATTOPADHYAY-UnIT/2021-10-31-UChicagoCHATTOPADHYAY-UnIT.parquet,FALSE,1,197.4037094116211,"?: Required task ID/output type/output type ID combinations missing.  
 See `missing` attribute for details.",
UCSD_NEU-DeepGLEAM/2022-05-16-UCSD_NEU-DeepGLEAM.parquet,TRUE,0,9.720341444015505,NA,
UMass-MechBayes/2022-01-16-UMass-MechBayes.parquet,TRUE,0,10.210975646972656,NA,
UMass-trends_ensemble/2023-11-20-UMass-trends_ensemble.parquet,TRUE,0,25.28002643585205,NA,
USC-SI_kJalpha/2021-01-24-USC-SI_kJalpha.parquet,TRUE,0,333.83761763572693,NA,
UT-Osiris/2022-09-26-UT-Osiris.parquet,TRUE,0,36.8487856388092,NA,
UVA-Ensemble/2022-11-28-UVA-Ensemble.parquet,TRUE,0,50.98758339881897,NA,
YYG-ParamSearch/2020-08-28-YYG-ParamSearch.parquet,TRUE,0,16.613733768463135,NA,
BPagano-RtDriven/2022-02-13-BPagano-RtDriven.parquet,TRUE,0,69.78685021400452,NA,
CEPH-Rtrend_covid/2023-06-12-CEPH-Rtrend_covid.parquet,TRUE,0,19.638778924942017,NA,
CMU-TimeSeries/2023-09-25-CMU-TimeSeries.parquet,TRUE,0,26.663870334625244,NA,
CovidAnalytics-DELPHI/2021-05-31-CovidAnalytics-DELPHI.parquet,TRUE,0,23.38179302215576,NA,
COVIDhub_CDC-ensemble/2023-01-23-COVIDhub_CDC-ensemble.parquet,TRUE,0,52.4202733039856,NA,
COVIDhub-4_week_ensemble/2022-11-21-COVIDhub-4_week_ensemble.parquet,TRUE,0,486.91555857658386,NA,
COVIDhub-baseline/2022-08-29-COVIDhub-baseline.parquet,TRUE,0,902.5280883312224,NA,
COVIDhub-ensemble/2022-06-13-COVIDhub-ensemble.parquet,TRUE,0,132.92398381233215,NA,
COVIDhub-trained_ensemble/2023-03-13-COVIDhub-trained_ensemble.parquet,TRUE,0,26.843223571777344,NA,
CU-nochange/2022-08-21-CU-nochange.parquet,TRUE,0,662.7441742420197,NA,
CU-scenario_low/2021-04-11-CU-scenario_low.parquet,TRUE,0,662.8731269836426,NA,
CU-scenario_mid/2021-10-24-CU-scenario_mid.parquet,TRUE,0,624.4581027030945,NA,
CU-select/2022-04-24-CU-select.parquet,TRUE,0,699.9666268825531,NA,
CWRU-COVID_19Predict/2022-05-08-CWRU-COVID_19Predict.parquet,TRUE,0,26.596741199493408,NA,
FAIR-NRAR/2020-12-15-FAIR-NRAR.parquet,TRUE,0,46.94673228263855,NA,
FAIR-NRAR/2021-09-02-FAIR-NRAR.parquet,TRUE,0,399.981330871582,NA,
Geneva-DetGrowth/2020-06-07-Geneva-DetGrowth.parquet,TRUE,0,2.543484926223755,NA,
GT-DeepCOVID/2021-02-15-GT-DeepCOVID.parquet,TRUE,0,47.527979135513306,NA,
HKUST-DNN/2023-01-16-HKUST-DNN.parquet,TRUE,0,7.179002523422241,NA,
IHME-CurveFit/2022-09-12-IHME-CurveFit.parquet,TRUE,0,258.80952548980713,NA,
JHU_CSSE-DECOM/2021-07-11-JHU_CSSE-DECOM.parquet,TRUE,0,18.31240677833557,NA,
JHU_UNC_GAS-StatMechPool/2020-11-01-JHU_UNC_GAS-StatMechPool.parquet,FALSE,1,226.02476000785828,"?: Required task ID/output type/output type ID combinations missing.  
 See `missing` attribute for details.",
JHUAPL-Gecko/2022-01-30-JHUAPL-Gecko.parquet,TRUE,0,65.83694314956665,NA,
Karlen-pypm/2021-10-10-Karlen-pypm.parquet,TRUE,0,66.5526967048645,NA,
LANL-GrowthRate/2020-10-05-LANL-GrowthRate.parquet,TRUE,0,810.2720878124237,NA,
Microsoft-DeepSTIA/2021-02-15-Microsoft-DeepSTIA.parquet,TRUE,0,107.60234999656676,NA,
MIT_ISOLAT-Mixtures/2021-06-21-MIT_ISOLAT-Mixtures.parquet,TRUE,0,11.816582441329956,NA,
MOBS-GLEAM_COVID/2020-05-04-MOBS-GLEAM_COVID.parquet,TRUE,0,8.317775964736938,NA,
MSRA-DeepST/2020-11-09-MSRA-DeepST.parquet,TRUE,0,11.229901313781738,NA,
NotreDame-mobility/2020-11-16-NotreDame-mobility.parquet,TRUE,0,13.773992776870728,NA,
PSI-DICE/2022-02-14-PSI-DICE.parquet,TRUE,0,57.57827425003052,NA,
PSI-DRAFT/2022-01-10-PSI-DRAFT.parquet,TRUE,0,9.850366353988647,NA,
RobertWalraven-ESG/2020-11-30-RobertWalraven-ESG.parquet,TRUE,0,18.379825353622437,NA,
SDSC_ISG-TrendModel/2023-01-15-SDSC_ISG-TrendModel.parquet,TRUE,0,7.050983667373657,NA,
STH-3PU/2020-07-05-STH-3PU.parquet,TRUE,0,2.4656918048858643,NA,
UA-EpiCovDA/2020-11-22-UA-EpiCovDA.parquet,TRUE,0,9.75010633468628,NA,
UChicagoCHATTOPADHYAY-UnIT/2021-11-07-UChicagoCHATTOPADHYAY-UnIT.parquet,FALSE,1,218.99158668518064,"?: Required task ID/output type/output type ID combinations missing.  
 See `missing` attribute for details.",
UCSD_NEU-DeepGLEAM/2022-05-23-UCSD_NEU-DeepGLEAM.parquet,TRUE,0,9.88764238357544,NA,
UMass-MechBayes/2022-01-23-UMass-MechBayes.parquet,TRUE,0,10.562418222427368,NA,
UMass-trends_ensemble/2023-11-27-UMass-trends_ensemble.parquet,TRUE,0,26.280933380126953,NA,
USC-SI_kJalpha/2021-01-31-USC-SI_kJalpha.parquet,TRUE,0,376.4297790527344,NA,
UT-Osiris/2022-10-03-UT-Osiris.parquet,TRUE,0,40.45905637741089,NA,
UVA-Ensemble/2022-12-05-UVA-Ensemble.parquet,TRUE,0,56.77548313140869,NA,
YYG-ParamSearch/2020-08-29-YYG-ParamSearch.parquet,TRUE,0,18.2302303314209,NA,
BPagano-RtDriven/2022-02-20-BPagano-RtDriven.parquet,TRUE,0,48.376224994659424,NA,
CEPH-Rtrend_covid/2023-06-26-CEPH-Rtrend_covid.parquet,TRUE,0,12.85378360748291,NA,
CMU-TimeSeries/2023-10-02-CMU-TimeSeries.parquet,TRUE,0,17.77150058746338,NA,
CovidAnalytics-DELPHI/2021-06-07-CovidAnalytics-DELPHI.parquet,TRUE,0,16.5838406085968,NA,
COVIDhub_CDC-ensemble/2023-01-30-COVIDhub_CDC-ensemble.parquet,TRUE,0,38.72940921783447,NA,
COVIDhub-4_week_ensemble/2022-11-28-COVIDhub-4_week_ensemble.parquet,TRUE,0,358.1866629123688,NA,
COVIDhub-baseline/2022-09-05-COVIDhub-baseline.parquet,TRUE,0,686.5396673679352,NA,
COVIDhub-ensemble/2022-06-20-COVIDhub-ensemble.parquet,TRUE,0,102.76254630088806,NA,
COVIDhub-trained_ensemble/2023-03-20-COVIDhub-trained_ensemble.parquet,TRUE,0,18.396519660949707,NA,
CU-nochange/2022-08-28-CU-nochange.parquet,TRUE,0,505.5549473762512,NA,
CU-scenario_low/2021-04-18-CU-scenario_low.parquet,TRUE,0,481.08281922340393,NA,
CU-scenario_mid/2021-10-31-CU-scenario_mid.parquet,TRUE,0,479.6396870613098,NA,
CU-select/2022-05-01-CU-select.parquet,TRUE,0,526.0614011287689,NA,
DDS-NBDS/2020-07-27-DDS-NBDS.parquet,TRUE,0,11.771953582763672,NA,
FAIR-NRAR/2020-12-16-FAIR-NRAR.parquet,TRUE,0,32.16215991973877,NA,
FAIR-NRAR/2021-09-03-FAIR-NRAR.parquet,TRUE,0,314.0530469417572,NA,
Geneva-DetGrowth/2020-07-05-Geneva-DetGrowth.parquet,TRUE,0,1.8849456310272217,NA,
GT-DeepCOVID/2021-02-22-GT-DeepCOVID.parquet,TRUE,0,37.72520327568054,NA,
HKUST-DNN/2023-01-23-HKUST-DNN.parquet,TRUE,0,5.186659336090088,NA,
IHME-CurveFit/2022-10-24-IHME-CurveFit.parquet,TRUE,0,178.2067093849182,NA,
JHU_CSSE-DECOM/2021-07-18-JHU_CSSE-DECOM.parquet,TRUE,0,13.219496250152588,NA,
JHU_UNC_GAS-StatMechPool/2020-11-08-JHU_UNC_GAS-StatMechPool.parquet,FALSE,1,156.7957820892334,"?: Required task ID/output type/output type ID combinations missing.  
 See `missing` attribute for details.",
JHUAPL-Gecko/2022-02-06-JHUAPL-Gecko.parquet,TRUE,0,46.92918014526367,NA,
Karlen-pypm/2021-10-17-Karlen-pypm.parquet,TRUE,0,51.21151041984558,NA,
LANL-GrowthRate/2020-10-08-LANL-GrowthRate.parquet,TRUE,0,605.2065162658691,NA,
Microsoft-DeepSTIA/2021-02-22-Microsoft-DeepSTIA.parquet,TRUE,0,73.35874676704407,NA,
MIT_ISOLAT-Mixtures/2021-06-28-MIT_ISOLAT-Mixtures.parquet,TRUE,0,8.971421003341675,NA,
MOBS-GLEAM_COVID/2020-05-11-MOBS-GLEAM_COVID.parquet,TRUE,0,5.540937423706055,NA,
MSRA-DeepST/2020-11-16-MSRA-DeepST.parquet,TRUE,0,7.972840785980225,NA,
NotreDame-mobility/2020-11-21-NotreDame-mobility.parquet,TRUE,0,9.545289516448976,NA,
PSI-DICE/2022-02-21-PSI-DICE.parquet,TRUE,0,38.28766870498657,NA,
PSI-DRAFT/2022-01-17-PSI-DRAFT.parquet,TRUE,0,9.095704793930054,NA,
RobertWalraven-ESG/2020-12-07-RobertWalraven-ESG.parquet,TRUE,0,12.809182405471802,NA,
SDSC_ISG-TrendModel/2023-01-22-SDSC_ISG-TrendModel.parquet,TRUE,0,5.146489381790161,NA,
STH-3PU/2020-07-06-STH-3PU.parquet,TRUE,0,1.7214255332946775,NA,
UA-EpiCovDA/2020-11-29-UA-EpiCovDA.parquet,TRUE,0,7.187623023986816,NA,
UChicagoCHATTOPADHYAY-UnIT/2021-11-14-UChicagoCHATTOPADHYAY-UnIT.parquet,FALSE,1,156.52992391586304,"?: Required task ID/output type/output type ID combinations missing.  
 See `missing` attribute for details.",
UCSD_NEU-DeepGLEAM/2022-05-30-UCSD_NEU-DeepGLEAM.parquet,TRUE,0,7.108829975128174,NA,
UMass-MechBayes/2022-01-30-UMass-MechBayes.parquet,TRUE,0,7.498567581176758,NA,
UMass-trends_ensemble/2023-12-04-UMass-trends_ensemble.parquet,TRUE,0,18.386377334594727,NA,
USC-SI_kJalpha/2021-02-07-USC-SI_kJalpha.parquet,TRUE,0,268.55221700668335,NA,
UT-Osiris/2022-10-10-UT-Osiris.parquet,TRUE,0,31.822208881378177,NA,
UVA-Ensemble/2022-12-12-UVA-Ensemble.parquet,TRUE,0,45.73999118804931,NA,
YYG-ParamSearch/2020-08-30-YYG-ParamSearch.parquet,TRUE,0,12.932016372680664,NA,
BPagano-RtDriven/2022-02-27-BPagano-RtDriven.parquet,TRUE,0,45.59564924240112,NA,
CEPH-Rtrend_covid/2023-07-03-CEPH-Rtrend_covid.parquet,TRUE,0,12.57603120803833,NA,
CMU-TimeSeries/2023-10-09-CMU-TimeSeries.parquet,TRUE,0,17.00116205215454,NA,
CovidAnalytics-DELPHI/2021-06-14-CovidAnalytics-DELPHI.parquet,TRUE,0,15.547449827194214,NA,
COVIDhub_CDC-ensemble/2023-02-06-COVIDhub_CDC-ensemble.parquet,TRUE,0,34.80111384391785,NA,
COVIDhub-4_week_ensemble/2022-12-05-COVIDhub-4_week_ensemble.parquet,TRUE,0,325.0084812641144,NA,
COVIDhub-baseline/2022-09-12-COVIDhub-baseline.parquet,TRUE,0,589.6099338531494,NA,
COVIDhub-ensemble/2022-06-27-COVIDhub-ensemble.parquet,TRUE,0,89.13015341758728,NA,
COVIDhub-trained_ensemble/2023-03-27-COVIDhub-trained_ensemble.parquet,TRUE,0,16.99631428718567,NA,
CU-nochange/2022-09-04-CU-nochange.parquet,TRUE,0,462.1402065753937,NA,
CU-scenario_low/2021-04-25-CU-scenario_low.parquet,TRUE,0,456.78941774368286,NA,
CU-scenario_mid/2021-11-07-CU-scenario_mid.parquet,TRUE,0,453.80117988586426,NA,
CU-select/2022-05-08-CU-select.parquet,TRUE,0,461.176305770874,NA,
DDS-NBDS/2020-08-03-DDS-NBDS.parquet,TRUE,0,11.346081972122192,NA,
FAIR-NRAR/2020-12-17-FAIR-NRAR.parquet,TRUE,0,276.844562292099,NA,
FAIR-NRAR/2021-09-04-FAIR-NRAR.parquet,TRUE,0,280.3565354347229,NA,
Geneva-DetGrowth/2020-07-12-Geneva-DetGrowth.parquet,TRUE,0,1.8279318809509275,NA,
GT-DeepCOVID/2021-03-01-GT-DeepCOVID.parquet,TRUE,0,34.40100049972534,NA,
HKUST-DNN/2023-01-30-HKUST-DNN.parquet,TRUE,0,4.960954666137695,NA,
IHME-CurveFit/2022-11-18-IHME-CurveFit.parquet,TRUE,0,180.19041085243225,NA,
JHU_CSSE-DECOM/2021-07-25-JHU_CSSE-DECOM.parquet,TRUE,0,12.210005283355711,NA,
JHU_UNC_GAS-StatMechPool/2020-11-15-JHU_UNC_GAS-StatMechPool.parquet,TRUE,0,138.7544264793396,NA,
JHUAPL-Gecko/2022-02-14-JHUAPL-Gecko.parquet,TRUE,0,43.99571442604065,NA,
Karlen-pypm/2021-10-24-Karlen-pypm.parquet,TRUE,0,49.81412482261658,NA,
LANL-GrowthRate/2020-10-12-LANL-GrowthRate.parquet,TRUE,0,551.21338057518,NA,
Microsoft-DeepSTIA/2021-03-01-Microsoft-DeepSTIA.parquet,TRUE,0,72.6628041267395,NA,
MIT_ISOLAT-Mixtures/2021-07-05-MIT_ISOLAT-Mixtures.parquet,TRUE,0,7.779041767120361,NA,
MOBS-GLEAM_COVID/2020-05-18-MOBS-GLEAM_COVID.parquet,TRUE,0,5.480098247528076,NA,
MSRA-DeepST/2020-11-23-MSRA-DeepST.parquet,TRUE,0,7.833047151565552,NA,
NotreDame-mobility/2020-11-30-NotreDame-mobility.parquet,TRUE,0,9.424928188323976,NA,
PSI-DICE/2022-02-28-PSI-DICE.parquet,TRUE,0,34.63863015174866,NA,
PSI-DRAFT/2022-01-24-PSI-DRAFT.parquet,TRUE,0,8.911497831344604,NA,
RobertWalraven-ESG/2020-12-14-RobertWalraven-ESG.parquet,TRUE,0,12.55696153640747,NA,
SDSC_ISG-TrendModel/2023-01-29-SDSC_ISG-TrendModel.parquet,TRUE,0,4.961025953292847,NA,
STH-3PU/2020-07-07-STH-3PU.parquet,TRUE,0,1.718508005142212,NA,
UA-EpiCovDA/2020-12-06-UA-EpiCovDA.parquet,TRUE,0,6.7338550090789795,NA,
UChicagoCHATTOPADHYAY-UnIT/2021-11-21-UChicagoCHATTOPADHYAY-UnIT.parquet,FALSE,1,148.25824403762817,"?: Required task ID/output type/output type ID combinations missing.  
 See `missing` attribute for details.",
UCSD_NEU-DeepGLEAM/2022-06-13-UCSD_NEU-DeepGLEAM.parquet,TRUE,0,6.990616321563721,NA,
UMass-MechBayes/2022-02-06-UMass-MechBayes.parquet,TRUE,0,7.083270788192749,NA,
UMass-trends_ensemble/2023-12-11-UMass-trends_ensemble.parquet,TRUE,0,17.888307809829712,NA,
USC-SI_kJalpha/2021-02-14-USC-SI_kJalpha.parquet,TRUE,0,249.3245849609375,NA,
UT-Osiris/2022-10-17-UT-Osiris.parquet,TRUE,0,27.87751007080078,NA,
UVA-Ensemble/2022-12-19-UVA-Ensemble.parquet,TRUE,0,44.03185749053955,NA,
YYG-ParamSearch/2020-08-31-YYG-ParamSearch.parquet,TRUE,0,12.594410181045532,NA,
BPagano-RtDriven/2022-03-06-BPagano-RtDriven.parquet,TRUE,0,48.30646014213562,NA,
CEPH-Rtrend_covid/2023-07-10-CEPH-Rtrend_covid.parquet,TRUE,0,13.002129077911375,NA,
CMU-TimeSeries/2023-10-16-CMU-TimeSeries.parquet,TRUE,0,18.16146945953369,NA,
CovidAnalytics-DELPHI/2021-06-21-CovidAnalytics-DELPHI.parquet,TRUE,0,16.707262992858887,NA,
COVIDhub_CDC-ensemble/2023-02-13-COVIDhub_CDC-ensemble.parquet,TRUE,0,38.90464162826538,NA,
COVIDhub-4_week_ensemble/2022-12-12-COVIDhub-4_week_ensemble.parquet,TRUE,0,335.0204210281372,NA,
COVIDhub-baseline/2022-09-19-COVIDhub-baseline.parquet,TRUE,0,676.34308385849,NA,
COVIDhub-ensemble/2022-07-04-COVIDhub-ensemble.parquet,TRUE,0,98.95152163505554,NA,
COVIDhub-trained_ensemble/2023-04-03-COVIDhub-trained_ensemble.parquet,TRUE,0,18.59445571899414,NA,
CU-nochange/2022-09-11-CU-nochange.parquet,TRUE,0,508.0982346534729,NA,
CU-scenario_low/2021-05-02-CU-scenario_low.parquet,TRUE,0,500.38937973976135,NA,
CU-scenario_mid/2021-11-14-CU-scenario_mid.parquet,TRUE,0,507.1850469112396,NA,
CU-select/2022-05-15-CU-select.parquet,TRUE,0,491.8760471343994,NA,
DDS-NBDS/2020-08-09-DDS-NBDS.parquet,TRUE,0,11.712289810180664,NA,
FAIR-NRAR/2020-12-18-FAIR-NRAR.parquet,TRUE,0,304.92971086502075,NA,
FAIR-NRAR/2021-09-05-FAIR-NRAR.parquet,TRUE,0,307.4284267425537,NA,
Geneva-DetGrowth/2020-07-19-Geneva-DetGrowth.parquet,TRUE,0,2.057814598083496,NA,
GT-DeepCOVID/2021-03-08-GT-DeepCOVID.parquet,TRUE,0,36.74521160125733,NA,
HKUST-DNN/2023-02-06-HKUST-DNN.parquet,TRUE,0,5.067711591720581,NA,
IHME-CurveFit/2022-12-16-IHME-CurveFit.parquet,TRUE,0,183.95092916488647,NA,
JHU_CSSE-DECOM/2021-08-01-JHU_CSSE-DECOM.parquet,TRUE,0,13.102163314819336,NA,
JHU_UNC_GAS-StatMechPool/2020-12-06-JHU_UNC_GAS-StatMechPool.parquet,TRUE,0,151.66346764564514,NA,
JHUAPL-Gecko/2022-02-21-JHUAPL-Gecko.parquet,TRUE,0,46.038179874420166,NA,
Karlen-pypm/2021-10-31-Karlen-pypm.parquet,TRUE,0,54.19468951225281,NA,
LANL-GrowthRate/2020-10-15-LANL-GrowthRate.parquet,TRUE,0,600.4375896453857,NA,
Microsoft-DeepSTIA/2021-03-08-Microsoft-DeepSTIA.parquet,TRUE,0,72.94202208518982,NA,
MIT_ISOLAT-Mixtures/2021-07-12-MIT_ISOLAT-Mixtures.parquet,TRUE,0,8.153963088989258,NA,
MOBS-GLEAM_COVID/2020-05-25-MOBS-GLEAM_COVID.parquet,TRUE,0,5.478257417678833,NA,
MSRA-DeepST/2020-11-30-MSRA-DeepST.parquet,TRUE,0,7.9936439990997314,NA,
NotreDame-mobility/2020-12-07-NotreDame-mobility.parquet,TRUE,0,9.183583736419678,NA,
PSI-DICE/2022-03-07-PSI-DICE.parquet,TRUE,0,37.195093631744385,NA,
PSI-DRAFT/2022-01-31-PSI-DRAFT.parquet,TRUE,0,9.1820707321167,NA,
RobertWalraven-ESG/2020-12-21-RobertWalraven-ESG.parquet,TRUE,0,13.453588485717772,NA,
SDSC_ISG-TrendModel/2023-02-05-SDSC_ISG-TrendModel.parquet,TRUE,0,5.323926687240601,NA,
STH-3PU/2020-07-08-STH-3PU.parquet,TRUE,0,1.743938446044922,NA,
UA-EpiCovDA/2020-12-13-UA-EpiCovDA.parquet,TRUE,0,7.014861583709717,NA,
UChicagoCHATTOPADHYAY-UnIT/2021-11-28-UChicagoCHATTOPADHYAY-UnIT.parquet,FALSE,1,159.72308611869812,"?: Required task ID/output type/output type ID combinations missing.  
 See `missing` attribute for details.",
UCSD_NEU-DeepGLEAM/2022-06-20-UCSD_NEU-DeepGLEAM.parquet,TRUE,0,6.887741565704346,NA,
UMass-MechBayes/2022-02-13-UMass-MechBayes.parquet,TRUE,0,7.430320501327515,NA,
UMass-trends_ensemble/2023-12-18-UMass-trends_ensemble.parquet,TRUE,0,18.186895608901978,NA,
USC-SI_kJalpha/2021-02-21-USC-SI_kJalpha.parquet,TRUE,0,273.97284984588623,NA,
UT-Osiris/2022-10-24-UT-Osiris.parquet,TRUE,0,32.009642124176025,NA,
UVA-Ensemble/2023-01-09-UVA-Ensemble.parquet,TRUE,0,42.2973108291626,NA,
YYG-ParamSearch/2020-09-01-YYG-ParamSearch.parquet,TRUE,0,11.328723430633543,NA,
BPagano-RtDriven/2022-03-13-BPagano-RtDriven.parquet,TRUE,0,46.66962480545044,NA,
CEPH-Rtrend_covid/2023-07-17-CEPH-Rtrend_covid.parquet,TRUE,0,12.720673084259031,NA,
CMU-TimeSeries/2023-10-23-CMU-TimeSeries.parquet,TRUE,0,17.956273794174194,NA,
CovidAnalytics-DELPHI/2021-06-28-CovidAnalytics-DELPHI.parquet,TRUE,0,15.818143606185911,NA,
COVIDhub_CDC-ensemble/2023-02-20-COVIDhub_CDC-ensemble.parquet,TRUE,0,37.23268175125122,NA,
COVIDhub-4_week_ensemble/2022-12-19-COVIDhub-4_week_ensemble.parquet,TRUE,0,332.1538653373718,NA,
COVIDhub-baseline/2022-09-26-COVIDhub-baseline.parquet,TRUE,0,630.8005158901215,NA,
COVIDhub-ensemble/2022-07-11-COVIDhub-ensemble.parquet,TRUE,0,95.01205325126648,NA,
COVIDhub-trained_ensemble/2023-04-10-COVIDhub-trained_ensemble.parquet,TRUE,0,17.832364320755005,NA,
CU-nochange/2022-09-18-CU-nochange.parquet,TRUE,0,471.500625371933,NA,
CU-scenario_low/2021-05-09-CU-scenario_low.parquet,TRUE,0,473.1360681056976,NA,
CU-scenario_mid/2021-11-21-CU-scenario_mid.parquet,TRUE,0,472.1738073825836,NA,
CU-select/2022-05-22-CU-select.parquet,TRUE,0,483.896892786026,NA,
DDS-NBDS/2020-08-10-DDS-NBDS.parquet,TRUE,0,11.268343448638916,NA,
FAIR-NRAR/2020-12-19-FAIR-NRAR.parquet,TRUE,0,273.97581124305725,NA,
FAIR-NRAR/2021-09-06-FAIR-NRAR.parquet,TRUE,0,286.6444036960602,NA,
Geneva-DetGrowth/2020-07-26-Geneva-DetGrowth.parquet,TRUE,0,2.79044771194458,NA,
GT-DeepCOVID/2021-03-15-GT-DeepCOVID.parquet,TRUE,0,34.29221963882446,NA,
HKUST-DNN/2023-02-13-HKUST-DNN.parquet,TRUE,0,5.071378469467163,NA,
Imperial-ensemble1/2020-03-15-Imperial-ensemble1.parquet,TRUE,0,2.0162713527679443,NA,
JHU_CSSE-DECOM/2021-08-08-JHU_CSSE-DECOM.parquet,TRUE,0,12.480810165405272,NA,
JHU_UNC_GAS-StatMechPool/2020-12-13-JHU_UNC_GAS-StatMechPool.parquet,TRUE,0,146.9555377960205,NA,
JHUAPL-Gecko/2022-02-28-JHUAPL-Gecko.parquet,TRUE,0,42.1041841506958,NA,
Karlen-pypm/2021-11-07-Karlen-pypm.parquet,TRUE,0,48.775301933288574,NA,
LANL-GrowthRate/2020-10-19-LANL-GrowthRate.parquet,TRUE,0,558.2228922843933,NA,
Microsoft-DeepSTIA/2021-03-15-Microsoft-DeepSTIA.parquet,TRUE,0,70.51718854904175,NA,
MIT_ISOLAT-Mixtures/2021-07-19-MIT_ISOLAT-Mixtures.parquet,TRUE,0,8.158910036087036,NA,
MOBS-GLEAM_COVID/2020-06-01-MOBS-GLEAM_COVID.parquet,TRUE,0,5.5829925537109375,NA,
MSRA-DeepST/2020-12-07-MSRA-DeepST.parquet,TRUE,0,8.015520095825195,NA,
NotreDame-mobility/2020-12-14-NotreDame-mobility.parquet,TRUE,0,9.441386461257936,NA,
PSI-DICE/2022-03-14-PSI-DICE.parquet,TRUE,0,35.73820161819458,NA,
PSI-DRAFT/2022-02-07-PSI-DRAFT.parquet,TRUE,0,7.969186544418335,NA,
RobertWalraven-ESG/2020-12-28-RobertWalraven-ESG.parquet,TRUE,0,13.26403307914734,NA,
SGroup-RandomForest/2023-03-12-SGroup-RandomForest.parquet,TRUE,0,18.812100648880005,NA,
STH-3PU/2020-07-09-STH-3PU.parquet,TRUE,0,1.845930814743042,NA,
UA-EpiCovDA/2020-12-20-UA-EpiCovDA.parquet,TRUE,0,7.106887578964233,NA,
UChicagoCHATTOPADHYAY-UnIT/2021-12-12-UChicagoCHATTOPADHYAY-UnIT.parquet,FALSE,1,154.90853548049927,"?: Required task ID/output type/output type ID combinations missing.  
 See `missing` attribute for details.",
UCSD_NEU-DeepGLEAM/2022-06-27-UCSD_NEU-DeepGLEAM.parquet,TRUE,0,7.306067705154419,NA,
UMass-sarix/2022-04-25-UMass-sarix.parquet,TRUE,0,33.771629333496094,NA,
UMass-trends_ensemble/2023-12-25-UMass-trends_ensemble.parquet,TRUE,0,18.69621205329895,NA,
USC-SI_kJalpha/2021-02-28-USC-SI_kJalpha.parquet,TRUE,0,265.1290192604065,NA,
UT-Osiris/2022-10-31-UT-Osiris.parquet,TRUE,0,30.16972613334656,NA,
UVA-Ensemble/2023-01-16-UVA-Ensemble.parquet,TRUE,0,40.87481474876404,NA,
YYG-ParamSearch/2020-09-02-YYG-ParamSearch.parquet,TRUE,0,11.770595073699951,NA,
BPagano-RtDriven/2022-03-20-BPagano-RtDriven.parquet,TRUE,0,47.11383771896362,NA,
CEPH-Rtrend_covid/2023-07-24-CEPH-Rtrend_covid.parquet,TRUE,0,12.837090492248535,NA,
CMU-TimeSeries/2023-10-30-CMU-TimeSeries.parquet,TRUE,0,18.317413330078125,NA,
CovidAnalytics-DELPHI/2021-07-05-CovidAnalytics-DELPHI.parquet,TRUE,0,16.237465858459473,NA,
COVIDhub_CDC-ensemble/2023-02-27-COVIDhub_CDC-ensemble.parquet,TRUE,0,37.239907026290894,NA,
COVIDhub-4_week_ensemble/2022-12-26-COVIDhub-4_week_ensemble.parquet,TRUE,0,334.0206067562103,NA,
COVIDhub-baseline/2022-10-03-COVIDhub-baseline.parquet,TRUE,0,636.9329922199249,NA,
COVIDhub-ensemble/2022-07-18-COVIDhub-ensemble.parquet,TRUE,0,91.69898748397829,NA,
COVIDhub-trained_ensemble/2023-04-17-COVIDhub-trained_ensemble.parquet,TRUE,0,17.73160195350647,NA,
CU-nochange/2022-09-25-CU-nochange.parquet,TRUE,0,477.8983554840088,NA,
CU-scenario_low/2021-05-16-CU-scenario_low.parquet,TRUE,0,464.7906460762024,NA,
CU-scenario_mid/2021-11-28-CU-scenario_mid.parquet,TRUE,0,467.16554522514343,NA,
CU-select/2022-05-29-CU-select.parquet,TRUE,0,475.10928225517273,NA,
DDS-NBDS/2020-08-17-DDS-NBDS.parquet,TRUE,0,11.300243616104126,NA,
FAIR-NRAR/2020-12-20-FAIR-NRAR.parquet,TRUE,0,285.9993300437927,NA,
FAIR-NRAR/2021-09-12-FAIR-NRAR.parquet,TRUE,0,288.9612421989441,NA,
Geneva-DetGrowth/2020-08-02-Geneva-DetGrowth.parquet,TRUE,0,2.921856164932251,NA,
GT-DeepCOVID/2021-03-22-GT-DeepCOVID.parquet,TRUE,0,38.10747051239014,NA,
HKUST-DNN/2023-02-20-HKUST-DNN.parquet,TRUE,0,5.062914848327637,NA,
Imperial-ensemble1/2020-03-22-Imperial-ensemble1.parquet,TRUE,0,2.183176040649414,NA,
JHU_CSSE-DECOM/2021-08-15-JHU_CSSE-DECOM.parquet,TRUE,0,13.257959842681885,NA,
JHU_UNC_GAS-StatMechPool/2020-12-20-JHU_UNC_GAS-StatMechPool.parquet,TRUE,0,145.55473017692566,NA,
JHUAPL-Gecko/2022-03-07-JHUAPL-Gecko.parquet,TRUE,0,44.09380483627319,NA,
Karlen-pypm/2021-11-14-Karlen-pypm.parquet,TRUE,0,51.35313534736633,NA,
LANL-GrowthRate/2020-10-22-LANL-GrowthRate.parquet,TRUE,0,590.9204244613647,NA,
Microsoft-DeepSTIA/2021-03-22-Microsoft-DeepSTIA.parquet,TRUE,0,72.31805181503296,NA,
MIT_ISOLAT-Mixtures/2021-07-26-MIT_ISOLAT-Mixtures.parquet,TRUE,0,8.526418685913086,NA,
MOBS-GLEAM_COVID/2020-06-08-MOBS-GLEAM_COVID.parquet,TRUE,0,5.820736408233643,NA,
MUNI-ARIMA/2021-05-10-MUNI-ARIMA.parquet,TRUE,0,10.232876062393188,NA,
OHT_JHU-nbxd/2024-01-22-OHT_JHU-nbxd.parquet,TRUE,0,14.03603744506836,NA,
PSI-DICE/2022-03-21-PSI-DICE.parquet,TRUE,0,32.98949313163757,NA,
PSI-DRAFT/2022-02-14-PSI-DRAFT.parquet,TRUE,0,8.815612077713013,NA,
RobertWalraven-ESG/2021-01-04-RobertWalraven-ESG.parquet,TRUE,0,13.615665197372437,NA,
SGroup-RandomForest/2023-03-19-SGroup-RandomForest.parquet,TRUE,0,18.73446273803711,NA,
STH-3PU/2020-07-10-STH-3PU.parquet,TRUE,0,1.864266872406006,NA,
UA-EpiCovDA/2020-12-27-UA-EpiCovDA.parquet,TRUE,0,7.346691846847534,NA,
UChicagoCHATTOPADHYAY-UnIT/2021-12-19-UChicagoCHATTOPADHYAY-UnIT.parquet,FALSE,1,164.76999878883362,"?: Required task ID/output type/output type ID combinations missing.  
 See `missing` attribute for details.",
UCSD_NEU-DeepGLEAM/2022-07-04-UCSD_NEU-DeepGLEAM.parquet,TRUE,0,7.232755661010742,NA,
UMass-sarix/2022-05-02-UMass-sarix.parquet,TRUE,0,32.97836780548096,NA,
UMass-trends_ensemble/2024-01-01-UMass-trends_ensemble.parquet,TRUE,0,19.269845008850098,NA,
USC-SI_kJalpha/2021-03-07-USC-SI_kJalpha.parquet,TRUE,0,285.1374137401581,NA,
UT-Osiris/2022-11-07-UT-Osiris.parquet,TRUE,0,30.513992309570312,NA,
UVA-Ensemble/2023-01-30-UVA-Ensemble.parquet,TRUE,0,45.943087339401245,NA,
YYG-ParamSearch/2020-09-03-YYG-ParamSearch.parquet,TRUE,0,11.960072994232178,NA,
BPagano-RtDriven/2022-03-27-BPagano-RtDriven.parquet,TRUE,0,50.11767649650574,NA,
CEPH-Rtrend_covid/2023-07-31-CEPH-Rtrend_covid.parquet,TRUE,0,13.450249433517456,NA,
CMU-TimeSeries/2023-11-06-CMU-TimeSeries.parquet,TRUE,0,17.626951932907104,NA,
CovidAnalytics-DELPHI/2021-07-12-CovidAnalytics-DELPHI.parquet,TRUE,0,12.49582314491272,NA,
COVIDhub_CDC-ensemble/2023-03-06-COVIDhub_CDC-ensemble.parquet,TRUE,0,17.208132028579712,NA,
COVIDhub-4_week_ensemble/2023-01-02-COVIDhub-4_week_ensemble.parquet,TRUE,0,359.5966258049011,NA,
COVIDhub-baseline/2022-10-10-COVIDhub-baseline.parquet,TRUE,0,685.2239201068878,NA,
COVIDhub-ensemble/2022-07-25-COVIDhub-ensemble.parquet,TRUE,0,104.01386284828186,NA,
COVIDhub-trained_ensemble/2023-04-24-COVIDhub-trained_ensemble.parquet,TRUE,0,19.141066789627075,NA,
CU-nochange/2022-10-02-CU-nochange.parquet,TRUE,0,514.7931897640228,NA,
CU-scenario_low/2021-05-23-CU-scenario_low.parquet,TRUE,0,511.2514941692352,NA,
CU-scenario_mid/2021-12-05-CU-scenario_mid.parquet,TRUE,0,509.6876039505005,NA,
CU-select/2022-06-05-CU-select.parquet,TRUE,0,519.0613915920258,NA,
DDS-NBDS/2020-08-24-DDS-NBDS.parquet,TRUE,0,12.290289163589478,NA,
FAIR-NRAR/2020-12-21-FAIR-NRAR.parquet,TRUE,0,328.12392258644104,NA,
FAIR-NRAR/2021-09-13-FAIR-NRAR.parquet,TRUE,0,327.40781712532043,NA,
Geneva-DetGrowth/2020-08-09-Geneva-DetGrowth.parquet,TRUE,0,2.8936901092529297,NA,
GT-DeepCOVID/2021-03-29-GT-DeepCOVID.parquet,TRUE,0,39.427287340164185,NA,
IBF-TimeSeries/2020-09-07-IBF-TimeSeries.parquet,TRUE,0,2.349862575531006,NA,
Imperial-ensemble1/2020-03-29-Imperial-ensemble1.parquet,TRUE,0,1.921036720275879,NA,
JHU_CSSE-DECOM/2021-08-22-JHU_CSSE-DECOM.parquet,TRUE,0,13.526572942733765,NA,
JHU_UNC_GAS-StatMechPool/2020-12-27-JHU_UNC_GAS-StatMechPool.parquet,TRUE,0,155.40896201133728,NA,
JHUAPL-Gecko/2022-03-14-JHUAPL-Gecko.parquet,TRUE,0,46.641273021698,NA,
Karlen-pypm/2021-11-21-Karlen-pypm.parquet,TRUE,0,51.641475439071655,NA,
LANL-GrowthRate/2020-10-26-LANL-GrowthRate.parquet,TRUE,0,625.4089570045471,NA,
Microsoft-DeepSTIA/2021-03-29-Microsoft-DeepSTIA.parquet,TRUE,0,79.03734564781189,NA,
MIT_ISOLAT-Mixtures/2021-08-02-MIT_ISOLAT-Mixtures.parquet,TRUE,0,8.889192581176758,NA,
MOBS-GLEAM_COVID/2020-06-15-MOBS-GLEAM_COVID.parquet,TRUE,0,6.027589321136475,NA,
MUNI-ARIMA/2021-05-17-MUNI-ARIMA.parquet,TRUE,0,10.926260948181152,NA,
OHT_JHU-nbxd/2024-01-29-OHT_JHU-nbxd.parquet,TRUE,0,15.104578256607056,NA,
PSI-DICE/2022-03-28-PSI-DICE.parquet,TRUE,0,40.28625559806824,NA,
PSI-DRAFT/2022-02-21-PSI-DRAFT.parquet,TRUE,0,8.816686391830444,NA,
RobertWalraven-ESG/2021-01-11-RobertWalraven-ESG.parquet,TRUE,0,14.173091173171995,NA,
SGroup-RandomForest/2023-03-26-SGroup-RandomForest.parquet,TRUE,0,19.84399676322937,NA,
STH-3PU/2020-07-11-STH-3PU.parquet,TRUE,0,1.880913019180298,NA,
UA-EpiCovDA/2021-01-03-UA-EpiCovDA.parquet,TRUE,0,7.51102876663208,NA,
UChicagoCHATTOPADHYAY-UnIT/2021-12-26-UChicagoCHATTOPADHYAY-UnIT.parquet,FALSE,1,171.16692924499512,"?: Required task ID/output type/output type ID combinations missing.  
 See `missing` attribute for details.",
UCSD_NEU-DeepGLEAM/2022-07-11-UCSD_NEU-DeepGLEAM.parquet,TRUE,0,7.645178318023682,NA,
UMass-sarix/2022-05-09-UMass-sarix.parquet,TRUE,0,33.37026524543762,NA,
UMass-trends_ensemble/2024-01-08-UMass-trends_ensemble.parquet,TRUE,0,19.658337116241455,NA,
USC-SI_kJalpha/2021-03-14-USC-SI_kJalpha.parquet,TRUE,0,281.8305139541626,NA,
UT-Osiris/2022-11-14-UT-Osiris.parquet,TRUE,0,32.82972717285156,NA,
UVA-Ensemble/2023-02-06-UVA-Ensemble.parquet,TRUE,0,43.70837187767029,NA,
YYG-ParamSearch/2020-09-04-YYG-ParamSearch.parquet,TRUE,0,12.058493614196776,NA,
BPagano-RtDriven/2022-04-03-BPagano-RtDriven.parquet,TRUE,0,81.8329644203186,NA,
CEPH-Rtrend_covid/2023-08-07-CEPH-Rtrend_covid.parquet,TRUE,0,23.676228046417236,NA,
CMU-TimeSeries/2023-11-13-CMU-TimeSeries.parquet,TRUE,0,37.515703201293945,NA,
CovidAnalytics-DELPHI/2021-07-19-CovidAnalytics-DELPHI.parquet,TRUE,0,30.06696128845215,NA,
COVIDhub_CDC-ensemble/2023-03-13-COVIDhub_CDC-ensemble.parquet,TRUE,0,31.22486639022827,NA,
COVIDhub-4_week_ensemble/2023-01-09-COVIDhub-4_week_ensemble.parquet,TRUE,0,593.8307332992554,NA,
COVIDhub-baseline/2022-10-17-COVIDhub-baseline.parquet,TRUE,0,1065.9468281269071,NA,
COVIDhub-ensemble/2022-08-01-COVIDhub-ensemble.parquet,TRUE,0,167.8448178768158,NA,
COVIDhub-trained_ensemble/2023-05-01-COVIDhub-trained_ensemble.parquet,TRUE,0,34.73639392852783,NA,
CU-nochange/2022-10-09-CU-nochange.parquet,TRUE,0,835.6580650806427,NA,
CU-scenario_low/2021-05-30-CU-scenario_low.parquet,TRUE,0,818.9912874698639,NA,
CU-scenario_mid/2021-12-12-CU-scenario_mid.parquet,TRUE,0,774.7847697734833,NA,
CU-select/2022-06-12-CU-select.parquet,TRUE,0,788.4624669551849,NA,
DDS-NBDS/2020-08-30-DDS-NBDS.parquet,TRUE,0,21.54654550552368,NA,
FAIR-NRAR/2020-12-22-FAIR-NRAR.parquet,TRUE,0,476.2947995662689,NA,
FAIR-NRAR/2021-09-15-FAIR-NRAR.parquet,TRUE,0,496.1559591293335,NA,
Geneva-DetGrowth/2020-08-16-Geneva-DetGrowth.parquet,TRUE,0,5.458594560623169,NA,
GT-DeepCOVID/2021-04-05-GT-DeepCOVID.parquet,TRUE,0,66.84740853309631,NA,
IBF-TimeSeries/2020-09-14-IBF-TimeSeries.parquet,TRUE,0,4.153620481491089,NA,
Imperial-ensemble1/2020-04-05-Imperial-ensemble1.parquet,TRUE,0,3.6762382984161377,NA,
JHU_CSSE-DECOM/2021-08-29-JHU_CSSE-DECOM.parquet,TRUE,0,22.5792818069458,NA,
JHU_UNC_GAS-StatMechPool/2021-01-03-JHU_UNC_GAS-StatMechPool.parquet,TRUE,0,230.391197681427,NA,
JHUAPL-Gecko/2022-03-20-JHUAPL-Gecko.parquet,TRUE,0,74.07204794883728,NA,
Karlen-pypm/2021-11-28-Karlen-pypm.parquet,TRUE,0,87.59910798072815,NA,
LANL-GrowthRate/2020-10-29-LANL-GrowthRate.parquet,TRUE,0,902.1233756542206,NA,
Microsoft-DeepSTIA/2021-04-04-Microsoft-DeepSTIA.parquet,TRUE,0,139.10093665122986,NA,
MIT_ISOLAT-Mixtures/2021-08-09-MIT_ISOLAT-Mixtures.parquet,TRUE,0,15.685200214385986,NA,
MOBS-GLEAM_COVID/2020-06-22-MOBS-GLEAM_COVID.parquet,TRUE,0,11.25877070426941,NA,
MUNI-ARIMA/2021-05-24-MUNI-ARIMA.parquet,TRUE,0,18.563541650772095,NA,
OHT_JHU-nbxd/2024-02-05-OHT_JHU-nbxd.parquet,TRUE,0,25.283549308776855,NA,
PSI-DICE/2022-04-04-PSI-DICE.parquet,TRUE,0,62.46721410751343,NA,
PSI-DRAFT/2022-02-28-PSI-DRAFT.parquet,TRUE,0,15.494782209396362,NA,
RobertWalraven-ESG/2021-01-18-RobertWalraven-ESG.parquet,TRUE,0,23.380529165267944,NA,
SGroup-RandomForest/2023-04-02-SGroup-RandomForest.parquet,TRUE,0,35.35064649581909,NA,
STH-3PU/2020-07-12-STH-3PU.parquet,TRUE,0,3.548837661743164,NA,
UA-EpiCovDA/2021-01-10-UA-EpiCovDA.parquet,TRUE,0,13.480082988739014,NA,
UCLA-SuEIR/2020-05-01-UCLA-SuEIR.parquet,TRUE,0,17.778006315231323,NA,
UCSD_NEU-DeepGLEAM/2022-07-18-UCSD_NEU-DeepGLEAM.parquet,TRUE,0,13.331664562225342,NA,
UMass-sarix/2022-05-16-UMass-sarix.parquet,TRUE,0,47.835161209106445,NA,
UMass-trends_ensemble/2024-01-15-UMass-trends_ensemble.parquet,TRUE,0,36.42720985412598,NA,
USC-SI_kJalpha/2021-03-21-USC-SI_kJalpha.parquet,TRUE,0,472.47567796707153,NA,
UT-Osiris/2022-11-20-UT-Osiris.parquet,TRUE,0,48.77998661994934,NA,
UVA-Ensemble/2023-02-20-UVA-Ensemble.parquet,TRUE,0,67.81597590446472,NA,
YYG-ParamSearch/2020-09-05-YYG-ParamSearch.parquet,TRUE,0,22.32239317893982,NA,
BPagano-RtDriven/2022-04-10-BPagano-RtDriven.parquet,TRUE,0,51.35709857940674,NA,
CEPH-Rtrend_covid/2023-08-14-CEPH-Rtrend_covid.parquet,TRUE,0,14.620753288269045,NA,
CMU-TimeSeries/2023-11-20-CMU-TimeSeries.parquet,TRUE,0,21.151602745056152,NA,
CovidAnalytics-DELPHI/2021-07-25-CovidAnalytics-DELPHI.parquet,TRUE,0,18.717994928359985,NA,
COVIDhub_CDC-ensemble/2023-03-20-COVIDhub_CDC-ensemble.parquet,TRUE,0,19.172384023666385,NA,
COVIDhub-4_week_ensemble/2023-01-16-COVIDhub-4_week_ensemble.parquet,TRUE,0,382.7596836090088,NA,
COVIDhub-baseline/2022-10-24-COVIDhub-baseline.parquet,TRUE,0,733.1131892204285,NA,
COVIDhub-ensemble/2022-08-08-COVIDhub-ensemble.parquet,TRUE,0,107.424471616745,NA,
COVIDhub-trained_ensemble/2023-05-08-COVIDhub-trained_ensemble.parquet,TRUE,0,21.01874017715454,NA,
CU-nochange/2022-10-16-CU-nochange.parquet,TRUE,0,551.6284258365631,NA,
CU-scenario_low/2021-06-06-CU-scenario_low.parquet,TRUE,0,541.0998964309692,NA,
CU-scenario_mid/2021-12-19-CU-scenario_mid.parquet,TRUE,0,549.9429392814636,NA,
CU-select/2022-06-19-CU-select.parquet,TRUE,0,545.3853561878204,NA,
DDS-NBDS/2020-08-31-DDS-NBDS.parquet,TRUE,0,13.231801986694336,NA,
FAIR-NRAR/2020-12-23-FAIR-NRAR.parquet,TRUE,0,328.2650647163391,NA,
FAIR-NRAR/2021-09-16-FAIR-NRAR.parquet,TRUE,0,327.46867966651917,NA,
Geneva-DetGrowth/2020-08-23-Geneva-DetGrowth.parquet,TRUE,0,3.1727237701416016,NA,
GT-DeepCOVID/2021-04-12-GT-DeepCOVID.parquet,TRUE,0,37.97857666015625,NA,
IBF-TimeSeries/2020-09-21-IBF-TimeSeries.parquet,TRUE,0,2.557663917541504,NA,
Imperial-ensemble1/2020-04-12-Imperial-ensemble1.parquet,TRUE,0,2.105292320251465,NA,
JHU_CSSE-DECOM/2021-09-05-JHU_CSSE-DECOM.parquet,TRUE,0,14.617703914642334,NA,
JHU_UNC_GAS-StatMechPool/2021-01-10-JHU_UNC_GAS-StatMechPool.parquet,TRUE,0,165.49591422080994,NA,
JHUAPL-Gecko/2022-03-28-JHUAPL-Gecko.parquet,TRUE,0,49.05626153945923,NA,
Karlen-pypm/2021-12-05-Karlen-pypm.parquet,TRUE,0,54.50666809082031,NA,
LANL-GrowthRate/2020-11-02-LANL-GrowthRate.parquet,TRUE,0,555.2674803733826,NA,
Microsoft-DeepSTIA/2021-04-12-Microsoft-DeepSTIA.parquet,TRUE,0,84.78191041946411,NA,
MIT_ISOLAT-Mixtures/2021-08-16-MIT_ISOLAT-Mixtures.parquet,TRUE,0,9.70221495628357,NA,
MOBS-GLEAM_COVID/2020-06-29-MOBS-GLEAM_COVID.parquet,TRUE,0,6.562500715255737,NA,
MUNI-ARIMA/2021-05-31-MUNI-ARIMA.parquet,TRUE,0,11.093581199645996,NA,
OHT_JHU-nbxd/2024-02-12-OHT_JHU-nbxd.parquet,TRUE,0,15.522369861602783,NA,
PSI-DICE/2022-04-11-PSI-DICE.parquet,TRUE,0,40.47814130783081,NA,
PSI-DRAFT/2022-03-07-PSI-DRAFT.parquet,TRUE,0,9.237059116363524,NA,
RobertWalraven-ESG/2021-01-25-RobertWalraven-ESG.parquet,TRUE,0,14.5754714012146,NA,
SGroup-RandomForest/2023-04-09-SGroup-RandomForest.parquet,TRUE,0,21.055399656295776,NA,
STH-3PU/2020-07-13-STH-3PU.parquet,TRUE,0,2.140308380126953,NA,
UA-EpiCovDA/2021-01-17-UA-EpiCovDA.parquet,TRUE,0,8.254938125610352,NA,
UCLA-SuEIR/2020-05-10-UCLA-SuEIR.parquet,TRUE,0,10.213611364364624,NA,
UCSD_NEU-DeepGLEAM/2022-07-25-UCSD_NEU-DeepGLEAM.parquet,TRUE,0,8.276039600372314,NA,
UMass-sarix/2022-05-23-UMass-sarix.parquet,TRUE,0,31.081655263900757,NA,
UMass-trends_ensemble/2024-01-22-UMass-trends_ensemble.parquet,TRUE,0,21.044829607009888,NA,
USC-SI_kJalpha/2021-03-28-USC-SI_kJalpha.parquet,TRUE,0,288.42422747612,NA,
UT-Osiris/2022-11-27-UT-Osiris.parquet,TRUE,0,29.956035614013672,NA,
UVA-Ensemble/2023-03-06-UVA-Ensemble.parquet,TRUE,0,24.30655860900879,NA,
YYG-ParamSearch/2020-09-06-YYG-ParamSearch.parquet,TRUE,0,13.32663083076477,NA,
BPagano-RtDriven/2022-04-17-BPagano-RtDriven.parquet,TRUE,0,54.80485415458679,NA,
CEPH-Rtrend_covid/2023-08-21-CEPH-Rtrend_covid.parquet,TRUE,0,15.330077171325684,NA,
CMU-TimeSeries/2023-11-27-CMU-TimeSeries.parquet,TRUE,0,19.974130392074585,NA,
CovidAnalytics-DELPHI/2021-08-02-CovidAnalytics-DELPHI.parquet,TRUE,0,19.45906400680542,NA,
COVIDhub_CDC-ensemble/2023-03-27-COVIDhub_CDC-ensemble.parquet,TRUE,0,20.009109258651733,NA,
COVIDhub-4_week_ensemble/2023-01-23-COVIDhub-4_week_ensemble.parquet,TRUE,0,401.10523080825806,NA,
COVIDhub-baseline/2022-10-31-COVIDhub-baseline.parquet,TRUE,0,757.7930498123169,NA,
COVIDhub-ensemble/2022-08-15-COVIDhub-ensemble.parquet,TRUE,0,111.57874846458436,NA,
COVIDhub-trained_ensemble/2023-05-15-COVIDhub-trained_ensemble.parquet,TRUE,0,21.963953971862793,NA,
CU-nochange/2022-10-23-CU-nochange.parquet,TRUE,0,569.7092061042786,NA,
CU-scenario_low/2021-06-13-CU-scenario_low.parquet,TRUE,0,560.298773765564,NA,
CU-scenario_mid/2021-12-26-CU-scenario_mid.parquet,TRUE,0,573.0230369567871,NA,
CU-select/2022-06-26-CU-select.parquet,TRUE,0,566.8365507125854,NA,
DDS-NBDS/2020-09-07-DDS-NBDS.parquet,TRUE,0,14.025147914886476,NA,
FAIR-NRAR/2020-12-24-FAIR-NRAR.parquet,TRUE,0,361.2906379699707,NA,
FAIR-NRAR/2021-09-18-FAIR-NRAR.parquet,TRUE,0,346.4223871231079,NA,
Geneva-DetGrowth/2020-08-30-Geneva-DetGrowth.parquet,TRUE,0,3.359825372695923,NA,
GT-DeepCOVID/2021-04-19-GT-DeepCOVID.parquet,TRUE,0,43.27771472930908,NA,
IBF-TimeSeries/2020-09-28-IBF-TimeSeries.parquet,TRUE,0,2.5768539905548096,NA,
Imperial-ensemble1/2020-04-19-Imperial-ensemble1.parquet,TRUE,0,2.2152562141418457,NA,
JHU_CSSE-DECOM/2021-09-12-JHU_CSSE-DECOM.parquet,TRUE,0,15.00546669960022,NA,
JHU_UNC_GAS-StatMechPool/2021-01-24-JHU_UNC_GAS-StatMechPool.parquet,TRUE,0,172.8828001022339,NA,
JHUAPL-Gecko/2022-04-04-JHUAPL-Gecko.parquet,TRUE,0,49.39517164230347,NA,
Karlen-pypm/2022-01-16-Karlen-pypm.parquet,TRUE,0,57.12140345573425,NA,
LANL-GrowthRate/2020-11-04-LANL-GrowthRate.parquet,TRUE,0,83.43247365951538,NA,
Microsoft-DeepSTIA/2021-04-19-Microsoft-DeepSTIA.parquet,TRUE,0,90.36246490478516,NA,
MIT_ISOLAT-Mixtures/2021-08-23-MIT_ISOLAT-Mixtures.parquet,TRUE,0,10.834734201431274,NA,
MOBS-GLEAM_COVID/2020-07-06-MOBS-GLEAM_COVID.parquet,TRUE,0,6.985538959503174,NA,
MUNI-ARIMA/2021-06-07-MUNI-ARIMA.parquet,TRUE,0,12.552454710006714,NA,
OHT_JHU-nbxd/2024-02-19-OHT_JHU-nbxd.parquet,TRUE,0,16.57149028778076,NA,
PSI-DICE/2022-04-18-PSI-DICE.parquet,TRUE,0,41.29069972038269,NA,
PSI-DRAFT/2022-03-14-PSI-DRAFT.parquet,TRUE,0,10.256884574890137,NA,
RobertWalraven-ESG/2021-02-01-RobertWalraven-ESG.parquet,TRUE,0,15.46553635597229,NA,
SGroup-RandomForest/2023-04-16-SGroup-RandomForest.parquet,TRUE,0,22.744927644729614,NA,
STH-3PU/2020-07-14-STH-3PU.parquet,TRUE,0,2.1791248321533203,NA,
UA-EpiCovDA/2021-01-24-UA-EpiCovDA.parquet,TRUE,0,8.683357238769531,NA,
UCLA-SuEIR/2020-05-17-UCLA-SuEIR.parquet,TRUE,0,10.64298176765442,NA,
UCSD_NEU-DeepGLEAM/2022-08-08-UCSD_NEU-DeepGLEAM.parquet,TRUE,0,8.519214153289795,NA,
UMass-sarix/2022-05-30-UMass-sarix.parquet,TRUE,0,32.75392270088196,NA,
UMass-trends_ensemble/2024-01-29-UMass-trends_ensemble.parquet,TRUE,0,22.512699842453003,NA,
USC-SI_kJalpha/2021-04-04-USC-SI_kJalpha.parquet,TRUE,0,311.7697310447693,NA,
UT-Osiris/2022-12-05-UT-Osiris.parquet,TRUE,0,32.85496807098389,NA,
UVA-Ensemble/2023-03-13-UVA-Ensemble.parquet,TRUE,0,25.754890203475952,NA,
YYG-ParamSearch/2020-09-07-YYG-ParamSearch.parquet,TRUE,0,14.016093969345093,NA,
BPagano-RtDriven/2022-04-24-BPagano-RtDriven.parquet,TRUE,0,80.98450064659119,NA,
CEPH-Rtrend_covid/2023-08-28-CEPH-Rtrend_covid.parquet,TRUE,0,22.6401047706604,NA,
CMU-TimeSeries/2023-12-04-CMU-TimeSeries.parquet,TRUE,0,33.614603757858276,NA,
CovidAnalytics-DELPHI/2021-08-09-CovidAnalytics-DELPHI.parquet,TRUE,0,29.60667061805725,NA,
COVIDhub_CDC-ensemble/2023-04-03-COVIDhub_CDC-ensemble.parquet,TRUE,0,31.06248378753662,NA,
COVIDhub-4_week_ensemble/2023-01-30-COVIDhub-4_week_ensemble.parquet,TRUE,0,566.1254396438599,NA,
COVIDhub-baseline/2022-11-07-COVIDhub-baseline.parquet,TRUE,0,1034.3858931064606,NA,
COVIDhub-ensemble/2022-08-22-COVIDhub-ensemble.parquet,TRUE,0,158.05000400543213,NA,
COVIDhub-trained_ensemble/2023-05-22-COVIDhub-trained_ensemble.parquet,TRUE,0,33.041264295578,NA,
CU-nochange/2022-10-30-CU-nochange.parquet,TRUE,0,771.3978135585785,NA,
CU-scenario_low/2021-06-20-CU-scenario_low.parquet,TRUE,0,810.7696964740753,NA,
CU-scenario_mid/2022-01-02-CU-scenario_mid.parquet,TRUE,0,823.8648879528046,NA,
CU-select/2022-07-03-CU-select.parquet,TRUE,0,779.3154783248901,NA,
DDS-NBDS/2020-09-13-DDS-NBDS.parquet,TRUE,0,20.45336389541626,NA,
FAIR-NRAR/2020-12-28-FAIR-NRAR.parquet,TRUE,0,486.2638838291168,NA,
FAIR-NRAR/2021-09-19-FAIR-NRAR.parquet,TRUE,0,521.3866522312164,NA,
Geneva-DetGrowth/2020-09-06-Geneva-DetGrowth.parquet,TRUE,0,5.303281307220459,NA,
GT-DeepCOVID/2021-04-26-GT-DeepCOVID.parquet,TRUE,0,65.31488108634949,NA,
IBF-TimeSeries/2020-10-12-IBF-TimeSeries.parquet,TRUE,0,4.011301517486572,NA,
Imperial-ensemble1/2020-04-26-Imperial-ensemble1.parquet,TRUE,0,3.5088083744049072,NA,
JHU_CSSE-DECOM/2021-09-19-JHU_CSSE-DECOM.parquet,TRUE,0,12.86090898513794,NA,
JHU_UNC_GAS-StatMechPool/2021-01-31-JHU_UNC_GAS-StatMechPool.parquet,TRUE,0,243.79749393463135,NA,
JHUAPL-Gecko/2022-04-11-JHUAPL-Gecko.parquet,TRUE,0,72.537017822265625,NA,
Karlen-pypm/2022-01-23-Karlen-pypm.parquet,TRUE,0,81.6021728515625,NA,
LANL-GrowthRate/2020-11-05-LANL-GrowthRate.parquet,TRUE,0,828.8878920078278,NA,
Microsoft-DeepSTIA/2021-04-26-Microsoft-DeepSTIA.parquet,TRUE,0,132.53399276733398,NA,
MIT_ISOLAT-Mixtures/2021-08-30-MIT_ISOLAT-Mixtures.parquet,TRUE,0,15.722148656845093,NA,
MOBS-GLEAM_COVID/2020-07-13-MOBS-GLEAM_COVID.parquet,TRUE,0,10.577527284622192,NA,
MUNI-ARIMA/2021-06-14-MUNI-ARIMA.parquet,TRUE,0,17.47217345237732,NA,
OHT_JHU-nbxd/2024-02-26-OHT_JHU-nbxd.parquet,TRUE,0,24.265784978866577,NA,
PSI-DICE/2022-04-25-PSI-DICE.parquet,TRUE,0,59.76127243041992,NA,
PSI-DRAFT/2022-03-21-PSI-DRAFT.parquet,TRUE,0,14.89670705795288,NA,
RobertWalraven-ESG/2021-02-08-RobertWalraven-ESG.parquet,TRUE,0,22.922774076461792,NA,
SGroup-RandomForest/2023-04-23-SGroup-RandomForest.parquet,TRUE,0,33.72722411155701,NA,
STH-3PU/2020-07-15-STH-3PU.parquet,TRUE,0,3.3925909996032715,NA,
UA-EpiCovDA/2021-01-31-UA-EpiCovDA.parquet,TRUE,0,12.905590772628784,NA,
UCLA-SuEIR/2020-05-24-UCLA-SuEIR.parquet,TRUE,0,16.136818408966064,NA,
UCSD_NEU-DeepGLEAM/2022-08-15-UCSD_NEU-DeepGLEAM.parquet,TRUE,0,12.963546752929688,NA,
UMass-sarix/2022-06-06-UMass-sarix.parquet,TRUE,0,50.16343927383423,NA,
UMass-trends_ensemble/2024-02-05-UMass-trends_ensemble.parquet,TRUE,0,33.32011866569519,NA,
USC-SI_kJalpha/2021-04-11-USC-SI_kJalpha.parquet,TRUE,0,467.06823539733887,NA,
UT-Osiris/2022-12-11-UT-Osiris.parquet,TRUE,0,46.60816383361816,NA,
UVA-Ensemble/2023-03-20-UVA-Ensemble.parquet,TRUE,0,39.36572623252869,NA,
YYG-ParamSearch/2020-09-08-YYG-ParamSearch.parquet,TRUE,0,19.914230346679688,NA,
BPagano-RtDriven/2022-05-01-BPagano-RtDriven.parquet,TRUE,0,57.62809634208679,NA,
CEPH-Rtrend_covid/2023-09-04-CEPH-Rtrend_covid.parquet,TRUE,0,13.906742095947266,NA,
CMU-TimeSeries/2023-12-11-CMU-TimeSeries.parquet,TRUE,0,22.82098078727722,NA,
CovidAnalytics-DELPHI/2021-08-16-CovidAnalytics-DELPHI.parquet,TRUE,0,21.52073645591736,NA,
COVIDhub_CDC-ensemble/2023-04-10-COVIDhub_CDC-ensemble.parquet,TRUE,0,22.53988814353943,NA,
COVIDhub-4_week_ensemble/2023-02-06-COVIDhub-4_week_ensemble.parquet,TRUE,0,411.96374225616455,NA,
COVIDhub-baseline/2022-11-14-COVIDhub-baseline.parquet,TRUE,0,761.005434513092,NA,
COVIDhub-ensemble/2022-08-29-COVIDhub-ensemble.parquet,TRUE,0,110.7204885482788,NA,
COVIDhub-trained_ensemble/2023-05-29-COVIDhub-trained_ensemble.parquet,TRUE,0,22.699915409088135,NA,
CU-nochange/2022-11-06-CU-nochange.parquet,TRUE,0,587.2676632404327,NA,
CU-scenario_low/2021-06-27-CU-scenario_low.parquet,TRUE,0,583.0863516330719,NA,
CU-scenario_mid/2022-01-09-CU-scenario_mid.parquet,TRUE,0,566.2245934009552,NA,
CU-select/2022-07-17-CU-select.parquet,TRUE,0,563.1694400310516,NA,
DDS-NBDS/2020-09-14-DDS-NBDS.parquet,TRUE,0,13.72551155090332,NA,
FAIR-NRAR/2020-12-30-FAIR-NRAR.parquet,TRUE,0,338.3694393634796,NA,
FAIR-NRAR/2021-09-20-FAIR-NRAR.parquet,TRUE,0,358.8732430934906,NA,
Geneva-DetGrowth/2020-09-13-Geneva-DetGrowth.parquet,TRUE,0,3.6889379024505615,NA,
GT-DeepCOVID/2021-05-03-GT-DeepCOVID.parquet,TRUE,0,41.28559851646423,NA,
IBF-TimeSeries/2020-10-19-IBF-TimeSeries.parquet,TRUE,0,2.678213596343994,NA,
Imperial-ensemble1/2020-05-03-Imperial-ensemble1.parquet,TRUE,0,2.4155895709991455,NA,
JHU_CSSE-DECOM/2021-10-03-JHU_CSSE-DECOM.parquet,TRUE,0,15.079224109649658,NA,
JHU_UNC_GAS-StatMechPool/2021-02-07-JHU_UNC_GAS-StatMechPool.parquet,TRUE,0,179.4879903793335,NA,
JHUAPL-Gecko/2022-04-18-JHUAPL-Gecko.parquet,TRUE,0,53.96035599708557,NA,
Karlen-pypm/2022-01-30-Karlen-pypm.parquet,TRUE,0,60.810060024261475,NA,
LANL-GrowthRate/2020-11-09-LANL-GrowthRate.parquet,TRUE,0,589.8330693244934,NA,
Microsoft-DeepSTIA/2021-05-10-Microsoft-DeepSTIA.parquet,TRUE,0,87.51512408256531,NA,
MIT_ISOLAT-Mixtures/2021-09-06-MIT_ISOLAT-Mixtures.parquet,TRUE,0,12.228389024734495,NA,
MOBS-GLEAM_COVID/2020-07-20-MOBS-GLEAM_COVID.parquet,TRUE,0,7.207368612289429,NA,
MUNI-ARIMA/2021-06-21-MUNI-ARIMA.parquet,TRUE,0,13.208456993103027,NA,
OHT_JHU-nbxd/2024-03-11-OHT_JHU-nbxd.parquet,TRUE,0,17.071062803268433,NA,
PSI-DICE/2022-05-02-PSI-DICE.parquet,TRUE,0,43.03832697868347,NA,
PSI-DRAFT/2022-03-28-PSI-DRAFT.parquet,TRUE,0,11.128923177719116,NA,
RobertWalraven-ESG/2021-02-15-RobertWalraven-ESG.parquet,TRUE,0,15.396370887756348,NA,
SGroup-RandomForest/2023-04-30-SGroup-RandomForest.parquet,TRUE,0,21.207863807678223,NA,
STH-3PU/2020-07-16-STH-3PU.parquet,TRUE,0,2.2905032634735107,NA,
UA-EpiCovDA/2021-02-07-UA-EpiCovDA.parquet,TRUE,0,8.465685606002808,NA,
UCLA-SuEIR/2020-05-31-UCLA-SuEIR.parquet,TRUE,0,10.81281304359436,NA,
UCSD_NEU-DeepGLEAM/2022-08-22-UCSD_NEU-DeepGLEAM.parquet,TRUE,0,8.794520139694214,NA,
UMass-sarix/2022-06-13-UMass-sarix.parquet,TRUE,0,38.34599828720093,NA,
UMass-trends_ensemble/2024-02-12-UMass-trends_ensemble.parquet,TRUE,0,22.785611391067505,NA,
USC-SI_kJalpha/2021-04-18-USC-SI_kJalpha.parquet,TRUE,0,318.76386165618896,NA,
UT-Osiris/2022-12-18-UT-Osiris.parquet,TRUE,0,35.635964155197144,NA,
UVA-Ensemble/2023-03-27-UVA-Ensemble.parquet,TRUE,0,26.028712034225464,NA,
YYG-ParamSearch/2020-09-09-YYG-ParamSearch.parquet,TRUE,0,11.958101272583008,NA,
BPagano-RtDriven/2022-05-08-BPagano-RtDriven.parquet,TRUE,0,56.293946504592896,NA,
CEPH-Rtrend_covid/2023-09-11-CEPH-Rtrend_covid.parquet,TRUE,0,15.756468296051024,NA,
CMU-TimeSeries/2023-12-18-CMU-TimeSeries.parquet,TRUE,0,21.603572607040405,NA,
CovidAnalytics-DELPHI/2021-08-23-CovidAnalytics-DELPHI.parquet,TRUE,0,20.402717113494873,NA,
COVIDhub_CDC-ensemble/2023-04-17-COVIDhub_CDC-ensemble.parquet,TRUE,0,22.99601101875305,NA,
COVIDhub-4_week_ensemble/2023-02-13-COVIDhub-4_week_ensemble.parquet,TRUE,0,411.8239517211914,NA,
COVIDhub-baseline/2022-11-21-COVIDhub-baseline.parquet,TRUE,0,781.4546685218811,NA,
COVIDhub-ensemble/2022-09-05-COVIDhub-ensemble.parquet,TRUE,0,116.33066534996031,NA,
COVIDhub-trained_ensemble/2023-06-05-COVIDhub-trained_ensemble.parquet,TRUE,0,23.147953033447266,NA,
CU-nochange/2022-11-13-CU-nochange.parquet,TRUE,0,589.8836433887482,NA,
CU-scenario_low/2021-07-04-CU-scenario_low.parquet,TRUE,0,567.6737711429596,NA,
CU-scenario_mid/2022-01-16-CU-scenario_mid.parquet,TRUE,0,588.5822134017944,NA,
CU-select/2022-07-24-CU-select.parquet,TRUE,0,581.9830675125122,NA,
DDS-NBDS/2020-09-20-DDS-NBDS.parquet,TRUE,0,14.33736276626587,NA,
FAIR-NRAR/2021-01-03-FAIR-NRAR.parquet,TRUE,0,368.23102927207947,NA,
FAIR-NRAR/2021-09-21-FAIR-NRAR.parquet,TRUE,0,354.6562833786011,NA,
Geneva-DetGrowth/2020-09-20-Geneva-DetGrowth.parquet,TRUE,0,3.502960205078125,NA,
GT-DeepCOVID/2021-05-10-GT-DeepCOVID.parquet,TRUE,0,39.87764573097229,NA,
IBF-TimeSeries/2020-10-26-IBF-TimeSeries.parquet,TRUE,0,2.7227635383605957,NA,
Imperial-ensemble1/2020-05-10-Imperial-ensemble1.parquet,TRUE,0,2.324007272720337,NA,
JHU_CSSE-DECOM/2021-10-10-JHU_CSSE-DECOM.parquet,TRUE,0,15.233083963394163,NA,
JHU_UNC_GAS-StatMechPool/2021-02-14-JHU_UNC_GAS-StatMechPool.parquet,TRUE,0,177.49673128128052,NA,
JHUAPL-Gecko/2022-04-25-JHUAPL-Gecko.parquet,TRUE,0,52.427165031433105,NA,
Karlen-pypm/2022-02-06-Karlen-pypm.parquet,TRUE,0,51.92311906814575,NA,
LANL-GrowthRate/2020-11-12-LANL-GrowthRate.parquet,TRUE,0,604.9666924476624,NA,
Microsoft-DeepSTIA/2021-05-17-Microsoft-DeepSTIA.parquet,TRUE,0,90.86293816566469,NA,
MIT_ISOLAT-Mixtures/2021-09-13-MIT_ISOLAT-Mixtures.parquet,TRUE,0,11.84085202217102,NA,
MOBS-GLEAM_COVID/2020-07-27-MOBS-GLEAM_COVID.parquet,TRUE,0,8.876266956329346,NA,
MUNI-ARIMA/2021-06-28-MUNI-ARIMA.parquet,TRUE,0,12.331932067871094,NA,
OHT_JHU-nbxd/2024-03-18-OHT_JHU-nbxd.parquet,TRUE,0,17.117886781692505,NA,
PSI-DICE/2022-05-09-PSI-DICE.parquet,TRUE,0,43.95683836936951,NA,
PSI-DRAFT/2022-04-04-PSI-DRAFT.parquet,TRUE,0,7.885395050048828,NA,
RobertWalraven-ESG/2021-02-22-RobertWalraven-ESG.parquet,TRUE,0,15.988780975341797,NA,
SGroup-RandomForest/2023-05-07-SGroup-RandomForest.parquet,TRUE,0,22.71732068061829,NA,
STH-3PU/2020-07-17-STH-3PU.parquet,TRUE,0,2.2407660484313965,NA,
UA-EpiCovDA/2021-02-14-UA-EpiCovDA.parquet,TRUE,0,8.7902512550354,NA,
UCLA-SuEIR/2020-06-07-UCLA-SuEIR.parquet,TRUE,0,10.897270917892456,NA,
UCSD_NEU-DeepGLEAM/2022-08-29-UCSD_NEU-DeepGLEAM.parquet,TRUE,0,8.641835451126099,NA,
UMass-sarix/2022-06-20-UMass-sarix.parquet,TRUE,0,35.74252676963806,NA,
UMass-trends_ensemble/2024-02-19-UMass-trends_ensemble.parquet,TRUE,0,23.023662328720093,NA,
USC-SI_kJalpha/2021-04-25-USC-SI_kJalpha.parquet,TRUE,0,178.35846376419067,NA,
UT-Osiris/2022-12-25-UT-Osiris.parquet,TRUE,0,34.41043043136597,NA,
UVA-Ensemble/2023-04-03-UVA-Ensemble.parquet,TRUE,0,26.35350251197815,NA,
YYG-ParamSearch/2020-09-10-YYG-ParamSearch.parquet,TRUE,0,13.063822269439695,NA,
BPagano-RtDriven/2022-05-15-BPagano-RtDriven.parquet,TRUE,0,82.8689649105072,NA,
CEPH-Rtrend_covid/2023-09-18-CEPH-Rtrend_covid.parquet,TRUE,0,22.81757664680481,NA,
CMU-TimeSeries/2023-12-25-CMU-TimeSeries.parquet,TRUE,0,31.97728586196899,NA,
CovidAnalytics-DELPHI/2021-08-30-CovidAnalytics-DELPHI.parquet,TRUE,0,28.347647666931152,NA,
COVIDhub_CDC-ensemble/2023-04-24-COVIDhub_CDC-ensemble.parquet,TRUE,0,33.18037557601929,NA,
COVIDhub-4_week_ensemble/2023-02-20-COVIDhub-4_week_ensemble.parquet,TRUE,0,70.56937503814697,NA,
COVIDhub-baseline/2022-11-28-COVIDhub-baseline.parquet,TRUE,0,1107.281949520111,NA,
COVIDhub-ensemble/2022-09-12-COVIDhub-ensemble.parquet,TRUE,0,167.75515127182007,NA,
COVIDhub-trained_ensemble/2023-06-12-COVIDhub-trained_ensemble.parquet,TRUE,0,32.989691734313965,NA,
CU-nochange/2022-11-27-CU-nochange.parquet,TRUE,0,774.4463624954224,NA,
CU-scenario_low/2021-07-11-CU-scenario_low.parquet,TRUE,0,687.4457914829254,NA,
CU-scenario_mid/2022-01-23-CU-scenario_mid.parquet,TRUE,0,757.1261785030365,NA,
CU-select/2022-07-31-CU-select.parquet,TRUE,0,710.005781173706,NA,
DDS-NBDS/2020-09-21-DDS-NBDS.parquet,TRUE,0,18.03563356399536,NA,
FAIR-NRAR/2021-01-05-FAIR-NRAR.parquet,TRUE,0,435.2566833496094,NA,
FAIR-NRAR/2021-09-25-FAIR-NRAR.parquet,TRUE,0,450.4951567649842,NA,
Geneva-DetGrowth/2020-09-27-Geneva-DetGrowth.parquet,TRUE,0,4.241767644882202,NA,
GT-DeepCOVID/2021-05-17-GT-DeepCOVID.parquet,TRUE,0,53.66648602485657,NA,
IBF-TimeSeries/2020-11-02-IBF-TimeSeries.parquet,TRUE,0,3.320476531982422,NA,
Imperial-ensemble1/2020-05-17-Imperial-ensemble1.parquet,TRUE,0,2.893630266189575,NA,
JHU_CSSE-DECOM/2021-10-17-JHU_CSSE-DECOM.parquet,TRUE,0,20.063913822174072,NA,
JHU_UNC_GAS-StatMechPool/2021-02-21-JHU_UNC_GAS-StatMechPool.parquet,TRUE,0,225.00620889663696,NA,
JHUAPL-Gecko/2022-05-02-JHUAPL-Gecko.parquet,TRUE,0,68.2594165802002,NA,
Karlen-pypm/2022-02-13-Karlen-pypm.parquet,TRUE,0,65.50602173805237,NA,
LANL-GrowthRate/2020-11-16-LANL-GrowthRate.parquet,TRUE,0,758.5964035987854,NA,
Microsoft-DeepSTIA/2021-05-24-Microsoft-DeepSTIA.parquet,TRUE,0,114.76895308494568,NA,
MIT_ISOLAT-Mixtures/2021-09-20-MIT_ISOLAT-Mixtures.parquet,TRUE,0,14.798359394073486,NA,
MOBS-GLEAM_COVID/2020-08-03-MOBS-GLEAM_COVID.parquet,TRUE,0,11.015308856964111,NA,
MUNI-ARIMA/2021-07-05-MUNI-ARIMA.parquet,TRUE,0,15.670418977737429,NA,
OHT_JHU-nbxd/2024-03-25-OHT_JHU-nbxd.parquet,TRUE,0,21.41843056678772,NA,
PSI-DICE/2022-05-16-PSI-DICE.parquet,TRUE,0,54.028045892715454,NA,
PSI-DRAFT/2022-04-11-PSI-DRAFT.parquet,TRUE,0,11.404877424240112,NA,
RobertWalraven-ESG/2021-03-01-RobertWalraven-ESG.parquet,TRUE,0,20.373727321624756,NA,
SGroup-RandomForest/2023-05-15-SGroup-RandomForest.parquet,TRUE,0,28.951038122177124,NA,
STH-3PU/2020-07-19-STH-3PU.parquet,TRUE,0,2.9561703205108643,NA,
UA-EpiCovDA/2021-02-21-UA-EpiCovDA.parquet,TRUE,0,10.921558856964111,NA,
UCLA-SuEIR/2020-06-14-UCLA-SuEIR.parquet,TRUE,0,21.730780124664307,NA,
UCSD_NEU-DeepGLEAM/2022-09-05-UCSD_NEU-DeepGLEAM.parquet,TRUE,0,11.097694873809814,NA,
UMass-sarix/2022-06-27-UMass-sarix.parquet,TRUE,0,42.52363181114197,NA,
UMass-trends_ensemble/2024-02-26-UMass-trends_ensemble.parquet,TRUE,0,28.291978359222412,NA,
USC-SI_kJalpha/2021-05-02-USC-SI_kJalpha.parquet,TRUE,0,401.979859828949,NA,
UT-Osiris/2023-01-02-UT-Osiris.parquet,TRUE,0,43.36263179779053,NA,
UVA-Ensemble/2023-04-10-UVA-Ensemble.parquet,TRUE,0,33.4399573802948,NA,
YYG-ParamSearch/2020-09-11-YYG-ParamSearch.parquet,TRUE,0,16.624836206436157,NA,
BPagano-RtDriven/2022-05-22-BPagano-RtDriven.parquet,TRUE,0,58.03054237365723,NA,
CEPH-Rtrend_covid/2023-09-25-CEPH-Rtrend_covid.parquet,TRUE,0,16.383150339126587,NA,
CMU-TimeSeries/2024-01-01-CMU-TimeSeries.parquet,TRUE,0,20.997305154800415,NA,
CovidAnalytics-DELPHI/2021-09-06-CovidAnalytics-DELPHI.parquet,TRUE,0,21.123372554779053,NA,
COVIDhub_CDC-ensemble/2023-05-01-COVIDhub_CDC-ensemble.parquet,TRUE,0,23.059505462646484,NA,
COVIDhub-4_week_ensemble/2023-02-27-COVIDhub-4_week_ensemble.parquet,TRUE,0,50.3169960975647,NA,
COVIDhub-baseline/2022-12-05-COVIDhub-baseline.parquet,TRUE,0,839.9072301387787,NA,
COVIDhub-ensemble/2022-09-19-COVIDhub-ensemble.parquet,TRUE,0,124.56836462020874,NA,
COVIDhub-trained_ensemble/2023-06-26-COVIDhub-trained_ensemble.parquet,TRUE,0,23.65561270713806,NA,
CU-nochange/2022-12-04-CU-nochange.parquet,TRUE,0,630.810341835022,NA,
CU-scenario_low/2021-07-18-CU-scenario_low.parquet,TRUE,0,594.0093576908112,NA,
CU-scenario_mid/2022-01-30-CU-scenario_mid.parquet,TRUE,0,638.3575439453125,NA,
CU-select/2022-08-07-CU-select.parquet,TRUE,0,602.4807014465332,NA,
DDS-NBDS/2020-09-27-DDS-NBDS.parquet,TRUE,0,14.71399974822998,NA,
FAIR-NRAR/2021-01-06-FAIR-NRAR.parquet,TRUE,0,369.3248450756073,NA,
FAIR-NRAR/2021-09-26-FAIR-NRAR.parquet,TRUE,0,385.1426877975464,NA,
Geneva-DetGrowth/2020-10-04-Geneva-DetGrowth.parquet,TRUE,0,3.4354708194732666,NA,
GT-DeepCOVID/2021-05-24-GT-DeepCOVID.parquet,TRUE,0,45.75958442687988,NA,
IBF-TimeSeries/2020-11-09-IBF-TimeSeries.parquet,TRUE,0,2.5359556674957275,NA,
Imperial-ensemble1/2020-05-24-Imperial-ensemble1.parquet,TRUE,0,2.2960591316223145,NA,
JHU_CSSE-DECOM/2021-10-24-JHU_CSSE-DECOM.parquet,TRUE,0,15.989267826080322,NA,
JHU_UNC_GAS-StatMechPool/2021-02-28-JHU_UNC_GAS-StatMechPool.parquet,TRUE,0,183.25089645385745,NA,
JHUAPL-Gecko/2022-05-09-JHUAPL-Gecko.parquet,TRUE,0,53.66949701309204,NA,
Karlen-pypm/2022-02-20-Karlen-pypm.parquet,TRUE,0,53.18682408332825,NA,
LANL-GrowthRate/2020-11-19-LANL-GrowthRate.parquet,TRUE,0,476.0271987915039,NA,
Microsoft-DeepSTIA/2021-05-31-Microsoft-DeepSTIA.parquet,TRUE,0,93.4828736782074,NA,
MIT_ISOLAT-Mixtures/2021-09-27-MIT_ISOLAT-Mixtures.parquet,TRUE,0,11.45213270187378,NA,
MOBS-GLEAM_COVID/2020-08-10-MOBS-GLEAM_COVID.parquet,TRUE,0,8.670170783996582,NA,
MUNI-ARIMA/2021-07-12-MUNI-ARIMA.parquet,TRUE,0,12.94268536567688,NA,
OHT_JHU-nbxd/2024-04-01-OHT_JHU-nbxd.parquet,TRUE,0,17.43538212776184,NA,
PSI-DICE/2022-05-23-PSI-DICE.parquet,TRUE,0,44.43342161178589,NA,
PSI-DRAFT/2022-04-18-PSI-DRAFT.parquet,TRUE,0,7.873788833618164,NA,
RobertWalraven-ESG/2021-03-08-RobertWalraven-ESG.parquet,TRUE,0,16.058222770690918,NA,
SGroup-RandomForest/2023-05-21-SGroup-RandomForest.parquet,TRUE,0,23.044888019561768,NA,
STH-3PU/2020-07-21-STH-3PU.parquet,TRUE,0,2.3933892250061035,NA,
UA-EpiCovDA/2021-02-28-UA-EpiCovDA.parquet,TRUE,0,8.91041374206543,NA,
UCLA-SuEIR/2020-06-21-UCLA-SuEIR.parquet,TRUE,0,15.95863914489746,NA,
UCSD_NEU-DeepGLEAM/2022-09-12-UCSD_NEU-DeepGLEAM.parquet,TRUE,0,8.955005884170532,NA,
UMass-sarix/2022-07-04-UMass-sarix.parquet,TRUE,0,36.39779281616211,NA,
UMass-trends_ensemble/2024-03-04-UMass-trends_ensemble.parquet,TRUE,0,23.03715443611145,NA,
USC-SI_kJalpha/2021-05-09-USC-SI_kJalpha.parquet,TRUE,0,326.7508487701416,NA,
UT-Osiris/2023-01-09-UT-Osiris.parquet,TRUE,0,35.45501661300659,NA,
UVA-Ensemble/2023-04-24-UVA-Ensemble.parquet,TRUE,0,26.536275148391724,NA,
YYG-ParamSearch/2020-09-12-YYG-ParamSearch.parquet,TRUE,0,13.08547329902649,NA,
BPagano-RtDriven/2022-05-29-BPagano-RtDriven.parquet,TRUE,0,64.22296023368835,NA,
CEPH-Rtrend_covid/2023-10-02-CEPH-Rtrend_covid.parquet,TRUE,0,17.4580979347229,NA,
CMU-TimeSeries/2024-01-08-CMU-TimeSeries.parquet,TRUE,0,19.600388765335083,NA,
CovidAnalytics-DELPHI/2021-09-13-CovidAnalytics-DELPHI.parquet,TRUE,0,22.361702919006348,NA,
COVIDhub_CDC-ensemble/2023-05-08-COVIDhub_CDC-ensemble.parquet,TRUE,0,24.87800359725952,NA,
COVIDhub-4_week_ensemble/2023-03-06-COVIDhub-4_week_ensemble.parquet,TRUE,0,24.769209623336792,NA,
COVIDhub-baseline/2022-12-12-COVIDhub-baseline.parquet,TRUE,0,890.3514566421509,NA,
COVIDhub-ensemble/2022-09-26-COVIDhub-ensemble.parquet,TRUE,0,129.6956171989441,NA,
COVIDhub-trained_ensemble/2023-07-03-COVIDhub-trained_ensemble.parquet,TRUE,0,24.803876876831055,NA,
CU-nochange/2022-12-11-CU-nochange.parquet,TRUE,0,672.0209844112396,NA,
CU-scenario_low/2021-07-25-CU-scenario_low.parquet,TRUE,0,649.3157966136932,NA,
CU-scenario_mid/2022-02-06-CU-scenario_mid.parquet,TRUE,0,683.3420729637146,NA,
CU-select/2022-08-14-CU-select.parquet,TRUE,0,665.0992832183838,NA,
DDS-NBDS/2020-09-28-DDS-NBDS.parquet,TRUE,0,15.702466249465942,NA,
FAIR-NRAR/2021-01-09-FAIR-NRAR.parquet,TRUE,0,428.2664198875427,NA,
FAIR-NRAR/2021-09-28-FAIR-NRAR.parquet,TRUE,0,387.9430623054504,NA,
Geneva-DetGrowth/2020-10-11-Geneva-DetGrowth.parquet,TRUE,0,3.632488965988159,NA,
GT-DeepCOVID/2021-05-31-GT-DeepCOVID.parquet,TRUE,0,48.11681151390076,NA,
IBF-TimeSeries/2020-11-16-IBF-TimeSeries.parquet,TRUE,0,2.642706871032715,NA,
Imperial-ensemble1/2020-05-31-Imperial-ensemble1.parquet,TRUE,0,2.426121711730957,NA,
JHU_CSSE-DECOM/2021-10-31-JHU_CSSE-DECOM.parquet,TRUE,0,16.19873285293579,NA,
JHU_UNC_GAS-StatMechPool/2021-03-07-JHU_UNC_GAS-StatMechPool.parquet,TRUE,0,186.32742047309875,NA,
JHUAPL-Gecko/2022-05-16-JHUAPL-Gecko.parquet,TRUE,0,54.83774709701538,NA,
Karlen-pypm/2022-02-27-Karlen-pypm.parquet,TRUE,0,56.26709771156311,NA,
LANL-GrowthRate/2020-11-23-LANL-GrowthRate.parquet,TRUE,0,658.4206488132477,NA,
Microsoft-DeepSTIA/2021-06-07-Microsoft-DeepSTIA.parquet,TRUE,0,95.43614888191225,NA,
MIT_ISOLAT-Mixtures/2021-10-04-MIT_ISOLAT-Mixtures.parquet,TRUE,0,12.225758075714111,NA,
MOBS-GLEAM_COVID/2020-08-17-MOBS-GLEAM_COVID.parquet,TRUE,0,9.065706729888916,NA,
MUNI-ARIMA/2021-07-19-MUNI-ARIMA.parquet,TRUE,0,13.89261555671692,NA,
OHT_JHU-nbxd/2024-04-08-OHT_JHU-nbxd.parquet,TRUE,0,18.352570295333862,NA,
PSI-DICE/2022-05-30-PSI-DICE.parquet,TRUE,0,47.17948341369629,NA,
PSI-DRAFT/2022-04-25-PSI-DRAFT.parquet,TRUE,0,8.976202726364136,NA,
RobertWalraven-ESG/2021-03-15-RobertWalraven-ESG.parquet,TRUE,0,16.613972902297974,NA,
SGroup-RandomForest/2023-05-28-SGroup-RandomForest.parquet,TRUE,0,23.921192169189453,NA,
STH-3PU/2020-07-22-STH-3PU.parquet,TRUE,0,2.4539906978607178,NA,
UA-EpiCovDA/2021-03-07-UA-EpiCovDA.parquet,TRUE,0,9.22185230255127,NA,
UCLA-SuEIR/2020-06-28-UCLA-SuEIR.parquet,TRUE,0,21.598251581192017,NA,
UCSD_NEU-DeepGLEAM/2022-09-19-UCSD_NEU-DeepGLEAM.parquet,TRUE,0,9.001572132110596,NA,
UMass-sarix/2022-07-11-UMass-sarix.parquet,TRUE,0,37.37681579589844,NA,
UMass-trends_ensemble/2024-03-11-UMass-trends_ensemble.parquet,TRUE,0,24.15164685249329,NA,
USC-SI_kJalpha/2021-05-16-USC-SI_kJalpha.parquet,TRUE,0,341.1788852214813,NA,
UT-Osiris/2023-01-16-UT-Osiris.parquet,TRUE,0,37.612197160720825,NA,
UVA-Ensemble/2023-05-08-UVA-Ensemble.parquet,TRUE,0,27.250773906707764,NA,
YYG-ParamSearch/2020-09-13-YYG-ParamSearch.parquet,TRUE,0,13.671035766601562,NA,
BPagano-RtDriven/2022-06-05-BPagano-RtDriven.parquet,TRUE,0,55.02647852897644,NA,
CEPH-Rtrend_covid/2023-10-09-CEPH-Rtrend_covid.parquet,TRUE,0,15.561697483062744,NA,
CMU-TimeSeries/2024-01-15-CMU-TimeSeries.parquet,TRUE,0,17.056082248687744,NA,
CovidAnalytics-DELPHI/2021-09-20-CovidAnalytics-DELPHI.parquet,TRUE,0,20.76159286499023,NA,
COVIDhub_CDC-ensemble/2023-05-15-COVIDhub_CDC-ensemble.parquet,TRUE,0,22.342320442199707,NA,
COVIDhub-4_week_ensemble/2023-03-13-COVIDhub-4_week_ensemble.parquet,TRUE,0,22.776424646377563,NA,
COVIDhub-baseline/2022-12-19-COVIDhub-baseline.parquet,TRUE,0,758.9551520347595,NA,
COVIDhub-ensemble/2022-10-03-COVIDhub-ensemble.parquet,TRUE,0,114.07781505584715,NA,
COVIDhub-trained_ensemble/2023-07-10-COVIDhub-trained_ensemble.parquet,TRUE,0,22.587947368621823,NA,
CU-nochange/2022-12-18-CU-nochange.parquet,TRUE,0,583.5894074440002,NA,
CU-scenario_low/2021-08-01-CU-scenario_low.parquet,TRUE,0,565.9235203266144,NA,
CU-scenario_mid/2022-02-13-CU-scenario_mid.parquet,TRUE,0,557.2028956413269,NA,
CU-select/2022-08-21-CU-select.parquet,TRUE,0,550.7412004470825,NA,
DDS-NBDS/2020-10-04-DDS-NBDS.parquet,TRUE,0,13.782773733139038,NA,
FAIR-NRAR/2021-01-11-FAIR-NRAR.parquet,TRUE,0,347.75489115715027,NA,
FAIR-NRAR/2021-09-30-FAIR-NRAR.parquet,TRUE,0,350.48763823509216,NA,
Geneva-DetGrowth/2020-10-18-Geneva-DetGrowth.parquet,TRUE,0,3.3585081100463867,NA,
GT-DeepCOVID/2021-06-07-GT-DeepCOVID.parquet,TRUE,0,43.882126569747925,NA,
IBF-TimeSeries/2020-11-23-IBF-TimeSeries.parquet,TRUE,0,2.585547924041748,NA,
Imperial-ensemble1/2020-06-07-Imperial-ensemble1.parquet,TRUE,0,2.2247774600982666,NA,
JHU_CSSE-DECOM/2021-11-07-JHU_CSSE-DECOM.parquet,TRUE,0,14.837573289871216,NA,
JHU_UNC_GAS-StatMechPool/2021-03-21-JHU_UNC_GAS-StatMechPool.parquet,TRUE,0,167.5057725906372,NA,
JHUAPL-Gecko/2022-05-23-JHUAPL-Gecko.parquet,TRUE,0,49.53337621688843,NA,
Karlen-pypm/2022-03-06-Karlen-pypm.parquet,TRUE,0,49.34770822525024,NA,
LANL-GrowthRate/2020-11-26-LANL-GrowthRate.parquet,TRUE,0,363.2507874965668,NA,
Microsoft-DeepSTIA/2021-06-14-Microsoft-DeepSTIA.parquet,TRUE,0,89.46691751480103,NA,
MIT_ISOLAT-Mixtures/2021-10-11-MIT_ISOLAT-Mixtures.parquet,TRUE,0,11.41141152381897,NA,
MOBS-GLEAM_COVID/2020-08-24-MOBS-GLEAM_COVID.parquet,TRUE,0,8.595658302307129,NA,
MUNI-ARIMA/2021-07-26-MUNI-ARIMA.parquet,TRUE,0,12.344764709472656,NA,
OHT_JHU-nbxd/2024-04-15-OHT_JHU-nbxd.parquet,TRUE,0,16.289878845214844,NA,
PSI-DICE/2022-06-06-PSI-DICE.parquet,TRUE,0,40.42802357673645,NA,
PSI-DRAFT/2022-05-02-PSI-DRAFT.parquet,TRUE,0,8.054593801498413,NA,
RobertWalraven-ESG/2021-03-22-RobertWalraven-ESG.parquet,TRUE,0,15.45896315574646,NA,
SGroup-RandomForest/2023-06-04-SGroup-RandomForest.parquet,TRUE,0,22.1983642578125,NA,
STH-3PU/2020-07-23-STH-3PU.parquet,TRUE,0,2.4347481727600098,NA,
UA-EpiCovDA/2021-03-14-UA-EpiCovDA.parquet,TRUE,0,8.785035848617554,NA,
UCLA-SuEIR/2020-07-05-UCLA-SuEIR.parquet,TRUE,0,20.312942266464233,NA,
UCSD_NEU-DeepGLEAM/2022-09-26-UCSD_NEU-DeepGLEAM.parquet,TRUE,0,8.762266159057617,NA,
UMass-sarix/2022-07-18-UMass-sarix.parquet,TRUE,0,32.228440284729004,NA,
UMass-trends_ensemble/2024-03-18-UMass-trends_ensemble.parquet,TRUE,0,22.20485043525696,NA,
USC-SI_kJalpha/2021-05-23-USC-SI_kJalpha.parquet,TRUE,0,305.64724135398865,NA,
UT-Osiris/2023-01-23-UT-Osiris.parquet,TRUE,0,34.13690233230591,NA,
UVA-Ensemble/2023-05-15-UVA-Ensemble.parquet,TRUE,0,25.391387939453125,NA,
YYG-ParamSearch/2020-09-14-YYG-ParamSearch.parquet,TRUE,0,12.923032522201538,NA,
